Time,UNIT#MN INVERTER#2(2854)/Total DC power(kW),UNIT#MN INVERTER#2(2854)/Total active power(kW),UNIT#CD INVERTER#2(2824)/Total DC power(kW),UNIT#CD INVERTER#2(2824)/Total active power(kW),UNIT#O INVERTER#1(2861)/Total DC power(kW),UNIT#O INVERTER#1(2861)/Total active power(kW),UNIT#EF INVERTER#3(2868)/Total DC power(kW),UNIT#EF INVERTER#3(2868)/Total active power(kW),UNIT#EF INVERTER#2(2867)/Total DC power(kW),UNIT#EF INVERTER#2(2867)/Total active power(kW),UNIT#KL INVERTER#3(2848)/Total DC power(kW),UNIT#KL INVERTER#3(2848)/Total active power(kW),UNIT#KL INVERTER#2(2847)/Total DC power(kW),UNIT#KL INVERTER#2(2847)/Total active power(kW),UNIT#CD INVERTER#3(2825)/Total DC power(kW),UNIT#CD INVERTER#3(2825)/Total active power(kW),UNIT#GH INVERTER#2(2817)/Total DC power(kW),UNIT#GH INVERTER#2(2817)/Total active power(kW),UNIT#KL INVERTER#1(2846)/Total DC power(kW),UNIT#KL INVERTER#1(2846)/Total active power(kW),UNIT#KL INVERTER#4(2849)/Total DC power(kW),UNIT#KL INVERTER#4(2849)/Total active power(kW),UNIT#AB INVERTER#3(2833)/Total DC power(kW),UNIT#AB INVERTER#3(2833)/Total active power(kW),UNIT#GH INVERTER#4(2819)/Total DC power(kW),UNIT#GH INVERTER#4(2819)/Total active power(kW),UNIT#MN INVERTER#1(2853)/Total DC power(kW),UNIT#MN INVERTER#1(2853)/Total active power(kW),UNIT#AB INVERTER#4(2834)/Total DC power(kW),UNIT#AB INVERTER#4(2834)/Total active power(kW),UNIT#GH INVERTER#3(2818)/Total DC power(kW),UNIT#GH INVERTER#3(2818)/Total active power(kW),UNIT#CD INVERTER#1(2823)/Total DC power(kW),UNIT#CD INVERTER#1(2823)/Total active power(kW),UNIT#IJ INVERTER#1(2838)/Total DC power(kW),UNIT#IJ INVERTER#1(2838)/Total active power(kW),UNIT#AB INVERTER#1(2831)/Total DC power(kW),UNIT#AB INVERTER#1(2831)/Total active power(kW),UNIT#MN INVERTER#4(2856)/Total DC power(kW),UNIT#MN INVERTER#4(2856)/Total active power(kW),UNIT#IJ INVERTER#3(2840)/Total DC power(kW),UNIT#IJ INVERTER#3(2840)/Total active power(kW),UNIT#EF INVERTER#1(2866)/Total DC power(kW),UNIT#EF INVERTER#1(2866)/Total active power(kW),UNIT#O INVERTER#2(2862)/Total DC power(kW),UNIT#O INVERTER#2(2862)/Total active power(kW),UNIT#EF INVERTER#4(2869)/Total DC power(kW),UNIT#EF INVERTER#4(2869)/Total active power(kW),UNIT#IJ INVERTER#4(2841)/Total DC power(kW),UNIT#IJ INVERTER#4(2841)/Total active power(kW),UNIT#CD INVERTER#4(2826)/Total DC power(kW),UNIT#CD INVERTER#4(2826)/Total active power(kW),UNIT#MN INVERTER#3(2855)/Total DC power(kW),UNIT#MN INVERTER#3(2855)/Total active power(kW),UNIT#IJ INVERTER#2(2839)/Total DC power(kW),UNIT#IJ INVERTER#2(2839)/Total active power(kW),UNIT#GH INVERTER#1(2816)/Total DC power(kW),UNIT#GH INVERTER#1(2816)/Total active power(kW)
25/1/2026 0:00,--,--,--,--,--,--,--,--,--,--,--,--,--,--,--,--,--,--,--,--,--,--,--,--,--,--,--,--,--,--,--,--,--,--,--,--,--,--,--,--,--,--,--,--,--,--,--,--,--,--,--,--,--,--,--,--,--,--
25/1/2026 0:05,--,--,--,--,--,--,--,--,--,--,--,--,--,--,--,--,--,--,--,--,--,--,--,--,--,--,--,--,--,--,--,--,--,--,--,--,--,--,--,--,--,--,--,--,--,--,--,--,--,--,--,--,--,--,--,--,--,--
25/1/2026 0:10,--,--,--,--,--,--,--,--,--,--,--,--,--,--,--,--,--,--,--,--,--,--,--,--,--,--,--,--,--,--,--,--,--,--,--,--,--,--,--,--,--,--,--,--,--,--,--,--,--,--,--,--,--,--,--,--,--,--
25/1/2026 0:15,--,--,--,--,--,--,--,--,--,--,--,--,--,--,--,--,--,--,--,--,--,--,--,--,--,--,--,--,--,--,--,--,--,--,--,--,--,--,--,--,--,--,--,--,--,--,--,--,--,--,--,--,--,--,--,--,--,--
25/1/2026 0:20,--,--,--,--,--,--,--,--,--,--,--,--,--,--,--,--,--,--,--,--,--,--,--,--,--,--,--,--,--,--,--,--,--,--,--,--,--,--,--,--,--,--,--,--,--,--,--,--,--,--,--,--,--,--,--,--,--,--
25/1/2026 0:25,--,--,--,--,--,--,--,--,--,--,--,--,--,--,--,--,--,--,--,--,--,--,--,--,--,--,--,--,--,--,--,--,--,--,--,--,--,--,--,--,--,--,--,--,--,--,--,--,--,--,--,--,--,--,--,--,--,--
25/1/2026 0:30,--,--,--,--,--,--,--,--,--,--,--,--,--,--,--,--,--,--,--,--,--,--,--,--,--,--,--,--,--,--,--,--,--,--,--,--,--,--,--,--,--,--,--,--,--,--,--,--,--,--,--,--,--,--,--,--,--,--
25/1/2026 0:35,--,--,--,--,--,--,--,--,--,--,--,--,--,--,--,--,--,--,--,--,--,--,--,--,--,--,--,--,--,--,--,--,--,--,--,--,--,--,--,--,--,--,--,--,--,--,--,--,--,--,--,--,--,--,--,--,--,--
25/1/2026 0:40,--,--,--,--,--,--,--,--,--,--,--,--,--,--,--,--,--,--,--,--,--,--,--,--,--,--,--,--,--,--,--,--,--,--,--,--,--,--,--,--,--,--,--,--,--,--,--,--,--,--,--,--,--,--,--,--,--,--
25/1/2026 0:45,--,--,--,--,--,--,--,--,--,--,--,--,--,--,--,--,--,--,--,--,--,--,--,--,--,--,--,--,--,--,--,--,--,--,--,--,--,--,--,--,--,--,--,--,--,--,--,--,--,--,--,--,--,--,--,--,--,--
25/1/2026 0:50,--,--,--,--,--,--,--,--,--,--,--,--,--,--,--,--,--,--,--,--,--,--,--,--,--,--,--,--,--,--,--,--,--,--,--,--,--,--,--,--,--,--,--,--,--,--,--,--,--,--,--,--,--,--,--,--,--,--
25/1/2026 0:55,--,--,--,--,--,--,--,--,--,--,--,--,--,--,--,--,--,--,--,--,--,--,--,--,--,--,--,--,--,--,--,--,--,--,--,--,--,--,--,--,--,--,--,--,--,--,--,--,--,--,--,--,--,--,--,--,--,--
25/1/2026 1:00,--,--,--,--,--,--,--,--,--,--,--,--,--,--,--,--,--,--,--,--,--,--,--,--,--,--,--,--,--,--,--,--,--,--,--,--,--,--,--,--,--,--,--,--,--,--,--,--,--,--,--,--,--,--,--,--,--,--
25/1/2026 1:05,--,--,--,--,--,--,--,--,--,--,--,--,--,--,--,--,--,--,--,--,--,--,--,--,--,--,--,--,--,--,--,--,--,--,--,--,--,--,--,--,--,--,--,--,--,--,--,--,--,--,--,--,--,--,--,--,--,--
25/1/2026 1:10,--,--,--,--,--,--,--,--,--,--,--,--,--,--,--,--,--,--,--,--,--,--,--,--,--,--,--,--,--,--,--,--,--,--,--,--,--,--,--,--,--,--,--,--,--,--,--,--,--,--,--,--,--,--,--,--,--,--
25/1/2026 1:15,--,--,--,--,--,--,--,--,--,--,--,--,--,--,--,--,--,--,--,--,--,--,--,--,--,--,--,--,--,--,--,--,--,--,--,--,--,--,--,--,--,--,--,--,--,--,--,--,--,--,--,--,--,--,--,--,--,--
25/1/2026 1:20,--,--,--,--,--,--,--,--,--,--,--,--,--,--,--,--,--,--,--,--,--,--,--,--,--,--,--,--,--,--,--,--,--,--,--,--,--,--,--,--,--,--,--,--,--,--,--,--,--,--,--,--,--,--,--,--,--,--
25/1/2026 1:25,--,--,--,--,--,--,--,--,--,--,--,--,--,--,--,--,--,--,--,--,--,--,--,--,--,--,--,--,--,--,--,--,--,--,--,--,--,--,--,--,--,--,--,--,--,--,--,--,--,--,--,--,--,--,--,--,--,--
25/1/2026 1:30,--,--,--,--,--,--,--,--,--,--,--,--,--,--,--,--,--,--,--,--,--,--,--,--,--,--,--,--,--,--,--,--,--,--,--,--,--,--,--,--,--,--,--,--,--,--,--,--,--,--,--,--,--,--,--,--,--,--
25/1/2026 1:35,--,--,--,--,--,--,--,--,--,--,--,--,--,--,--,--,--,--,--,--,--,--,--,--,--,--,--,--,--,--,--,--,--,--,--,--,--,--,--,--,--,--,--,--,--,--,--,--,--,--,--,--,--,--,--,--,--,--
25/1/2026 1:40,--,--,--,--,--,--,--,--,--,--,--,--,--,--,--,--,--,--,--,--,--,--,--,--,--,--,--,--,--,--,--,--,--,--,--,--,--,--,--,--,--,--,--,--,--,--,--,--,--,--,--,--,--,--,--,--,--,--
25/1/2026 1:45,--,--,--,--,--,--,--,--,--,--,--,--,--,--,--,--,--,--,--,--,--,--,--,--,--,--,--,--,--,--,--,--,--,--,--,--,--,--,--,--,--,--,--,--,--,--,--,--,--,--,--,--,--,--,--,--,--,--
25/1/2026 1:50,--,--,--,--,--,--,--,--,--,--,--,--,--,--,--,--,--,--,--,--,--,--,--,--,--,--,--,--,--,--,--,--,--,--,--,--,--,--,--,--,--,--,--,--,--,--,--,--,--,--,--,--,--,--,--,--,--,--
25/1/2026 1:55,--,--,--,--,--,--,--,--,--,--,--,--,--,--,--,--,--,--,--,--,--,--,--,--,--,--,--,--,--,--,--,--,--,--,--,--,--,--,--,--,--,--,--,--,--,--,--,--,--,--,--,--,--,--,--,--,--,--
25/1/2026 2:00,--,--,--,--,--,--,--,--,--,--,--,--,--,--,--,--,--,--,--,--,--,--,--,--,--,--,--,--,--,--,--,--,--,--,--,--,--,--,--,--,--,--,--,--,--,--,--,--,--,--,--,--,--,--,--,--,--,--
25/1/2026 2:05,--,--,--,--,--,--,--,--,--,--,--,--,--,--,--,--,--,--,--,--,--,--,--,--,--,--,--,--,--,--,--,--,--,--,--,--,--,--,--,--,--,--,--,--,--,--,--,--,--,--,--,--,--,--,--,--,--,--
25/1/2026 2:10,--,--,--,--,--,--,--,--,--,--,--,--,--,--,--,--,--,--,--,--,--,--,--,--,--,--,--,--,--,--,--,--,--,--,--,--,--,--,--,--,--,--,--,--,--,--,--,--,--,--,--,--,--,--,--,--,--,--
25/1/2026 2:15,--,--,--,--,--,--,--,--,--,--,--,--,--,--,--,--,--,--,--,--,--,--,--,--,--,--,--,--,--,--,--,--,--,--,--,--,--,--,--,--,--,--,--,--,--,--,--,--,--,--,--,--,--,--,--,--,--,--
25/1/2026 2:20,--,--,--,--,--,--,--,--,--,--,--,--,--,--,--,--,--,--,--,--,--,--,--,--,--,--,--,--,--,--,--,--,--,--,--,--,--,--,--,--,--,--,--,--,--,--,--,--,--,--,--,--,--,--,--,--,--,--
25/1/2026 2:25,--,--,--,--,--,--,--,--,--,--,--,--,--,--,--,--,--,--,--,--,--,--,--,--,--,--,--,--,--,--,--,--,--,--,--,--,--,--,--,--,--,--,--,--,--,--,--,--,--,--,--,--,--,--,--,--,--,--
25/1/2026 2:30,--,--,--,--,--,--,--,--,--,--,--,--,--,--,--,--,--,--,--,--,--,--,--,--,--,--,--,--,--,--,--,--,--,--,--,--,--,--,--,--,--,--,--,--,--,--,--,--,--,--,--,--,--,--,--,--,--,--
25/1/2026 2:35,--,--,--,--,--,--,--,--,--,--,--,--,--,--,--,--,--,--,--,--,--,--,--,--,--,--,--,--,--,--,--,--,--,--,--,--,--,--,--,--,--,--,--,--,--,--,--,--,--,--,--,--,--,--,--,--,--,--
25/1/2026 2:40,--,--,--,--,--,--,--,--,--,--,--,--,--,--,--,--,--,--,--,--,--,--,--,--,--,--,--,--,--,--,--,--,--,--,--,--,--,--,--,--,--,--,--,--,--,--,--,--,--,--,--,--,--,--,--,--,--,--
25/1/2026 2:45,--,--,--,--,--,--,--,--,--,--,--,--,--,--,--,--,--,--,--,--,--,--,--,--,--,--,--,--,--,--,--,--,--,--,--,--,--,--,--,--,--,--,--,--,--,--,--,--,--,--,--,--,--,--,--,--,--,--
25/1/2026 2:50,--,--,--,--,--,--,--,--,--,--,--,--,--,--,--,--,--,--,--,--,--,--,--,--,--,--,--,--,--,--,--,--,--,--,--,--,--,--,--,--,--,--,--,--,--,--,--,--,--,--,--,--,--,--,--,--,--,--
25/1/2026 2:55,--,--,--,--,--,--,--,--,--,--,--,--,--,--,--,--,--,--,--,--,--,--,--,--,--,--,--,--,--,--,--,--,--,--,--,--,--,--,--,--,--,--,--,--,--,--,--,--,--,--,--,--,--,--,--,--,--,--
25/1/2026 3:00,--,--,--,--,--,--,--,--,--,--,--,--,--,--,--,--,--,--,--,--,--,--,--,--,--,--,--,--,--,--,--,--,--,--,--,--,--,--,--,--,--,--,--,--,--,--,--,--,--,--,--,--,--,--,--,--,--,--
25/1/2026 3:05,--,--,--,--,--,--,--,--,--,--,--,--,--,--,--,--,--,--,--,--,--,--,--,--,--,--,--,--,--,--,--,--,--,--,--,--,--,--,--,--,--,--,--,--,--,--,--,--,--,--,--,--,--,--,--,--,--,--
25/1/2026 3:10,--,--,--,--,--,--,--,--,--,--,--,--,--,--,--,--,--,--,--,--,--,--,--,--,--,--,--,--,--,--,--,--,--,--,--,--,--,--,--,--,--,--,--,--,--,--,--,--,--,--,--,--,--,--,--,--,--,--
25/1/2026 3:15,--,--,--,--,--,--,--,--,--,--,--,--,--,--,--,--,--,--,--,--,--,--,--,--,--,--,--,--,--,--,--,--,--,--,--,--,--,--,--,--,--,--,--,--,--,--,--,--,--,--,--,--,--,--,--,--,--,--
25/1/2026 3:20,--,--,--,--,--,--,--,--,--,--,--,--,--,--,--,--,--,--,--,--,--,--,--,--,--,--,--,--,--,--,--,--,--,--,--,--,--,--,--,--,--,--,--,--,--,--,--,--,--,--,--,--,--,--,--,--,--,--
25/1/2026 3:25,--,--,--,--,--,--,--,--,--,--,--,--,--,--,--,--,--,--,--,--,--,--,--,--,--,--,--,--,--,--,--,--,--,--,--,--,--,--,--,--,--,--,--,--,--,--,--,--,--,--,--,--,--,--,--,--,--,--
25/1/2026 3:30,--,--,--,--,--,--,--,--,--,--,--,--,--,--,--,--,--,--,--,--,--,--,--,--,--,--,--,--,--,--,--,--,--,--,--,--,--,--,--,--,--,--,--,--,--,--,--,--,--,--,--,--,--,--,--,--,--,--
25/1/2026 3:35,--,--,--,--,--,--,--,--,--,--,--,--,--,--,--,--,--,--,--,--,--,--,--,--,--,--,--,--,--,--,--,--,--,--,--,--,--,--,--,--,--,--,--,--,--,--,--,--,--,--,--,--,--,--,--,--,--,--
25/1/2026 3:40,--,--,--,--,--,--,--,--,--,--,--,--,--,--,--,--,--,--,--,--,--,--,--,--,--,--,--,--,--,--,--,--,--,--,--,--,--,--,--,--,--,--,--,--,--,--,--,--,--,--,--,--,--,--,--,--,--,--
25/1/2026 3:45,--,--,--,--,--,--,--,--,--,--,--,--,--,--,--,--,--,--,--,--,--,--,--,--,--,--,--,--,--,--,--,--,--,--,--,--,--,--,--,--,--,--,--,--,--,--,--,--,--,--,--,--,--,--,--,--,--,--
25/1/2026 3:50,--,--,--,--,--,--,--,--,--,--,--,--,--,--,--,--,--,--,--,--,--,--,--,--,--,--,--,--,--,--,--,--,--,--,--,--,--,--,--,--,--,--,--,--,--,--,--,--,--,--,--,--,--,--,--,--,--,--
25/1/2026 3:55,--,--,--,--,--,--,--,--,--,--,--,--,--,--,--,--,--,--,--,--,--,--,--,--,--,--,--,--,--,--,--,--,--,--,--,--,--,--,--,--,--,--,--,--,--,--,--,--,--,--,--,--,--,--,--,--,--,--
25/1/2026 4:00,--,--,--,--,--,--,--,--,--,--,--,--,--,--,--,--,--,--,--,--,--,--,--,--,--,--,--,--,--,--,--,--,--,--,--,--,--,--,--,--,--,--,--,--,--,--,--,--,--,--,--,--,--,--,--,--,--,--
25/1/2026 4:05,--,--,--,--,--,--,--,--,--,--,--,--,--,--,--,--,--,--,--,--,--,--,--,--,--,--,--,--,--,--,--,--,--,--,--,--,--,--,--,--,--,--,--,--,--,--,--,--,--,--,--,--,--,--,--,--,--,--
25/1/2026 4:10,--,--,--,--,--,--,--,--,--,--,--,--,--,--,--,--,--,--,--,--,--,--,--,--,--,--,--,--,--,--,--,--,--,--,--,--,--,--,--,--,--,--,--,--,--,--,--,--,--,--,--,--,--,--,--,--,--,--
25/1/2026 4:15,--,--,--,--,--,--,--,--,--,--,--,--,--,--,--,--,--,--,--,--,--,--,--,--,--,--,--,--,--,--,--,--,--,--,--,--,--,--,--,--,--,--,--,--,--,--,--,--,--,--,--,--,--,--,--,--,--,--
25/1/2026 4:20,--,--,--,--,--,--,--,--,--,--,--,--,--,--,--,--,--,--,--,--,--,--,--,--,--,--,--,--,--,--,--,--,--,--,--,--,--,--,--,--,--,--,--,--,--,--,--,--,--,--,--,--,--,--,--,--,--,--
25/1/2026 4:25,--,--,--,--,--,--,--,--,--,--,--,--,--,--,--,--,--,--,--,--,--,--,--,--,--,--,--,--,--,--,--,--,--,--,--,--,--,--,--,--,--,--,--,--,--,--,--,--,--,--,--,--,--,--,--,--,--,--
25/1/2026 4:30,--,--,--,--,--,--,--,--,--,--,--,--,--,--,--,--,--,--,--,--,--,--,--,--,--,--,--,--,--,--,--,--,--,--,--,--,--,--,--,--,--,--,--,--,--,--,--,--,--,--,--,--,--,--,--,--,--,--
25/1/2026 4:35,--,--,--,--,--,--,--,--,--,--,--,--,--,--,--,--,--,--,--,--,--,--,--,--,--,--,--,--,--,--,--,--,--,--,--,--,--,--,--,--,--,--,--,--,--,--,--,--,--,--,--,--,--,--,--,--,--,--
25/1/2026 4:40,--,--,--,--,--,--,--,--,--,--,--,--,--,--,--,--,--,--,--,--,--,--,--,--,--,--,--,--,--,--,--,--,--,--,--,--,--,--,--,--,--,--,--,--,--,--,--,--,--,--,--,--,--,--,--,--,--,--
25/1/2026 4:45,--,--,--,--,--,--,--,--,--,--,--,--,--,--,--,--,--,--,--,--,--,--,--,--,--,--,--,--,--,--,--,--,--,--,--,--,--,--,--,--,--,--,--,--,--,--,--,--,--,--,--,--,--,--,--,--,--,--
25/1/2026 4:50,--,--,--,--,--,--,--,--,--,--,--,--,--,--,--,--,--,--,--,--,--,--,--,--,--,--,--,--,--,--,--,--,--,--,--,--,--,--,--,--,--,--,--,--,--,--,--,--,--,--,--,--,--,--,--,--,--,--
25/1/2026 4:55,--,--,--,--,--,--,--,--,--,--,--,--,--,--,--,--,--,--,--,--,--,--,--,--,--,--,--,--,--,--,--,--,--,--,--,--,--,--,--,--,--,--,--,--,--,--,--,--,--,--,--,--,--,--,--,--,--,--
25/1/2026 5:00,--,--,--,--,--,--,--,--,--,--,--,--,--,--,--,--,--,--,--,--,--,--,--,--,--,--,--,--,--,--,--,--,--,--,--,--,--,--,--,--,--,--,--,--,--,--,--,--,--,--,--,--,--,--,--,--,--,--
25/1/2026 5:05,--,--,--,--,--,--,--,--,--,--,--,--,--,--,--,--,--,--,--,--,--,--,--,--,--,--,--,--,--,--,--,--,--,--,--,--,--,--,--,--,--,--,--,--,--,--,--,--,--,--,--,--,--,--,--,--,--,--
25/1/2026 5:10,--,--,--,--,--,--,--,--,--,--,--,--,--,--,--,--,--,--,--,--,--,--,--,--,--,--,--,--,--,--,--,--,--,--,--,--,--,--,--,--,--,--,--,--,--,--,--,--,--,--,--,--,--,--,--,--,--,--
25/1/2026 5:15,--,--,--,--,--,--,--,--,--,--,--,--,--,--,--,--,--,--,--,--,--,--,--,--,--,--,--,--,--,--,--,--,--,--,--,--,--,--,--,--,--,--,--,--,--,--,--,--,--,--,--,--,--,--,--,--,--,--
25/1/2026 5:20,--,--,--,--,--,--,--,--,--,--,--,--,--,--,--,--,--,--,--,--,--,--,--,--,--,--,--,--,--,--,--,--,--,--,--,--,--,--,--,--,--,--,--,--,--,--,--,--,--,--,--,--,--,--,--,--,--,--
25/1/2026 5:25,--,--,--,--,--,--,--,--,--,--,--,--,--,--,--,--,--,--,--,--,--,--,--,--,--,--,--,--,--,--,--,--,--,--,--,--,--,--,--,--,--,--,--,--,--,--,--,--,--,--,--,--,--,--,--,--,--,--
25/1/2026 5:30,--,--,--,--,--,--,--,--,--,--,--,--,--,--,--,--,--,--,--,--,--,--,--,--,--,--,--,--,--,--,--,--,--,--,--,--,--,--,--,--,--,--,--,--,--,--,--,--,--,--,--,--,--,--,--,--,--,--
25/1/2026 5:35,--,--,--,--,--,--,--,--,--,--,--,--,--,--,--,--,--,--,--,--,--,--,--,--,--,--,--,--,--,--,--,--,--,--,--,--,--,--,--,--,--,--,--,--,--,--,--,--,--,--,--,--,--,--,--,--,--,--
25/1/2026 5:40,--,--,--,--,--,--,--,--,--,--,--,--,--,--,--,--,--,--,--,--,--,--,--,--,--,--,--,--,--,--,--,--,--,--,--,--,--,--,--,--,--,--,--,--,--,--,--,--,--,--,--,--,--,--,--,--,--,--
25/1/2026 5:45,--,--,--,--,--,--,--,--,--,--,--,--,--,--,--,--,--,--,--,--,--,--,--,--,--,--,--,--,--,--,--,--,--,--,--,--,--,--,--,--,--,--,--,--,--,--,--,--,--,--,--,--,--,--,--,--,--,--
25/1/2026 5:50,--,--,--,--,--,--,--,--,--,--,--,--,--,--,--,--,--,--,--,--,--,--,--,--,--,--,--,--,--,--,--,--,--,--,--,--,--,--,--,--,--,--,--,--,--,--,--,--,--,--,--,--,--,--,--,--,--,--
25/1/2026 5:55,--,--,--,--,--,--,--,--,--,--,--,--,--,--,--,--,--,--,--,--,--,--,--,--,--,--,--,--,--,--,--,--,--,--,--,--,--,--,--,--,--,--,--,--,--,--,--,--,--,--,--,--,--,--,--,--,--,--
25/1/2026 6:00,--,--,--,--,--,--,--,--,--,--,--,--,--,--,--,--,--,--,--,--,--,--,--,--,--,--,--,--,--,--,--,--,--,--,--,--,--,--,--,--,--,--,--,--,--,--,--,--,--,--,--,--,--,--,--,--,--,--
25/1/2026 6:05,--,--,--,--,--,--,--,--,--,--,--,--,--,--,--,--,--,--,--,--,--,--,--,--,--,--,--,--,--,--,--,--,--,--,--,--,--,--,--,--,--,--,--,--,--,--,--,--,--,--,--,--,--,--,--,--,--,--
25/1/2026 6:10,--,--,--,--,--,--,--,--,--,--,--,--,--,--,--,--,--,--,--,--,--,--,--,--,--,--,--,--,--,--,--,--,--,--,--,--,--,--,--,--,--,--,--,--,--,--,--,--,--,--,--,--,--,--,--,--,--,--
25/1/2026 6:15,--,--,--,--,--,--,--,--,--,--,--,--,--,--,--,--,--,--,--,--,--,--,--,--,--,--,--,--,--,--,--,--,--,--,--,--,--,--,--,--,--,--,--,--,--,--,--,--,--,--,--,--,--,--,--,--,--,--
25/1/2026 6:20,--,--,--,--,--,--,--,--,--,--,--,--,--,--,--,--,--,--,--,--,--,--,--,--,--,--,--,--,--,--,--,--,--,--,--,--,--,--,--,--,--,--,--,--,--,--,--,--,--,--,--,--,--,--,--,--,--,--
25/1/2026 6:25,--,--,--,--,--,--,--,--,--,--,--,--,--,--,--,--,--,--,--,--,--,--,--,--,--,--,--,--,--,--,--,--,--,--,--,--,--,--,--,--,--,--,--,--,--,--,--,--,--,--,--,--,--,--,--,--,--,--
25/1/2026 6:30,--,--,--,--,--,--,--,--,--,--,--,--,--,--,--,--,--,--,--,--,--,--,--,--,--,--,--,--,--,--,--,--,--,--,--,--,--,--,--,--,--,--,--,--,--,--,--,--,--,--,--,--,--,--,--,--,--,--
25/1/2026 6:35,--,--,--,--,--,--,--,--,--,--,--,--,--,--,--,--,--,--,--,--,--,--,--,--,--,--,--,--,--,--,--,--,--,--,--,--,--,--,--,--,--,--,--,--,--,--,--,--,--,--,--,--,--,--,--,--,--,--
25/1/2026 6:40,--,--,--,--,--,--,--,--,--,--,--,--,--,--,--,--,--,--,--,--,--,--,--,--,--,--,--,--,--,--,--,--,--,--,--,--,--,--,--,--,--,--,--,--,--,--,--,--,--,--,--,--,--,--,--,--,--,--
25/1/2026 6:45,--,--,--,--,--,--,--,--,--,--,--,--,--,--,--,--,--,--,--,--,--,--,--,--,--,--,--,--,--,--,--,--,--,--,--,--,--,--,--,--,--,--,--,--,--,--,--,--,--,--,--,--,--,--,--,--,--,--
25/1/2026 6:50,--,--,--,--,--,--,--,--,--,--,--,--,--,--,--,--,--,--,--,--,--,--,--,--,--,--,--,--,--,--,--,--,--,--,--,--,--,--,--,--,--,--,--,--,--,--,--,--,--,--,--,--,--,--,--,--,--,--
25/1/2026 6:55,--,--,--,--,--,--,--,--,--,--,--,--,--,--,--,--,--,--,--,--,--,--,--,--,--,--,--,--,--,--,--,--,--,--,--,--,--,--,--,--,--,--,--,--,--,--,--,--,--,--,--,--,--,--,--,--,--,--
25/1/2026 7:00,--,--,--,--,--,--,--,--,--,--,--,--,--,--,--,--,--,--,--,--,--,--,--,--,--,--,--,--,--,--,--,--,--,--,--,--,--,--,--,--,--,--,--,--,--,--,--,--,--,--,--,--,--,--,--,--,--,--
25/1/2026 7:05,--,--,--,--,--,--,--,--,--,--,--,--,--,--,--,--,--,--,--,--,--,--,--,--,--,--,--,--,--,--,--,--,--,--,--,--,--,--,--,--,--,--,--,--,--,--,--,--,--,--,--,--,--,--,--,--,--,--
25/1/2026 7:10,--,--,--,--,--,--,--,--,--,--,--,--,--,--,--,--,--,--,--,--,--,--,--,--,--,--,--,--,--,--,--,--,--,--,--,--,--,--,--,--,--,--,--,--,--,--,--,--,--,--,--,--,--,--,--,--,--,--
25/1/2026 7:15,--,--,--,--,--,--,--,--,--,--,--,--,--,--,--,--,--,--,--,--,--,--,--,--,--,--,--,--,--,--,--,--,--,--,--,--,--,--,--,--,--,--,--,--,--,--,--,--,--,--,--,--,--,--,--,--,--,--
25/1/2026 7:20,--,--,--,--,--,--,--,--,--,--,--,--,--,--,--,--,--,--,--,--,--,--,--,--,--,--,--,--,--,--,--,--,--,--,--,--,--,--,--,--,--,--,--,--,--,--,--,--,--,--,--,--,--,--,--,--,--,--
25/1/2026 7:25,--,--,--,--,--,--,--,--,--,--,--,--,--,--,--,--,--,--,--,--,--,--,--,--,--,--,--,--,--,--,--,--,--,--,--,--,--,--,--,--,--,--,--,--,--,--,--,--,--,--,--,--,--,--,--,--,--,--
25/1/2026 7:30,--,--,--,--,--,--,--,--,--,--,--,--,--,--,--,--,--,--,--,--,--,--,--,--,--,--,--,--,--,--,--,--,--,--,--,--,--,--,--,--,--,--,--,--,--,--,--,--,--,--,--,--,--,--,--,--,--,--
25/1/2026 7:35,--,--,--,--,--,--,--,--,--,--,--,--,--,--,--,--,--,--,--,--,--,--,--,--,--,--,--,--,--,--,--,--,--,--,--,--,--,--,--,--,--,--,--,--,--,--,--,--,--,--,--,--,--,--,--,--,--,--
25/1/2026 7:40,--,--,--,--,--,--,--,--,--,--,--,--,--,--,--,--,--,--,--,--,--,--,--,--,--,--,--,--,--,--,--,--,--,--,--,--,--,--,--,--,--,--,--,--,--,--,--,--,--,--,--,--,--,--,--,--,--,--
25/1/2026 7:45,--,--,--,--,--,--,--,--,--,--,--,--,--,--,--,--,--,--,--,--,--,--,--,--,--,--,--,--,--,--,--,--,--,--,--,--,--,--,--,--,--,--,--,--,--,--,--,--,--,--,--,--,--,--,--,--,--,--
25/1/2026 7:50,--,--,--,--,--,--,--,--,--,--,--,--,--,--,--,--,--,--,--,--,--,--,--,--,--,--,--,--,--,--,--,--,--,--,--,--,--,--,--,--,--,--,--,--,--,--,--,--,--,--,--,--,--,--,--,--,--,--
25/1/2026 7:55,--,--,--,--,--,--,--,--,--,--,--,--,--,--,--,--,--,--,--,--,--,--,--,--,--,--,--,--,--,--,--,--,--,--,--,--,--,--,--,--,--,--,--,--,--,--,--,--,--,--,--,--,--,--,--,--,--,--
25/1/2026 8:00,--,--,--,--,--,--,--,--,--,--,--,--,--,--,--,--,--,--,--,--,--,--,--,--,--,--,--,--,--,--,--,--,--,--,--,--,--,--,--,--,--,--,--,--,--,--,--,--,--,--,--,--,--,--,--,--,--,--
25/1/2026 8:05,--,--,--,--,--,--,--,--,--,--,--,--,--,--,--,--,--,--,--,--,--,--,--,--,--,--,--,--,--,--,--,--,--,--,--,--,--,--,--,--,--,--,--,--,--,--,--,--,--,--,--,--,--,--,--,--,--,--
25/1/2026 8:10,--,--,--,--,--,--,--,--,--,--,--,--,--,--,--,--,--,--,--,--,--,--,--,--,--,--,--,--,--,--,--,--,--,--,--,--,--,--,--,--,--,--,--,--,--,--,--,--,--,--,--,--,--,--,--,--,--,--
25/1/2026 8:15,--,--,--,--,--,--,--,--,--,--,--,--,--,--,--,--,--,--,--,--,--,--,--,--,--,--,--,--,--,--,--,--,--,--,--,--,--,--,--,--,--,--,--,--,--,--,--,--,--,--,--,--,--,--,--,--,--,--
25/1/2026 8:20,0,0,0,0,88.472,87.148,0,0,0,0,0,0,98.473,97.036,0,0,0,0,99.369,97.772,0,0,0,0,0,0,192.58,189.692,0,0,0,0,196.553,193.6,99.384,97.788,191.478,188.816,0,0,0,0,180.551,178.14,0,0,0,0,0,0,0,0,0,0,99.038,97.596,186.876,184.076
25/1/2026 8:25,0,0,0,0,88.472,87.148,0,0,0,0,0,0,98.473,97.036,0,0,0,0,99.369,97.772,0,0,0,0,0,0,192.58,189.692,0,0,0,0,196.553,193.6,99.384,97.788,191.478,188.816,0,0,0,0,180.551,178.14,0,0,0,0,0,0,0,0,0,0,99.038,97.596,186.876,184.076
25/1/2026 8:30,0,0,0,0,88.472,87.148,0,0,0,0,0,0,98.473,97.036,0,0,0,0,99.369,97.772,0,0,0,0,0,0,192.58,189.692,0,0,0,0,196.553,193.6,99.384,97.788,191.478,188.816,0,0,0,0,180.551,178.14,0,0,0,0,0,0,0,0,0,0,99.038,97.596,186.876,184.076
25/1/2026 8:35,107.951,106.412,109.506,107.952,100.515,98.904,0,0,100.171,98.716,0,0,110.933,109.364,0,0,103.552,102.06,111.672,110.7,0,0,0,0,0,0,107.949,106.056,0,0,0,0,109.051,107.4,112.033,110.308,105.943,104.26,0,0,0,0,101.809,100.18,0,0,0,0,0,0,0,0,0,0,111.721,110.144,103.852,102.196
25/1/2026 8:40,107.951,106.412,109.506,107.952,100.515,98.904,0,0,100.171,98.716,0,0,110.933,109.364,0,0,103.552,102.06,111.672,110.7,0,0,0,0,0,0,107.949,106.056,0,0,0,0,109.051,107.4,112.033,110.308,105.943,104.26,0,0,0,0,101.809,100.18,0,0,0,0,0,0,0,0,0,0,111.721,110.144,103.852,102.196
25/1/2026 8:45,107.951,106.412,109.506,107.952,100.515,98.904,0,0,100.171,98.716,0,0,110.933,109.364,0,0,103.552,102.06,111.672,110.7,0,0,0,0,0,0,107.949,106.056,0,0,0,0,109.051,107.4,112.033,110.308,105.943,104.26,0,0,0,0,101.809,100.18,0,0,0,0,0,0,0,0,0,0,111.721,110.144,103.852,102.196
25/1/2026 8:50,180.304,177.708,170.911,168.468,163.795,161.344,0,0,159.781,157.516,0,0,184.655,181.988,0,0,192.867,190.064,185.252,183.608,0,0,0,0,0,0,179.473,176.784,0,0,0,0,169.356,169.004,184.919,184.872,220.544,217.184,0,0,0,0,161.184,158.772,0,0,0,0,0,0,0,0,0,0,187.441,184.728,189.071,186.236
25/1/2026 8:55,180.304,177.708,170.911,168.468,163.795,161.344,0,0,159.781,157.516,0,0,184.655,181.988,0,0,192.867,190.064,185.252,183.608,0,0,0,0,0,0,179.473,176.784,0,0,0,0,169.356,169.004,184.919,184.872,220.544,217.184,0,0,0,0,161.184,158.772,0,0,0,0,0,0,0,0,0,0,187.441,184.728,189.071,186.236
25/1/2026 9:00,180.304,177.708,170.911,168.468,163.795,161.344,0,0,159.781,157.516,0,0,184.655,181.988,0,0,192.867,190.064,185.252,183.608,0,0,0,0,0,0,179.473,176.784,0,0,0,0,169.356,169.004,184.919,184.872,220.544,217.184,0,0,0,0,161.184,158.772,0,0,0,0,0,0,0,0,0,0,187.441,184.728,189.071,186.236
25/1/2026 9:05,113.366,111.532,108.919,107.14,125.9,124.948,111.175,109.368,110.381,108.584,92.118,90.56,91.911,90.356,108.088,106.32,106.119,104.376,92.268,91.156,93.541,91.964,93.59,92.012,107.509,105.748,111.783,109.968,93.513,91.936,108.749,106.972,106.937,105.184,99.132,97.48,94.003,92.42,113.237,111.404,95.734,94.128,110.96,109.156,126.88,124.884,111.669,109.856,95.739,94.132,109.927,108.136,113.346,111.512,99.574,97.916,106.439,104.692
25/1/2026 9:10,113.366,111.532,108.919,107.14,125.9,124.948,111.175,109.368,110.381,108.584,92.118,90.56,91.911,90.356,108.088,106.32,106.119,104.376,92.268,91.156,93.541,91.964,93.59,92.012,107.509,105.748,111.783,109.968,93.513,91.936,108.749,106.972,106.937,105.184,99.132,97.48,94.003,92.42,113.237,111.404,95.734,94.128,110.96,109.156,126.88,124.884,111.669,109.856,95.739,94.132,109.927,108.136,113.346,111.512,99.574,97.916,106.439,104.692
25/1/2026 9:15,113.366,111.532,108.919,107.14,125.9,124.948,111.175,109.368,110.381,108.584,92.118,90.56,91.911,90.356,108.088,106.32,106.119,104.376,92.268,91.156,93.541,91.964,93.59,92.012,107.509,105.748,111.783,109.968,93.513,91.936,108.749,106.972,106.937,105.184,99.132,97.48,94.003,92.42,113.237,111.404,95.734,94.128,110.96,109.156,126.88,124.884,111.669,109.856,95.739,94.132,109.927,108.136,113.346,111.512,99.574,97.916,106.439,104.692
25/1/2026 9:20,39.892,38.928,39.713,38.752,37.168,36.248,36.746,35.828,36.779,35.86,40.07,39.104,39.758,38.796,38.569,37.624,37.859,36.924,39.847,38.884,40.273,39.304,37.181,36.256,37.92,36.984,39.401,38.444,37.266,36.34,37.867,36.932,39.105,38.152,39.729,38.74,37.29,36.44,39.077,38.124,39.368,38.412,37.396,36.428,37.221,36.296,36.531,35.616,39.62,38.66,39.429,38.472,39.381,38.424,39.677,38.716,37.851,36.916
25/1/2026 9:25,39.892,38.928,39.713,38.752,37.168,36.248,36.746,35.828,36.779,35.86,40.07,39.104,39.758,38.796,38.569,37.624,37.859,36.924,39.847,38.884,40.273,39.304,37.181,36.256,37.92,36.984,39.401,38.444,37.266,36.34,37.867,36.932,39.105,38.152,39.729,38.74,37.29,36.44,39.077,38.124,39.368,38.412,37.396,36.428,37.221,36.296,36.531,35.616,39.62,38.66,39.429,38.472,39.381,38.424,39.677,38.716,37.851,36.916
25/1/2026 9:30,39.892,38.928,39.713,38.752,37.168,36.248,36.746,35.828,36.779,35.86,40.07,39.104,39.758,38.796,38.569,37.624,37.859,36.924,39.847,38.884,40.273,39.304,37.181,36.256,37.92,36.984,39.401,38.444,37.266,36.34,37.867,36.932,39.105,38.152,39.729,38.74,37.29,36.44,39.077,38.124,39.368,38.412,37.396,36.428,37.221,36.296,36.531,35.616,39.62,38.66,39.429,38.472,39.381,38.424,39.677,38.716,37.851,36.916
25/1/2026 9:35,101.26,99.58,95.642,94.036,99.075,97.424,91.992,90.436,92.596,91.032,101.609,99.924,100.571,98.9,94.076,92.492,92.163,90.604,101.581,99.896,100.531,98.86,89.579,88.056,92.921,91.352,100.713,99.04,89.575,88.052,93.914,92.332,95.26,93.66,97.194,95.568,89.274,87.756,99.903,98.24,96.671,95.052,93.2,91.628,99.489,97.832,91.874,90.32,96.947,95.324,94.689,93.096,100.936,99.26,97.174,95.548,92.414,90.852
25/1/2026 9:40,101.26,99.58,95.642,94.036,99.075,97.424,91.992,90.436,92.596,91.032,101.609,99.924,100.571,98.9,94.076,92.492,92.163,90.604,101.581,99.896,100.531,98.86,89.579,88.056,92.921,91.352,100.713,99.04,89.575,88.052,93.914,92.332,95.26,93.66,97.194,95.568,89.274,87.756,99.903,98.24,96.671,95.052,93.2,91.628,99.489,97.832,91.874,90.32,96.947,95.324,94.689,93.096,100.936,99.26,97.174,95.548,92.414,90.852
25/1/2026 9:45,101.26,99.58,95.642,94.036,99.075,97.424,91.992,90.436,92.596,91.032,101.609,99.924,100.571,98.9,94.076,92.492,92.163,90.604,101.581,99.896,100.531,98.86,89.579,88.056,92.921,91.352,100.713,99.04,89.575,88.052,93.914,92.332,95.26,93.66,97.194,95.568,89.274,87.756,99.903,98.24,96.671,95.052,93.2,91.628,99.489,97.832,91.874,90.32,96.947,95.324,94.689,93.096,100.936,99.26,97.174,95.548,92.414,90.852
25/1/2026 9:50,91.189,89.644,84.199,82.752,87.168,85.7,82.166,80.748,82.665,81.24,88.869,87.356,88.548,87.04,83.359,81.924,82.864,81.436,89.209,87.692,89.477,87.956,79.078,77.704,83.42,81.984,90.625,89.088,79.224,77.848,84.106,82.66,85.144,82.764,85.736,84.388,79.025,77.8,89.173,87.656,86.057,84.584,83.335,82.056,87.753,86.256,81.655,80.244,86.24,84.764,84.544,83.092,90.142,88.612,85.935,84.464,82.998,81.66
25/1/2026 9:55,91.189,89.644,84.199,82.752,87.168,85.7,82.166,80.748,82.665,81.24,88.869,87.356,88.548,87.04,83.359,81.924,82.864,81.436,89.209,87.692,89.477,87.956,79.078,77.704,83.42,81.984,90.625,89.088,79.224,77.848,84.106,82.66,85.144,82.764,85.736,84.388,79.025,77.8,89.173,87.656,86.057,84.584,83.335,82.056,87.753,86.256,81.655,80.244,86.24,84.764,84.544,83.092,90.142,88.612,85.935,84.464,82.998,81.66
25/1/2026 10:00,91.189,89.644,84.199,82.752,87.168,85.7,82.166,80.748,82.665,81.24,88.869,87.356,88.548,87.04,83.359,81.924,82.864,81.436,89.209,87.692,89.477,87.956,79.078,77.704,83.42,81.984,90.625,89.088,79.224,77.848,84.106,82.66,85.144,82.764,85.736,84.388,79.025,77.8,89.173,87.656,86.057,84.584,83.335,82.056,87.753,86.256,81.655,80.244,86.24,84.764,84.544,83.092,90.142,88.612,85.935,84.464,82.998,81.66
25/1/2026 10:05,117.044,115.164,109.069,107.288,124.581,122.752,120.278,118.36,120.108,118.192,103.121,101.416,102.995,101.292,107.144,105.388,106.533,104.784,103.964,102.304,103.802,102.088,91.416,89.868,106.245,104.5,116.173,114.304,91.757,90.204,107.554,105.792,108.858,106.676,99.542,97.812,91.4,89.852,115.509,113.648,99.181,97.528,121.027,119.1,125.71,123.728,120.181,118.264,99.331,97.676,107.776,106.012,116.651,114.776,99.611,97.952,106.89,105.028
25/1/2026 10:10,117.044,115.164,109.069,107.288,124.581,122.752,120.278,118.36,120.108,118.192,103.121,101.416,102.995,101.292,107.144,105.388,106.533,104.784,103.964,102.304,103.802,102.088,91.416,89.868,106.245,104.5,116.173,114.304,91.757,90.204,107.554,105.792,108.858,106.676,99.542,97.812,91.4,89.852,115.509,113.648,99.181,97.528,121.027,119.1,125.71,123.728,120.181,118.264,99.331,97.676,107.776,106.012,116.651,114.776,99.611,97.952,106.89,105.028
25/1/2026 10:15,117.044,115.164,109.069,107.288,124.581,122.752,120.278,118.36,120.108,118.192,103.121,101.416,102.995,101.292,107.144,105.388,106.533,104.784,103.964,102.304,103.802,102.088,91.416,89.868,106.245,104.5,116.173,114.304,91.757,90.204,107.554,105.792,108.858,106.676,99.542,97.812,91.4,89.852,115.509,113.648,99.181,97.528,121.027,119.1,125.71,123.728,120.181,118.264,99.331,97.676,107.776,106.012,116.651,114.776,99.611,97.952,106.89,105.028
25/1/2026 10:20,155.221,152.86,149.696,147.404,152.645,148.72,147.087,144.828,147.54,145.276,152.475,150.148,151.405,149.092,148.342,146.068,144.57,142.344,152.953,150.904,153.216,150.88,138.937,136.784,145.709,143.468,154.403,152.052,139.569,137.408,147.893,145.624,149.878,147.584,149.189,146.904,138.601,136.452,153.832,151.488,146.843,144.588,148.444,146.168,152.017,149.696,146.872,144.616,147.297,145.036,149.266,146.98,155.679,153.312,149.554,147.264,145.142,142.908
25/1/2026 10:25,155.221,152.86,149.696,147.404,152.645,148.72,147.087,144.828,147.54,145.276,152.475,150.148,151.405,149.092,148.342,146.068,144.57,142.344,152.953,150.904,153.216,150.88,138.937,136.784,145.709,143.468,154.403,152.052,139.569,137.408,147.893,145.624,149.878,147.584,149.189,146.904,138.601,136.452,153.832,151.488,146.843,144.588,148.444,146.168,152.017,149.696,146.872,144.616,147.297,145.036,149.266,146.98,155.679,153.312,149.554,147.264,145.142,142.908
25/1/2026 10:30,155.221,152.86,149.696,147.404,152.645,148.72,147.087,144.828,147.54,145.276,152.475,150.148,151.405,149.092,148.342,146.068,144.57,142.344,152.953,150.904,153.216,150.88,138.937,136.784,145.709,143.468,154.403,152.052,139.569,137.408,147.893,145.624,149.878,147.584,149.189,146.904,138.601,136.452,153.832,151.488,146.843,144.588,148.444,146.168,152.017,149.696,146.872,144.616,147.297,145.036,149.266,146.98,155.679,153.312,149.554,147.264,145.142,142.908
25/1/2026 10:35,174.97,172.296,181.033,178.256,160.562,158.132,165.651,163.136,164.899,162.396,179.332,176.584,180,177.24,180.508,177.74,168.833,166.264,181.656,178.868,179.788,177.032,177.248,174.536,169.92,167.332,173.814,170.572,177.318,174.604,172.866,170.228,181.627,178.84,183.129,180.316,176.227,173.532,173.252,170.608,183.764,180.94,165.147,162.64,161.933,159.48,165.025,162.52,184.245,181.412,177.045,174.336,174.929,172.256,184.212,181.38,169.431,166.852
25/1/2026 10:40,174.97,172.296,181.033,178.256,160.562,158.132,165.651,163.136,164.899,162.396,179.332,176.584,180,177.24,180.508,177.74,168.833,166.264,181.656,178.868,179.788,177.032,177.248,174.536,169.92,167.332,173.814,170.572,177.318,174.604,172.866,170.228,181.627,178.84,183.129,180.316,176.227,173.532,173.252,170.608,183.764,180.94,165.147,162.64,161.933,159.48,165.025,162.52,184.245,181.412,177.045,174.336,174.929,172.256,184.212,181.38,169.431,166.852
25/1/2026 10:45,174.97,172.296,181.033,178.256,160.562,158.132,165.651,163.136,164.899,162.396,179.332,176.584,180,177.24,180.508,177.74,168.833,166.264,181.656,178.868,179.788,177.032,177.248,174.536,169.92,167.332,173.814,170.572,177.318,174.604,172.866,170.228,181.627,178.84,183.129,180.316,176.227,173.532,173.252,170.608,183.764,180.94,165.147,162.64,161.933,159.48,165.025,162.52,184.245,181.412,177.045,174.336,174.929,172.256,184.212,181.38,169.431,166.852
25/1/2026 10:50,222.56,219.06,226.074,222.512,208.158,205.112,206.497,203.28,206.766,203.544,236.399,232.652,233.576,229.88,222.983,219.476,211.888,208.576,235.332,231.604,238.591,234.804,214.925,211.56,210.663,207.372,220.927,217.456,217.865,214.448,214.254,210.9,225.634,222.08,233.886,230.184,215.918,211.816,222.173,218.68,228.9,225.288,208.085,204.84,209.599,206.328,206.896,203.672,228.998,225.384,222.829,219.324,224.055,220.528,234.171,230.464,210.874,208.028
25/1/2026 10:55,222.56,219.06,226.074,222.512,208.158,205.112,206.497,203.28,206.766,203.544,236.399,232.652,233.576,229.88,222.983,219.476,211.888,208.576,235.332,231.604,238.591,234.804,214.925,211.56,210.663,207.372,220.927,217.456,217.865,214.448,214.254,210.9,225.634,222.08,233.886,230.184,215.918,211.816,222.173,218.68,228.9,225.288,208.085,204.84,209.599,206.328,206.896,203.672,228.998,225.384,222.829,219.324,224.055,220.528,234.171,230.464,210.874,208.028
25/1/2026 11:00,222.56,219.06,226.074,222.512,208.158,205.112,206.497,203.28,206.766,203.544,236.399,232.652,233.576,229.88,222.983,219.476,211.888,208.576,235.332,231.604,238.591,234.804,214.925,211.56,210.663,207.372,220.927,217.456,217.865,214.448,214.254,210.9,225.634,222.08,233.886,230.184,215.918,211.816,222.173,218.68,228.9,225.288,208.085,204.84,209.599,206.328,206.896,203.672,228.998,225.384,222.829,219.324,224.055,220.528,234.171,230.464,210.874,208.028
25/1/2026 11:05,147.45,145.188,145.141,142.908,136.549,134.428,132.361,130.296,133.659,131.576,151.105,148.796,151.19,148.88,140.772,138.596,137.895,135.756,152.798,150.58,151.886,149.568,137.027,134.9,138.774,136.624,146.721,144.468,137.052,134.924,140.906,138.728,144.983,142.924,149.609,147.32,137.068,135.128,144.901,142.672,149.711,147.42,134.469,132.376,137.282,135.152,131.595,129.54,150.063,147.768,142.195,140,147.316,145.056,149.638,147.348,138.649,136.5
25/1/2026 11:10,147.45,145.188,145.141,142.908,136.549,134.428,132.361,130.296,133.659,131.576,151.105,148.796,151.19,148.88,140.772,138.596,137.895,135.756,152.798,150.58,151.886,149.568,137.027,134.9,138.774,136.624,146.721,144.468,137.052,134.924,140.906,138.728,144.983,142.924,149.609,147.32,137.068,135.128,144.901,142.672,149.711,147.42,134.469,132.376,137.282,135.152,131.595,129.54,150.063,147.768,142.195,140,147.316,145.056,149.638,147.348,138.649,136.5
25/1/2026 11:15,147.45,145.188,145.141,142.908,136.549,134.428,132.361,130.296,133.659,131.576,151.105,148.796,151.19,148.88,140.772,138.596,137.895,135.756,152.798,150.58,151.886,149.568,137.027,134.9,138.774,136.624,146.721,144.468,137.052,134.924,140.906,138.728,144.983,142.924,149.609,147.32,137.068,135.128,144.901,142.672,149.711,147.42,134.469,132.376,137.282,135.152,131.595,129.54,150.063,147.768,142.195,140,147.316,145.056,149.638,147.348,138.649,136.5
25/1/2026 11:20,129.974,127.94,116.897,115.02,142.057,139.864,123.338,121.384,124.633,122.664,116.691,114.816,116.181,114.312,114.742,112.892,114.488,112.64,117.594,115.708,117.897,116.008,98.256,96.616,115.026,113.172,129.415,127.388,98.58,96.936,117.027,115.148,116.245,114.376,110.972,109.168,98.953,97.304,127.28,125.28,110.575,108.776,125.005,122.596,142.806,140.604,122.544,120.6,110.87,109.068,114.989,113.136,129.301,127.276,111.158,109.352,114.544,112.696
25/1/2026 11:25,129.974,127.94,116.897,115.02,142.057,139.864,123.338,121.384,124.633,122.664,116.691,114.816,116.181,114.312,114.742,112.892,114.488,112.64,117.594,115.708,117.897,116.008,98.256,96.616,115.026,113.172,129.415,127.388,98.58,96.936,117.027,115.148,116.245,114.376,110.972,109.168,98.953,97.304,127.28,125.28,110.575,108.776,125.005,122.596,142.806,140.604,122.544,120.6,110.87,109.068,114.989,113.136,129.301,127.276,111.158,109.352,114.544,112.696
25/1/2026 11:30,129.974,127.94,116.897,115.02,142.057,139.864,123.338,121.384,124.633,122.664,116.691,114.816,116.181,114.312,114.742,112.892,114.488,112.64,117.594,115.708,117.897,116.008,98.256,96.616,115.026,113.172,129.415,127.388,98.58,96.936,117.027,115.148,116.245,114.376,110.972,109.168,98.953,97.304,127.28,125.28,110.575,108.776,125.005,122.596,142.806,140.604,122.544,120.6,110.87,109.068,114.989,113.136,129.301,127.276,111.158,109.352,114.544,112.696
25/1/2026 11:35,190.721,187.776,184.457,181.62,183.41,180.144,177.375,174.66,176.341,173.644,189.809,186.88,189.748,186.82,183.655,180.832,177.143,174.432,191.918,188.952,190.733,187.788,172.516,169.884,176.52,173.82,189.207,186.288,173.582,170.932,179.845,177.088,185.022,182.176,187.106,184.224,173.834,171.18,192.272,189.3,186.203,183.336,177.733,175.012,184.428,181.592,176.817,174.112,186.622,183.748,184.77,181.928,193.639,190.644,187.228,184.344,178.189,175.46
25/1/2026 11:40,190.721,187.776,184.457,181.62,183.41,180.144,177.375,174.66,176.341,173.644,189.809,186.88,189.748,186.82,183.655,180.832,177.143,174.432,191.918,188.952,190.733,187.788,172.516,169.884,176.52,173.82,189.207,186.288,173.582,170.932,179.845,177.088,185.022,182.176,187.106,184.224,173.834,171.18,192.272,189.3,186.203,183.336,177.733,175.012,184.428,181.592,176.817,174.112,186.622,183.748,184.77,181.928,193.639,190.644,187.228,184.344,178.189,175.46
25/1/2026 11:45,190.721,187.776,184.457,181.62,183.41,180.144,177.375,174.66,176.341,173.644,189.809,186.88,189.748,186.82,183.655,180.832,177.143,174.432,191.918,188.952,190.733,187.788,172.516,169.884,176.52,173.82,189.207,186.288,173.582,170.932,179.845,177.088,185.022,182.176,187.106,184.224,173.834,171.18,192.272,189.3,186.203,183.336,177.733,175.012,184.428,181.592,176.817,174.112,186.622,183.748,184.77,181.928,193.639,190.644,187.228,184.344,178.189,175.46
25/1/2026 11:50,491.44,481.936,521.536,511.16,514.571,504.4,522.026,511.636,537.488,526.636,553.09,541.764,525.155,514.672,503.193,493.352,525.547,515.052,535.331,524.544,553.173,541.844,456.513,447.948,507.123,497.168,491.057,481.564,464.198,455.432,523.577,513.14,525.279,514.792,560.672,547.604,406.327,399.024,496.649,486.996,553.916,542.564,542.743,528.956,521.787,511.404,515.75,505.544,551.547,540.268,491.135,481.64,504.309,494.436,559.888,548.352,526.446,515.924
25/1/2026 11:55,491.44,481.936,521.536,511.16,514.571,504.4,522.026,511.636,537.488,526.636,553.09,541.764,525.155,514.672,503.193,493.352,525.547,515.052,535.331,524.544,553.173,541.844,456.513,447.948,507.123,497.168,491.057,481.564,464.198,455.432,523.577,513.14,525.279,514.792,560.672,547.604,406.327,399.024,496.649,486.996,553.916,542.564,542.743,528.956,521.787,511.404,515.75,505.544,551.547,540.268,491.135,481.64,504.309,494.436,559.888,548.352,526.446,515.924
25/1/2026 12:00,491.44,481.936,521.536,511.16,514.571,504.4,522.026,511.636,537.488,526.636,553.09,541.764,525.155,514.672,503.193,493.352,525.547,515.052,535.331,524.544,553.173,541.844,456.513,447.948,507.123,497.168,491.057,481.564,464.198,455.432,523.577,513.14,525.279,514.792,560.672,547.604,406.327,399.024,496.649,486.996,553.916,542.564,542.743,528.956,521.787,511.404,515.75,505.544,551.547,540.268,491.135,481.64,504.309,494.436,559.888,548.352,526.446,515.924
25/1/2026 12:05,214.415,211.06,223.87,220.348,199.605,197.444,204.718,201.532,206.033,202.824,219.028,215.592,217.624,214.212,219.326,215.884,202.019,198.88,220.12,216.664,219.81,216.36,203.628,200.556,200.163,197.056,213.267,209.932,204.433,201.348,204.787,201.6,224.457,220.924,216.392,213.104,207.814,203.364,210.242,206.96,217.336,214.032,208.202,204.956,202.127,199.08,203.342,200.18,217.36,214.056,220.535,217.072,212.388,209.068,216.76,213.364,202.614,199.104
25/1/2026 12:10,214.415,211.06,223.87,220.348,199.605,197.444,204.718,201.532,206.033,202.824,219.028,215.592,217.624,214.212,219.326,215.884,202.019,198.88,220.12,216.664,219.81,216.36,203.628,200.556,200.163,197.056,213.267,209.932,204.433,201.348,204.787,201.6,224.457,220.924,216.392,213.104,207.814,203.364,210.242,206.96,217.336,214.032,208.202,204.956,202.127,199.08,203.342,200.18,217.36,214.056,220.535,217.072,212.388,209.068,216.76,213.364,202.614,199.104
25/1/2026 12:15,214.415,211.06,223.87,220.348,199.605,197.444,204.718,201.532,206.033,202.824,219.028,215.592,217.624,214.212,219.326,215.884,202.019,198.88,220.12,216.664,219.81,216.36,203.628,200.556,200.163,197.056,213.267,209.932,204.433,201.348,204.787,201.6,224.457,220.924,216.392,213.104,207.814,203.364,210.242,206.96,217.336,214.032,208.202,204.956,202.127,199.08,203.342,200.18,217.36,214.056,220.535,217.072,212.388,209.068,216.76,213.364,202.614,199.104
25/1/2026 12:20,176.43,173.732,169.805,167.22,164.124,161.16,159.842,157.424,159.623,157.208,180.52,177.752,181.838,179.048,168.812,166.244,163.186,160.712,183.703,181.384,181.208,178.428,160.875,158.44,162.966,160.496,174.513,171.848,162.132,159.676,166.798,164.264,169.943,167.356,176.637,173.992,162.604,158.988,175.038,172.364,176.885,174.236,161.383,158.94,164.798,162.332,159.574,157.16,177.734,175.072,169.016,166.444,176.129,173.436,176.955,174.248,163.82,162.036
25/1/2026 12:25,176.43,173.732,169.805,167.22,164.124,161.16,159.842,157.424,159.623,157.208,180.52,177.752,181.838,179.048,168.812,166.244,163.186,160.712,183.703,181.384,181.208,178.428,160.875,158.44,162.966,160.496,174.513,171.848,162.132,159.676,166.798,164.264,169.943,167.356,176.637,173.992,162.604,158.988,175.038,172.364,176.885,174.236,161.383,158.94,164.798,162.332,159.574,157.16,177.734,175.072,169.016,166.444,176.129,173.436,176.955,174.248,163.82,162.036
25/1/2026 12:30,176.43,173.732,169.805,167.22,164.124,161.16,159.842,157.424,159.623,157.208,180.52,177.752,181.838,179.048,168.812,166.244,163.186,160.712,183.703,181.384,181.208,178.428,160.875,158.44,162.966,160.496,174.513,171.848,162.132,159.676,166.798,164.264,169.943,167.356,176.637,173.992,162.604,158.988,175.038,172.364,176.885,174.236,161.383,158.94,164.798,162.332,159.574,157.16,177.734,175.072,169.016,166.444,176.129,173.436,176.955,174.248,163.82,162.036
25/1/2026 12:35,218.365,214.94,204.055,200.88,219.79,216.92,202.699,199.548,204.702,201.516,203.029,199.872,205.789,202.584,200.489,197.376,192.972,189.988,208.061,204.816,203.815,200.644,183.247,180.432,198.336,195.26,209.152,211.804,185.73,182.872,201.58,198.448,205.939,202.732,203.786,200.616,186.674,183.16,212.999,209.668,201.356,198.228,207.218,203.492,222.15,218.764,201.93,198.792,202.056,198.916,201.01,197.888,214.86,211.496,203.749,200.58,193.9,190.9
25/1/2026 12:40,218.365,214.94,204.055,200.88,219.79,216.92,202.699,199.548,204.702,201.516,203.029,199.872,205.789,202.584,200.489,197.376,192.972,189.988,208.061,204.816,203.815,200.644,183.247,180.432,198.336,195.26,209.152,211.804,185.73,182.872,201.58,198.448,205.939,202.732,203.786,200.616,186.674,183.16,212.999,209.668,201.356,198.228,207.218,203.492,222.15,218.764,201.93,198.792,202.056,198.916,201.01,197.888,214.86,211.496,203.749,200.58,193.9,190.9
25/1/2026 12:45,218.365,214.94,204.055,200.88,219.79,216.92,202.699,199.548,204.702,201.516,203.029,199.872,205.789,202.584,200.489,197.376,192.972,189.988,208.061,204.816,203.815,200.644,183.247,180.432,198.336,195.26,209.152,211.804,185.73,182.872,201.58,198.448,205.939,202.732,203.786,200.616,186.674,183.16,212.999,209.668,201.356,198.228,207.218,203.492,222.15,218.764,201.93,198.792,202.056,198.916,201.01,197.888,214.86,211.496,203.749,200.58,193.9,190.9
25/1/2026 12:50,363.505,357.216,262.715,258.488,286.321,281.796,253.489,249.432,254.332,250.26,364.299,357.992,359.73,353.528,259.316,255.152,259.573,255.404,361.437,358.664,365.748,359.408,234.59,230.876,258.094,253.952,355.604,349.496,234.435,230.724,262.943,258.712,259.153,258.904,267.023,262.716,237.885,234.112,304.534,299.516,268.865,264.524,255.473,251.872,290.395,285.796,253.892,249.828,268.853,264.512,260.942,256.748,301.205,296.252,267.601,263.284,260.767,256.576
25/1/2026 12:55,363.505,357.216,262.715,258.488,286.321,281.796,253.489,249.432,254.332,250.26,364.299,357.992,359.73,353.528,259.316,255.152,259.573,255.404,361.437,358.664,365.748,359.408,234.59,230.876,258.094,253.952,355.604,349.496,234.435,230.724,262.943,258.712,259.153,258.904,267.023,262.716,237.885,234.112,304.534,299.516,268.865,264.524,255.473,251.872,290.395,285.796,253.892,249.828,268.853,264.512,260.942,256.748,301.205,296.252,267.601,263.284,260.767,256.576
25/1/2026 13:00,363.505,357.216,262.715,258.488,286.321,281.796,253.489,249.432,254.332,250.26,364.299,357.992,359.73,353.528,259.316,255.152,259.573,255.404,361.437,358.664,365.748,359.408,234.59,230.876,258.094,253.952,355.604,349.496,234.435,230.724,262.943,258.712,259.153,258.904,267.023,262.716,237.885,234.112,304.534,299.516,268.865,264.524,255.473,251.872,290.395,285.796,253.892,249.828,268.853,264.512,260.942,256.748,301.205,296.252,267.601,263.284,260.767,256.576
25/1/2026 13:05,449.906,441.512,375.539,368.972,421.245,413.576,350.086,344.104,348.126,342.188,616.262,602.924,539.792,528.872,392.594,385.624,360.257,354.044,533.565,522.832,612.473,599.26,461.194,452.508,346.857,340.948,446.412,438.108,457.19,448.608,357.208,351.064,373.385,374.304,470.769,470.428,443.571,435.34,433.992,426.004,491.426,481.924,350.184,344.2,424.896,417.136,350.025,344.044,497.215,487.548,401.542,394.356,436.791,428.732,477.384,468.272,360.306,354.092
25/1/2026 13:10,449.906,441.512,375.539,368.972,421.245,413.576,350.086,344.104,348.126,342.188,616.262,602.924,539.792,528.872,392.594,385.624,360.257,354.044,533.565,522.832,612.473,599.26,461.194,452.508,346.857,340.948,446.412,438.108,457.19,448.608,357.208,351.064,373.385,374.304,470.769,470.428,443.571,435.34,433.992,426.004,491.426,481.924,350.184,344.2,424.896,417.136,350.025,344.044,497.215,487.548,401.542,394.356,436.791,428.732,477.384,468.272,360.306,354.092
25/1/2026 13:15,449.906,441.512,375.539,368.972,421.245,413.576,350.086,344.104,348.126,342.188,616.262,602.924,539.792,528.872,392.594,385.624,360.257,354.044,533.565,522.832,612.473,599.26,461.194,452.508,346.857,340.948,446.412,438.108,457.19,448.608,357.208,351.064,373.385,374.304,470.769,470.428,443.571,435.34,433.992,426.004,491.426,481.924,350.184,344.2,424.896,417.136,350.025,344.044,497.215,487.548,401.542,394.356,436.791,428.732,477.384,468.272,360.306,354.092
25/1/2026 13:20,232.29,228.728,175.569,172.94,252.271,248.36,174.654,172.04,171.686,169.116,269.365,265.148,261.202,257.132,175.772,173.14,191.059,188.196,264.579,260.448,271.226,266.976,180.824,178.116,194.556,191.636,240.517,227.652,182.156,179.428,197.595,194.624,175.577,172.948,225.806,205.7,177.689,175.028,235.208,231.596,210.329,207.144,173.688,171.088,254.483,250.532,173.298,170.704,213.373,210.136,177.018,174.368,236.678,233.04,207.351,204.216,190.755,187.896
25/1/2026 13:25,232.29,228.728,175.569,172.94,252.271,248.36,174.654,172.04,171.686,169.116,269.365,265.148,261.202,257.132,175.772,173.14,191.059,188.196,264.579,260.448,271.226,266.976,180.824,178.116,194.556,191.636,240.517,227.652,182.156,179.428,197.595,194.624,175.577,172.948,225.806,205.7,177.689,175.028,235.208,231.596,210.329,207.144,173.688,171.088,254.483,250.532,173.298,170.704,213.373,210.136,177.018,174.368,236.678,233.04,207.351,204.216,190.755,187.896
25/1/2026 13:30,232.29,228.728,175.569,172.94,252.271,248.36,174.654,172.04,171.686,169.116,269.365,265.148,261.202,257.132,175.772,173.14,191.059,188.196,264.579,260.448,271.226,266.976,180.824,178.116,194.556,191.636,240.517,227.652,182.156,179.428,197.595,194.624,175.577,172.948,225.806,205.7,177.689,175.028,235.208,231.596,210.329,207.144,173.688,171.088,254.483,250.532,173.298,170.704,213.373,210.136,177.018,174.368,236.678,233.04,207.351,204.216,190.755,187.896
25/1/2026 13:35,342.75,336.932,375.515,368.948,307.015,302.384,304.468,299.452,311.823,306.664,374.026,367.696,378.099,371.676,390.976,384.044,310.636,305.5,379.4,375.844,374.759,368.412,392.284,385.32,315.612,310.38,340.086,334.328,390.386,383.468,320.881,315.544,378.394,371.76,375.336,368.976,388.354,367.672,336.09,330.42,388.648,381.984,312.438,307.268,309.816,304.856,305.373,300.34,391.813,385.076,352.337,346.304,338.826,333.096,375.757,369.388,310.334,305.204
25/1/2026 13:40,342.75,336.932,375.515,368.948,307.015,302.384,304.468,299.452,311.823,306.664,374.026,367.696,378.099,371.676,390.976,384.044,310.636,305.5,379.4,375.844,374.759,368.412,392.284,385.32,315.612,310.38,340.086,334.328,390.386,383.468,320.881,315.544,378.394,371.76,375.336,368.976,388.354,367.672,336.09,330.42,388.648,381.984,312.438,307.268,309.816,304.856,305.373,300.34,391.813,385.076,352.337,346.304,338.826,333.096,375.757,369.388,310.334,305.204
25/1/2026 13:45,342.75,336.932,375.515,368.948,307.015,302.384,304.468,299.452,311.823,306.664,374.026,367.696,378.099,371.676,390.976,384.044,310.636,305.5,379.4,375.844,374.759,368.412,392.284,385.32,315.612,310.38,340.086,334.328,390.386,383.468,320.881,315.544,378.394,371.76,375.336,368.976,388.354,367.672,336.09,330.42,388.648,381.984,312.438,307.268,309.816,304.856,305.373,300.34,391.813,385.076,352.337,346.304,338.826,333.096,375.757,369.388,310.334,305.204
25/1/2026 13:50,281.668,277.088,236.276,232.532,245.776,242.156,227.372,223.896,226.944,223.476,265.849,261.564,267.348,263.036,235.469,231.74,239.445,235.644,270.711,265.444,266.753,262.452,230.399,226.76,239.278,235.48,280.596,276.036,230.175,226.54,243.759,239.88,236.993,233.236,260.962,256.896,230.806,227.16,277.245,272.748,257.553,253.548,228.418,224.924,248.435,244.592,226.24,222.784,257.606,253.6,236.854,233.1,279.675,275.132,260.836,256.772,240.028,236.216
25/1/2026 13:55,281.668,277.088,236.276,232.532,245.776,242.156,227.372,223.896,226.944,223.476,265.849,261.564,267.348,263.036,235.469,231.74,239.445,235.644,270.711,265.444,266.753,262.452,230.399,226.76,239.278,235.48,280.596,276.036,230.175,226.54,243.759,239.88,236.993,233.236,260.962,256.896,230.806,227.16,277.245,272.748,257.553,253.548,228.418,224.924,248.435,244.592,226.24,222.784,257.606,253.6,236.854,233.1,279.675,275.132,260.836,256.772,240.028,236.216
25/1/2026 14:00,281.668,277.088,236.276,232.532,245.776,242.156,227.372,223.896,226.944,223.476,265.849,261.564,267.348,263.036,235.469,231.74,239.445,235.644,270.711,265.444,266.753,262.452,230.399,226.76,239.278,235.48,280.596,276.036,230.175,226.54,243.759,239.88,236.993,233.236,260.962,256.896,230.806,227.16,277.245,272.748,257.553,253.548,228.418,224.924,248.435,244.592,226.24,222.784,257.606,253.6,236.854,233.1,279.675,275.132,260.836,256.772,240.028,236.216
25/1/2026 14:05,211.668,208.36,195.938,192.904,200.557,197.664,186.304,183.512,188.452,185.628,213.333,209.996,211.92,208.608,191.038,188.088,192.141,189.172,214.526,211.168,214.33,210.976,186.756,183.88,193.199,190.212,210.096,206.816,187.24,184.356,196.435,193.392,196.215,193.176,208.12,204.972,185.815,183.604,206.908,203.684,207.852,204.708,189.882,187.036,202.343,199.292,185.65,182.868,208.421,205.268,192.459,189.484,212.006,208.692,208.466,205.312,192.483,189.864
25/1/2026 14:10,211.668,208.36,195.938,192.904,200.557,197.664,186.304,183.512,188.452,185.628,213.333,209.996,211.92,208.608,191.038,188.088,192.141,189.172,214.526,211.168,214.33,210.976,186.756,183.88,193.199,190.212,210.096,206.816,187.24,184.356,196.435,193.392,196.215,193.176,208.12,204.972,185.815,183.604,206.908,203.684,207.852,204.708,189.882,187.036,202.343,199.292,185.65,182.868,208.421,205.268,192.459,189.484,212.006,208.692,208.466,205.312,192.483,189.864
25/1/2026 14:15,211.668,208.36,195.938,192.904,200.557,197.664,186.304,183.512,188.452,185.628,213.333,209.996,211.92,208.608,191.038,188.088,192.141,189.172,214.526,211.168,214.33,210.976,186.756,183.88,193.199,190.212,210.096,206.816,187.24,184.356,196.435,193.392,196.215,193.176,208.12,204.972,185.815,183.604,206.908,203.684,207.852,204.708,189.882,187.036,202.343,199.292,185.65,182.868,208.421,205.268,192.459,189.484,212.006,208.692,208.466,205.312,192.483,189.864
25/1/2026 14:20,247.545,243.596,235.922,232.184,239.674,235.984,232.494,228.928,232.099,228.54,241.165,237.332,238.737,234.948,233.275,229.584,228.115,224.516,241.776,237.932,242.086,238.236,211.611,208.304,227.695,224.104,244.77,241.788,211.09,207.792,233.401,229.708,236.419,232.672,233.861,230.272,213.349,210.012,244.057,240.172,231.024,227.484,233.507,229.924,241.726,238,231.553,228.004,232.856,229.284,234.578,230.864,245.292,241.384,234.533,230.932,228.929,223.964
25/1/2026 14:25,247.545,243.596,235.922,232.184,239.674,235.984,232.494,228.928,232.099,228.54,241.165,237.332,238.737,234.948,233.275,229.584,228.115,224.516,241.776,237.932,242.086,238.236,211.611,208.304,227.695,224.104,244.77,241.788,211.09,207.792,233.401,229.708,236.419,232.672,233.861,230.272,213.349,210.012,244.057,240.172,231.024,227.484,233.507,229.924,241.726,238,231.553,228.004,232.856,229.284,234.578,230.864,245.292,241.384,234.533,230.932,228.929,223.964
25/1/2026 14:30,247.545,243.596,235.922,232.184,239.674,235.984,232.494,228.928,232.099,228.54,241.165,237.332,238.737,234.948,233.275,229.584,228.115,224.516,241.776,237.932,242.086,238.236,211.611,208.304,227.695,224.104,244.77,241.788,211.09,207.792,233.401,229.708,236.419,232.672,233.861,230.272,213.349,210.012,244.057,240.172,231.024,227.484,233.507,229.924,241.726,238,231.553,228.004,232.856,229.284,234.578,230.864,245.292,241.384,234.533,230.932,228.929,223.964
25/1/2026 14:35,133.76,131.676,130.489,128.448,123.121,121.332,119.518,117.664,120.623,118.756,137.173,135.044,136.347,134.228,128.434,126.42,124.552,122.584,138.061,136.136,138.122,135.98,125.552,123.572,124.892,122.92,132.702,130.632,126.102,124.116,127.016,125.02,130.651,128.792,135.7,133.636,125.269,123.292,130.61,128.568,134.779,132.728,121.024,119.152,123.903,121.996,118.562,116.72,134.974,132.92,129.228,127.204,131.904,129.844,136.247,134.176,125.017,123.284
25/1/2026 14:40,133.76,131.676,130.489,128.448,123.121,121.332,119.518,117.664,120.623,118.756,137.173,135.044,136.347,134.228,128.434,126.42,124.552,122.584,138.061,136.136,138.122,135.98,125.552,123.572,124.892,122.92,132.702,130.632,126.102,124.116,127.016,125.02,130.651,128.792,135.7,133.636,125.269,123.292,130.61,128.568,134.779,132.728,121.024,119.152,123.903,121.996,118.562,116.72,134.974,132.92,129.228,127.204,131.904,129.844,136.247,134.176,125.017,123.284
25/1/2026 14:45,133.76,131.676,130.489,128.448,123.121,121.332,119.518,117.664,120.623,118.756,137.173,135.044,136.347,134.228,128.434,126.42,124.552,122.584,138.061,136.136,138.122,135.98,125.552,123.572,124.892,122.92,132.702,130.632,126.102,124.116,127.016,125.02,130.651,128.792,135.7,133.636,125.269,123.292,130.61,128.568,134.779,132.728,121.024,119.152,123.903,121.996,118.562,116.72,134.974,132.92,129.228,127.204,131.904,129.844,136.247,134.176,125.017,123.284
25/1/2026 14:50,116.59,114.716,111.284,109.476,110.028,108.296,107.127,105.428,107.337,105.636,116.363,114.492,114.682,112.832,109.887,108.096,107.399,105.64,116.687,114.812,116.513,114.64,103.785,102.072,107.748,105.984,115.873,114.008,104.697,102.972,109.761,107.972,111.953,110.04,113.759,111.94,103.995,102.28,114.249,112.404,112.921,111.148,108.014,106.304,110.688,108.944,105.927,104.244,113.613,111.832,110.766,108.964,115.598,113.736,113.739,111.956,108.542,106.768
25/1/2026 14:55,116.59,114.716,111.284,109.476,110.028,108.296,107.127,105.428,107.337,105.636,116.363,114.492,114.682,112.832,109.887,108.096,107.399,105.64,116.687,114.812,116.513,114.64,103.785,102.072,107.748,105.984,115.873,114.008,104.697,102.972,109.761,107.972,111.953,110.04,113.759,111.94,103.995,102.28,114.249,112.404,112.921,111.148,108.014,106.304,110.688,108.944,105.927,104.244,113.613,111.832,110.766,108.964,115.598,113.736,113.739,111.956,108.542,106.768
25/1/2026 15:00,116.59,114.716,111.284,109.476,110.028,108.296,107.127,105.428,107.337,105.636,116.363,114.492,114.682,112.832,109.887,108.096,107.399,105.64,116.687,114.812,116.513,114.64,103.785,102.072,107.748,105.984,115.873,114.008,104.697,102.972,109.761,107.972,111.953,110.04,113.759,111.94,103.995,102.28,114.249,112.404,112.921,111.148,108.014,106.304,110.688,108.944,105.927,104.244,113.613,111.832,110.766,108.964,115.598,113.736,113.739,111.956,108.542,106.768
25/1/2026 15:05,184.977,182.132,188.519,185.612,176,173.596,178.059,175.392,177.812,175.148,182.698,179.892,181.554,178.768,187.212,184.328,175.772,173.084,183.854,181.028,183.943,181.116,175.482,172.8,175.576,172.892,183.781,181.092,176.166,173.472,178.962,176.22,190.204,186.008,184.192,181.432,175.592,172.908,181.274,178.492,183.291,180.544,178.863,176.184,177.32,174.664,177.279,174.624,183.733,180.98,188.343,185.44,183.032,180.22,184.818,182.048,176.244,173.548
25/1/2026 15:10,184.977,182.132,188.519,185.612,176,173.596,178.059,175.392,177.812,175.148,182.698,179.892,181.554,178.768,187.212,184.328,175.772,173.084,183.854,181.028,183.943,181.116,175.482,172.8,175.576,172.892,183.781,181.092,176.166,173.472,178.962,176.22,190.204,186.008,184.192,181.432,175.592,172.908,181.274,178.492,183.291,180.544,178.863,176.184,177.32,174.664,177.279,174.624,183.733,180.98,188.343,185.44,183.032,180.22,184.818,182.048,176.244,173.548
25/1/2026 15:15,184.977,182.132,188.519,185.612,176,173.596,178.059,175.392,177.812,175.148,182.698,179.892,181.554,178.768,187.212,184.328,175.772,173.084,183.854,181.028,183.943,181.116,175.482,172.8,175.576,172.892,183.781,181.092,176.166,173.472,178.962,176.22,190.204,186.008,184.192,181.432,175.592,172.908,181.274,178.492,183.291,180.544,178.863,176.184,177.32,174.664,177.279,174.624,183.733,180.98,188.343,185.44,183.032,180.22,184.818,182.048,176.244,173.548
25/1/2026 15:20,263.098,258.864,260.861,256.668,252.593,248.676,249.606,245.62,249.341,245.36,260.771,256.58,260.331,256.148,259.288,255.124,246.506,242.576,263.762,259.516,261.867,257.656,244.232,240.344,246.73,242.796,260.18,256,244.102,240.216,251.554,247.532,260.914,257.3,260.726,255.964,249.235,245.256,259.381,255.216,259.626,255.456,251.097,247.24,255.309,251.344,249.113,245.136,260.975,256.78,261.232,257.032,261.819,257.608,260.645,256.456,246.742,242.808
25/1/2026 15:25,263.098,258.864,260.861,256.668,252.593,248.676,249.606,245.62,249.341,245.36,260.771,256.58,260.331,256.148,259.288,255.124,246.506,242.576,263.762,259.516,261.867,257.656,244.232,240.344,246.73,242.796,260.18,256,244.102,240.216,251.554,247.532,260.914,257.3,260.726,255.964,249.235,245.256,259.381,255.216,259.626,255.456,251.097,247.24,255.309,251.344,249.113,245.136,260.975,256.78,261.232,257.032,261.819,257.608,260.645,256.456,246.742,242.808
25/1/2026 15:30,263.098,258.864,260.861,256.668,252.593,248.676,249.606,245.62,249.341,245.36,260.771,256.58,260.331,256.148,259.288,255.124,246.506,242.576,263.762,259.516,261.867,257.656,244.232,240.344,246.73,242.796,260.18,256,244.102,240.216,251.554,247.532,260.914,257.3,260.726,255.964,249.235,245.256,259.381,255.216,259.626,255.456,251.097,247.24,255.309,251.344,249.113,245.136,260.975,256.78,261.232,257.032,261.819,257.608,260.645,256.456,246.742,242.808
25/1/2026 15:35,258.636,254.484,247.565,243.616,246.522,242.428,235.951,232.212,236.545,232.796,254.886,250.804,254.393,250.32,245.768,241.852,238.142,234.364,257.27,253.144,255.962,251.86,239.213,235.416,237.441,233.676,252.927,252.496,241.201,237.368,242.513,238.656,248.282,244.32,251.675,247.764,238.545,235.5,254.006,249.94,250.848,246.84,238.602,234.816,248.265,244.424,234.839,231.12,251.423,247.404,246.738,242.804,256.15,252.044,252.164,248.132,237.629,235.584
25/1/2026 15:40,258.636,254.484,247.565,243.616,246.522,242.428,235.951,232.212,236.545,232.796,254.886,250.804,254.393,250.32,245.768,241.852,238.142,234.364,257.27,253.144,255.962,251.86,239.213,235.416,237.441,233.676,252.927,252.496,241.201,237.368,242.513,238.656,248.282,244.32,251.675,247.764,238.545,235.5,254.006,249.94,250.848,246.84,238.602,234.816,248.265,244.424,234.839,231.12,251.423,247.404,246.738,242.804,256.15,252.044,252.164,248.132,237.629,235.584
25/1/2026 15:45,258.636,254.484,247.565,243.616,246.522,242.428,235.951,232.212,236.545,232.796,254.886,250.804,254.393,250.32,245.768,241.852,238.142,234.364,257.27,253.144,255.962,251.86,239.213,235.416,237.441,233.676,252.927,252.496,241.201,237.368,242.513,238.656,248.282,244.32,251.675,247.764,238.545,235.5,254.006,249.94,250.848,246.84,238.602,234.816,248.265,244.424,234.839,231.12,251.423,247.404,246.738,242.804,256.15,252.044,252.164,248.132,237.629,235.584
25/1/2026 15:50,158.083,155.688,152.615,150.288,157.297,154.94,149.856,147.564,150.695,148.392,150.606,148.304,150.622,148.32,150.172,147.876,144.913,142.684,152.38,150.056,151.072,148.764,133.148,131.072,143.39,141.18,157.225,154.84,133.497,131.416,146.04,143.796,152.842,150.512,143.669,144.028,131.822,129.764,155.001,152.644,144.95,142.72,152.007,149.688,158.603,156.228,148.357,146.084,145.253,143.02,150.796,148.492,156.508,154.132,147.02,144.764,145.153,142.92
25/1/2026 15:55,158.083,155.688,152.615,150.288,157.297,154.94,149.856,147.564,150.695,148.392,150.606,148.304,150.622,148.32,150.172,147.876,144.913,142.684,152.38,150.056,151.072,148.764,133.148,131.072,143.39,141.18,157.225,154.84,133.497,131.416,146.04,143.796,152.842,150.512,143.669,144.028,131.822,129.764,155.001,152.644,144.95,142.72,152.007,149.688,158.603,156.228,148.357,146.084,145.253,143.02,150.796,148.492,156.508,154.132,147.02,144.764,145.153,142.92
25/1/2026 16:00,158.083,155.688,152.615,150.288,157.297,154.94,149.856,147.564,150.695,148.392,150.606,148.304,150.622,148.32,150.172,147.876,144.913,142.684,152.38,150.056,151.072,148.764,133.148,131.072,143.39,141.18,157.225,154.84,133.497,131.416,146.04,143.796,152.842,150.512,143.669,144.028,131.822,129.764,155.001,152.644,144.95,142.72,152.007,149.688,158.603,156.228,148.357,146.084,145.253,143.02,150.796,148.492,156.508,154.132,147.02,144.764,145.153,142.92
25/1/2026 16:05,348.069,342.132,510.521,500.468,404.654,399.476,256.627,252.512,251.383,247.364,253.477,249.42,215.938,212.556,469.957,461.04,446.807,438.492,219.554,214.264,244.004,240.12,359.636,353.436,456.813,448.24,342.423,336.612,366.187,359.836,466.617,457.788,513.792,503.644,319.933,314.616,319.052,313.752,320.971,315.632,403.6,396.364,251.749,248.776,411.735,404.3,272.684,268.272,406.363,399.06,482.084,472.844,315.984,310.744,328.699,323.192,449.015,440.644
25/1/2026 16:10,348.069,342.132,510.521,500.468,404.654,399.476,256.627,252.512,251.383,247.364,253.477,249.42,215.938,212.556,469.957,461.04,446.807,438.492,219.554,214.264,244.004,240.12,359.636,353.436,456.813,448.24,342.423,336.612,366.187,359.836,466.617,457.788,513.792,503.644,319.933,314.616,319.052,313.752,320.971,315.632,403.6,396.364,251.749,248.776,411.735,404.3,272.684,268.272,406.363,399.06,482.084,472.844,315.984,310.744,328.699,323.192,449.015,440.644
25/1/2026 16:15,348.069,342.132,510.521,500.468,404.654,399.476,256.627,252.512,251.383,247.364,253.477,249.42,215.938,212.556,469.957,461.04,446.807,438.492,219.554,214.264,244.004,240.12,359.636,353.436,456.813,448.24,342.423,336.612,366.187,359.836,466.617,457.788,513.792,503.644,319.933,314.616,319.052,313.752,320.971,315.632,403.6,396.364,251.749,248.776,411.735,404.3,272.684,268.272,406.363,399.06,482.084,472.844,315.984,310.744,328.699,323.192,449.015,440.644
25/1/2026 16:20,391.477,384.532,280.503,275.944,503.188,493.348,246.791,242.856,268.788,264.448,519.867,509.54,514.036,503.88,292.76,287.968,256.721,252.604,513.702,503.556,520.304,509.964,255.898,251.796,257.083,252.96,387.232,372.608,253.966,249.9,262.789,258.56,283.398,286.992,459.285,450.648,272.004,267.604,368.664,362.256,461.951,453.244,268.751,264.412,509.256,499.24,247.439,243.492,459.848,451.196,292.748,287.956,369.884,363.448,465.089,456.3,305.297,252.608
25/1/2026 16:25,391.477,384.532,280.503,275.944,503.188,493.348,246.791,242.856,268.788,264.448,519.867,509.54,514.036,503.88,292.76,287.968,256.721,252.604,513.702,503.556,520.304,509.964,255.898,251.796,257.083,252.96,387.232,372.608,253.966,249.9,262.789,258.56,283.398,286.992,459.285,450.648,272.004,267.604,368.664,362.256,461.951,453.244,268.751,264.412,509.256,499.24,247.439,243.492,459.848,451.196,292.748,287.956,369.884,363.448,465.089,456.3,305.297,252.608
25/1/2026 16:30,391.477,384.532,280.503,275.944,503.188,493.348,246.791,242.856,268.788,264.448,519.867,509.54,514.036,503.88,292.76,287.968,256.721,252.604,513.702,503.556,520.304,509.964,255.898,251.796,257.083,252.96,387.232,372.608,253.966,249.9,262.789,258.56,283.398,286.992,459.285,450.648,272.004,267.604,368.664,362.256,461.951,453.244,268.751,264.412,509.256,499.24,247.439,243.492,459.848,451.196,292.748,287.956,369.884,363.448,465.089,456.3,305.297,252.608
25/1/2026 16:35,187.598,184.708,180.829,178.056,183.568,180.56,175.994,173.304,176.751,174.048,181.782,178.992,181.273,178.492,178.652,175.916,172.686,170.052,183.459,180.452,182.522,179.72,163.788,161.304,172.271,169.644,186.198,183.332,164.268,161.776,175.641,172.956,179.775,177.984,177.537,174.616,163.727,161.244,184.997,182.152,177.451,174.736,178.135,174.912,185.087,182.24,175.03,172.356,177.822,175.1,179.555,176.804,186.76,183.884,177.98,175.256,173.329,170.684
25/1/2026 16:40,187.598,184.708,180.829,178.056,183.568,180.56,175.994,173.304,176.751,174.048,181.782,178.992,181.273,178.492,178.652,175.916,172.686,170.052,183.459,180.452,182.522,179.72,163.788,161.304,172.271,169.644,186.198,183.332,164.268,161.776,175.641,172.956,179.775,177.984,177.537,174.616,163.727,161.244,184.997,182.152,177.451,174.736,178.135,174.912,185.087,182.24,175.03,172.356,177.822,175.1,179.555,176.804,186.76,183.884,177.98,175.256,173.329,170.684
25/1/2026 16:45,187.598,184.708,180.829,178.056,183.568,180.56,175.994,173.304,176.751,174.048,181.782,178.992,181.273,178.492,178.652,175.916,172.686,170.052,183.459,180.452,182.522,179.72,163.788,161.304,172.271,169.644,186.198,183.332,164.268,161.776,175.641,172.956,179.775,177.984,177.537,174.616,163.727,161.244,184.997,182.152,177.451,174.736,178.135,174.912,185.087,182.24,175.03,172.356,177.822,175.1,179.555,176.804,186.76,183.884,177.98,175.256,173.329,170.684
25/1/2026 16:50,283.61,278.992,203.4,200.236,282.036,277.448,226.632,223.06,226.192,222.628,258.636,254.484,259.712,255.54,196.464,193.42,267.737,263.416,262.691,258.464,269.51,265.156,210.813,207.52,260.034,255.856,280.133,277.992,210.137,206.856,265.576,261.296,205.492,202.292,250.792,246.784,199.614,196.516,285.229,280.58,246.2,242.276,226.705,223.976,284.637,280,226.107,222.544,245.882,241.964,196.48,193.436,285.363,280.712,250.576,246.572,269.302,264.952
25/1/2026 16:55,283.61,278.992,203.4,200.236,282.036,277.448,226.632,223.06,226.192,222.628,258.636,254.484,259.712,255.54,196.464,193.42,267.737,263.416,262.691,258.464,269.51,265.156,210.813,207.52,260.034,255.856,280.133,277.992,210.137,206.856,265.576,261.296,205.492,202.292,250.792,246.784,199.614,196.516,285.229,280.58,246.2,242.276,226.705,223.976,284.637,280,226.107,222.544,245.882,241.964,196.48,193.436,285.363,280.712,250.576,246.572,269.302,264.952
25/1/2026 17:00,283.61,278.992,203.4,200.236,282.036,277.448,226.632,223.06,226.192,222.628,258.636,254.484,259.712,255.54,196.464,193.42,267.737,263.416,262.691,258.464,269.51,265.156,210.813,207.52,260.034,255.856,280.133,277.992,210.137,206.856,265.576,261.296,205.492,202.292,250.792,246.784,199.614,196.516,285.229,280.58,246.2,242.276,226.705,223.976,284.637,280,226.107,222.544,245.882,241.964,196.48,193.436,285.363,280.712,250.576,246.572,269.302,264.952
25/1/2026 17:05,226.327,222.76,217.461,214.052,209.949,206.672,184.391,181.556,185.783,182.924,227.756,224.164,230.387,226.748,219.168,215.728,200.444,197.332,234.765,229.408,226.005,222.444,190.094,187.16,198.694,195.612,224.592,221.056,191.319,188.364,202.744,199.592,217.938,214.52,190.663,229.056,181.945,179.152,226.441,222.872,219.29,215.848,186.536,183.664,211.395,208.092,183.434,180.616,215.832,212.452,220.479,217.016,229.711,226.084,228.745,225.136,201.21,198.084
25/1/2026 17:10,226.327,222.76,217.461,214.052,209.949,206.672,184.391,181.556,185.783,182.924,227.756,224.164,230.387,226.748,219.168,215.728,200.444,197.332,234.765,229.408,226.005,222.444,190.094,187.16,198.694,195.612,224.592,221.056,191.319,188.364,202.744,199.592,217.938,214.52,190.663,229.056,181.945,179.152,226.441,222.872,219.29,215.848,186.536,183.664,211.395,208.092,183.434,180.616,215.832,212.452,220.479,217.016,229.711,226.084,228.745,225.136,201.21,198.084
25/1/2026 17:15,226.327,222.76,217.461,214.052,209.949,206.672,184.391,181.556,185.783,182.924,227.756,224.164,230.387,226.748,219.168,215.728,200.444,197.332,234.765,229.408,226.005,222.444,190.094,187.16,198.694,195.612,224.592,221.056,191.319,188.364,202.744,199.592,217.938,214.52,190.663,229.056,181.945,179.152,226.441,222.872,219.29,215.848,186.536,183.664,211.395,208.092,183.434,180.616,215.832,212.452,220.479,217.016,229.711,226.084,228.745,225.136,201.21,198.084
25/1/2026 17:20,87.006,85.52,83.018,81.588,83.886,82.348,80.834,79.436,80.745,79.348,85.615,84.148,84.325,82.876,81.569,80.16,80.689,79.292,85.274,83.812,86.029,84.556,76.118,74.788,80.336,78.944,86.406,84.928,76.443,75.108,81.513,80.104,82.892,81.384,83.014,81.584,76.325,74.992,85.388,83.924,82.433,81.012,81.317,79.912,84.458,83.008,79.844,78.46,82.62,81.196,82.243,80.824,86.215,84.74,83.322,81.888,81.2,79.796
25/1/2026 17:25,87.006,85.52,83.018,81.588,83.886,82.348,80.834,79.436,80.745,79.348,85.615,84.148,84.325,82.876,81.569,80.16,80.689,79.292,85.274,83.812,86.029,84.556,76.118,74.788,80.336,78.944,86.406,84.928,76.443,75.108,81.513,80.104,82.892,81.384,83.014,81.584,76.325,74.992,85.388,83.924,82.433,81.012,81.317,79.912,84.458,83.008,79.844,78.46,82.62,81.196,82.243,80.824,86.215,84.74,83.322,81.888,81.2,79.796
25/1/2026 17:30,87.006,85.52,83.018,81.588,83.886,82.348,80.834,79.436,80.745,79.348,85.615,84.148,84.325,82.876,81.569,80.16,80.689,79.292,85.274,83.812,86.029,84.556,76.118,74.788,80.336,78.944,86.406,84.928,76.443,75.108,81.513,80.104,82.892,81.384,83.014,81.584,76.325,74.992,85.388,83.924,82.433,81.012,81.317,79.912,84.458,83.008,79.844,78.46,82.62,81.196,82.243,80.824,86.215,84.74,83.322,81.888,81.2,79.796
25/1/2026 17:35,107.335,105.576,95.872,94.264,88.568,84.68,85.059,83.6,86.187,84.712,123.269,121.316,122.055,120.116,96.529,94.912,100.94,99.264,123.642,121.684,123.872,121.912,87.384,85.892,104.458,102.736,106.674,104.924,87.639,86.144,107.031,105.276,95.511,93.908,110.129,108.336,86.868,85.384,100.604,98.932,109.404,107.62,86.779,85.296,86.698,85.216,83.943,82.5,108.877,107.1,97.684,96.052,101.224,99.544,110.36,108.564,102.306,100.612
25/1/2026 17:40,107.335,105.576,95.872,94.264,88.568,84.68,85.059,83.6,86.187,84.712,123.269,121.316,122.055,120.116,96.529,94.912,100.94,99.264,123.642,121.684,123.872,121.912,87.384,85.892,104.458,102.736,106.674,104.924,87.639,86.144,107.031,105.276,95.511,93.908,110.129,108.336,86.868,85.384,100.604,98.932,109.404,107.62,86.779,85.296,86.698,85.216,83.943,82.5,108.877,107.1,97.684,96.052,101.224,99.544,110.36,108.564,102.306,100.612
25/1/2026 17:45,107.335,105.576,95.872,94.264,88.568,84.68,85.059,83.6,86.187,84.712,123.269,121.316,122.055,120.116,96.529,94.912,100.94,99.264,123.642,121.684,123.872,121.912,87.384,85.892,104.458,102.736,106.674,104.924,87.639,86.144,107.031,105.276,95.511,93.908,110.129,108.336,86.868,85.384,100.604,98.932,109.404,107.62,86.779,85.296,86.698,85.216,83.943,82.5,108.877,107.1,97.684,96.052,101.224,99.544,110.36,108.564,102.306,100.612
25/1/2026 17:50,69.772,68.536,67.326,66.128,64.978,63.92,63.476,62.328,62.598,61.452,70.617,69.368,71.035,69.78,65.584,64.412,64.377,63.224,71.559,70.444,71.047,69.792,63.188,62.04,64.568,63.412,69.26,68.032,63.3,62.152,65.495,64.324,67.188,65.992,68.98,67.756,63.028,61.88,69.28,68.052,68.821,67.6,63.188,62.04,65.563,64.392,62.526,61.38,68.927,67.704,66.25,65.068,69.829,68.592,69.02,67.796,64.78,63.62
25/1/2026 17:55,69.772,68.536,67.326,66.128,64.978,63.92,63.476,62.328,62.598,61.452,70.617,69.368,71.035,69.78,65.584,64.412,64.377,63.224,71.559,70.444,71.047,69.792,63.188,62.04,64.568,63.412,69.26,68.032,63.3,62.152,65.495,64.324,67.188,65.992,68.98,67.756,63.028,61.88,69.28,68.052,68.821,67.6,63.188,62.04,65.563,64.392,62.526,61.38,68.927,67.704,66.25,65.068,69.829,68.592,69.02,67.796,64.78,63.62
25/1/2026 18:00,69.772,68.536,67.326,66.128,64.978,63.92,63.476,62.328,62.598,61.452,70.617,69.368,71.035,69.78,65.584,64.412,64.377,63.224,71.559,70.444,71.047,69.792,63.188,62.04,64.568,63.412,69.26,68.032,63.3,62.152,65.495,64.324,67.188,65.992,68.98,67.756,63.028,61.88,69.28,68.052,68.821,67.6,63.188,62.04,65.563,64.392,62.526,61.38,68.927,67.704,66.25,65.068,69.829,68.592,69.02,67.796,64.78,63.62
25/1/2026 18:05,53.935,52.828,51.848,50.756,51.461,50.372,50.271,49.192,49.424,48.352,52.973,51.872,52.65,51.552,50.711,49.628,49.908,48.832,53.182,52.02,53.186,52.084,47.768,46.712,50.158,49.08,52.973,52.424,47.865,46.808,50.691,49.608,51.578,50.488,51.848,50.756,47.615,46.56,53.11,52.008,51.586,50.496,49.964,48.888,51.707,50.616,49.387,48.316,51.674,50.584,51.324,50.236,53.508,52.404,51.961,50.868,50.191,49.112
25/1/2026 18:10,53.935,52.828,51.848,50.756,51.461,50.372,50.271,49.192,49.424,48.352,52.973,51.872,52.65,51.552,50.711,49.628,49.908,48.832,53.182,52.02,53.186,52.084,47.768,46.712,50.158,49.08,52.973,52.424,47.865,46.808,50.691,49.608,51.578,50.488,51.848,50.756,47.615,46.56,53.11,52.008,51.586,50.496,49.964,48.888,51.707,50.616,49.387,48.316,51.674,50.584,51.324,50.236,53.508,52.404,51.961,50.868,50.191,49.112
25/1/2026 18:15,53.935,52.828,51.848,50.756,51.461,50.372,50.271,49.192,49.424,48.352,52.973,51.872,52.65,51.552,50.711,49.628,49.908,48.832,53.182,52.02,53.186,52.084,47.768,46.712,50.158,49.08,52.973,52.424,47.865,46.808,50.691,49.608,51.578,50.488,51.848,50.756,47.615,46.56,53.11,52.008,51.586,50.496,49.964,48.888,51.707,50.616,49.387,48.316,51.674,50.584,51.324,50.236,53.508,52.404,51.961,50.868,50.191,49.112
25/1/2026 18:20,31.173,30.356,29.704,28.936,29.302,28.544,28.366,27.632,27.874,27.152,31.07,30.256,30.98,30.168,28.81,28.064,28.867,28.108,31.165,30.348,31.156,30.34,27.6,26.884,28.903,28.144,30.931,30.06,27.522,26.808,28.887,28.128,29.146,28.392,29.974,29.132,27.222,26.516,30.656,29.852,29.909,29.136,28.502,27.764,29.257,28.5,27.702,26.984,30.02,29.244,29.482,28.72,30.836,30.028,29.827,29.056,29.051,28.248
25/1/2026 18:25,31.173,30.356,29.704,28.936,29.302,28.544,28.366,27.632,27.874,27.152,31.07,30.256,30.98,30.168,28.81,28.064,28.867,28.108,31.165,30.348,31.156,30.34,27.6,26.884,28.903,28.144,30.931,30.06,27.522,26.808,28.887,28.128,29.146,28.392,29.974,29.132,27.222,26.516,30.656,29.852,29.909,29.136,28.502,27.764,29.257,28.5,27.702,26.984,30.02,29.244,29.482,28.72,30.836,30.028,29.827,29.056,29.051,28.248
25/1/2026 18:30,31.173,30.356,29.704,28.936,29.302,28.544,28.366,27.632,27.874,27.152,31.07,30.256,30.98,30.168,28.81,28.064,28.867,28.108,31.165,30.348,31.156,30.34,27.6,26.884,28.903,28.144,30.931,30.06,27.522,26.808,28.887,28.128,29.146,28.392,29.974,29.132,27.222,26.516,30.656,29.852,29.909,29.136,28.502,27.764,29.257,28.5,27.702,26.984,30.02,29.244,29.482,28.72,30.836,30.028,29.827,29.056,29.051,28.248
25/1/2026 18:35,13.907,13.532,13.853,13.48,12.951,12.604,12.819,12.472,12.282,11.948,13.394,13.032,13.386,13.024,12.672,12.328,12.853,12.504,13.353,12.992,13.505,13.14,12.201,11.868,13.091,12.736,13.686,13.34,12.114,11.784,12.722,12.376,13.041,12.688,13.312,12.888,12.18,11.848,13.579,13.212,12.951,12.6,12.943,12.592,12.762,12.416,12.418,12.08,13.049,12.696,13.332,12.972,13.591,13.224,13.078,12.724,12.943,12.584
25/1/2026 18:40,13.907,13.532,13.853,13.48,12.951,12.604,12.819,12.472,12.282,11.948,13.394,13.032,13.386,13.024,12.672,12.328,12.853,12.504,13.353,12.992,13.505,13.14,12.201,11.868,13.091,12.736,13.686,13.34,12.114,11.784,12.722,12.376,13.041,12.688,13.312,12.888,12.18,11.848,13.579,13.212,12.951,12.6,12.943,12.592,12.762,12.416,12.418,12.08,13.049,12.696,13.332,12.972,13.591,13.224,13.078,12.724,12.943,12.584
25/1/2026 18:45,13.907,13.532,13.853,13.48,12.951,12.604,12.819,12.472,12.282,11.948,13.394,13.032,13.386,13.024,12.672,12.328,12.853,12.504,13.353,12.992,13.505,13.14,12.201,11.868,13.091,12.736,13.686,13.34,12.114,11.784,12.722,12.376,13.041,12.688,13.312,12.888,12.18,11.848,13.579,13.212,12.951,12.6,12.943,12.592,12.762,12.416,12.418,12.08,13.049,12.696,13.332,12.972,13.591,13.224,13.078,12.724,12.943,12.584
25/1/2026 18:50,11.364,11.052,11.49,11.176,10.501,10.212,10.399,10.112,10.054,9.776,11.22,10.912,11.191,10.884,10.477,10.188,10.65,10.356,11.167,10.84,11.339,11.028,10.264,9.98,10.785,10.488,11.212,10.904,10.206,9.924,10.404,10.116,10.74,10.436,11.039,10.736,10.223,9.94,11.142,10.836,10.817,10.52,10.694,10.4,10.366,10.08,10.058,9.78,10.916,10.616,11.096,10.792,11.175,10.868,10.838,10.54,10.744,10.448
25/1/2026 18:55,11.364,11.052,11.49,11.176,10.501,10.212,10.399,10.112,10.054,9.776,11.22,10.912,11.191,10.884,10.477,10.188,10.65,10.356,11.167,10.84,11.339,11.028,10.264,9.98,10.785,10.488,11.212,10.904,10.206,9.924,10.404,10.116,10.74,10.436,11.039,10.736,10.223,9.94,11.142,10.836,10.817,10.52,10.694,10.4,10.366,10.08,10.058,9.78,10.916,10.616,11.096,10.792,11.175,10.868,10.838,10.54,10.744,10.448
25/1/2026 19:00,11.364,11.052,11.49,11.176,10.501,10.212,10.399,10.112,10.054,9.776,11.22,10.912,11.191,10.884,10.477,10.188,10.65,10.356,11.167,10.84,11.339,11.028,10.264,9.98,10.785,10.488,11.212,10.904,10.206,9.924,10.404,10.116,10.74,10.436,11.039,10.736,10.223,9.94,11.142,10.836,10.817,10.52,10.694,10.4,10.366,10.08,10.058,9.78,10.916,10.616,11.096,10.792,11.175,10.868,10.838,10.54,10.744,10.448
25/1/2026 19:05,6.818,6.62,6.859,6.66,6.138,5.972,6.048,5.884,5.848,5.688,6.675,6.48,6.531,6.34,5.932,5.756,6.347,6.16,6.465,6.276,6.761,6.564,5.94,5.764,6.429,6.24,6.72,6.524,5.87,5.696,5.965,5.788,6.153,5.972,6.531,6.34,5.989,5.812,6.58,6.388,6.309,6.124,6.433,6.26,5.974,5.812,5.823,5.664,6.317,6.132,6.453,6.264,6.568,6.376,6.317,6.132,6.302,6.252
25/1/2026 19:10,6.818,6.62,6.859,6.66,6.138,5.972,6.048,5.884,5.848,5.688,6.675,6.48,6.531,6.34,5.932,5.756,6.347,6.16,6.465,6.276,6.761,6.564,5.94,5.764,6.429,6.24,6.72,6.524,5.87,5.696,5.965,5.788,6.153,5.972,6.531,6.34,5.989,5.812,6.58,6.388,6.309,6.124,6.433,6.26,5.974,5.812,5.823,5.664,6.317,6.132,6.453,6.264,6.568,6.376,6.317,6.132,6.302,6.252
25/1/2026 19:15,6.818,6.62,6.859,6.66,6.138,5.972,6.048,5.884,5.848,5.688,6.675,6.48,6.531,6.34,5.932,5.756,6.347,6.16,6.465,6.276,6.761,6.564,5.94,5.764,6.429,6.24,6.72,6.524,5.87,5.696,5.965,5.788,6.153,5.972,6.531,6.34,5.989,5.812,6.58,6.388,6.309,6.124,6.433,6.26,5.974,5.812,5.823,5.664,6.317,6.132,6.453,6.264,6.568,6.376,6.317,6.132,6.302,6.252
25/1/2026 19:20,0.527,0.488,0.425,0.388,0,0,0,0,0,0,0.147,0.116,0.171,0.14,0,0,0.191,0.16,0,0,0.249,0.216,0,0,0.273,0.24,0.437,0.4,0,0,0,0,0,0,0.106,0.076,0.069,0.04,0,0,0,0,0.302,0.268,0,0,0,0,0,0,0.073,0.044,0.298,0.264,0,0,0.216,0.2
25/1/2026 19:25,0.527,0.488,0.425,0.388,0,0,0,0,0,0,0.147,0.116,0.171,0.14,0,0,0.191,0.16,0,0,0.249,0.216,0,0,0.273,0.24,0.437,0.4,0,0,0,0,0,0,0.106,0.076,0.069,0.04,0,0,0,0,0.302,0.268,0,0,0,0,0,0,0.073,0.044,0.298,0.264,0,0,0.216,0.2
25/1/2026 19:30,0.527,0.488,0.425,0.388,0,0,0,0,0,0,0.147,0.116,0.171,0.14,0,0,0.191,0.16,0,0,0.249,0.216,0,0,0.273,0.24,0.437,0.4,0,0,0,0,0,0,0.106,0.076,0.069,0.04,0,0,0,0,0.302,0.268,0,0,0,0,0,0,0.073,0.044,0.298,0.264,0,0,0.216,0.2
25/1/2026 19:35,0,0,0,0,0,0,0,0,0,0,0,0,0,0,0,0,0,0,0,0,0,0,0,0,0,0,0,0,0,0,0,0,0,0,0,0,0,0,0,0,0,0,0,0,0,0,0,0,0,0,0,0,0,0,0,0,0,0
25/1/2026 19:40,0,0,0,0,0,0,0,0,0,0,0,0,0,0,0,0,0,0,0,0,0,0,0,0,0,0,0,0,0,0,0,0,0,0,0,0,0,0,0,0,0,0,0,0,0,0,0,0,0,0,0,0,0,0,0,0,0,0
25/1/2026 19:45,0,0,0,0,0,0,0,0,0,0,0,0,0,0,0,0,0,0,0,0,0,0,0,0,0,0,0,0,0,0,0,0,0,0,0,0,0,0,0,0,0,0,0,0,0,0,0,0,0,0,0,0,0,0,0,0,0,0
25/1/2026 19:50,0,0,0,0,0,0,0,0,0,0,0,0,0,0,0,0,0,0,0,0,0,0,0,0,0,0,0,0,0,0,0,0,0,0,0,0,0,0,0,0,0,0,0,0,0,0,0,0,0,0,0,0,0,0,0,0,0,0
25/1/2026 19:55,0,0,0,0,0,0,0,0,0,0,0,0,0,0,0,0,0,0,0,0,0,0,0,0,0,0,0,0,0,0,0,0,0,0,0,0,0,0,0,0,0,0,0,0,0,0,0,0,0,0,0,0,0,0,0,0,0,0
25/1/2026 20:00,0,0,0,0,0,0,0,0,0,0,0,0,0,0,0,0,0,0,0,0,0,0,0,0,0,0,0,0,0,0,0,0,0,0,0,0,0,0,0,0,0,0,0,0,0,0,0,0,0,0,0,0,0,0,0,0,0,0
25/1/2026 20:05,0,0,0,0,0,0,0,0,0,0,0,0,0,0,0,0,0,0,0,0,0,0,0,0,0,0,0,0,0,0,0,0,0,0,0,0,0,0,0,0,0,0,0,0,0,0,0,0,0,0,0,0,0,0,0,0,0,0
25/1/2026 20:10,0,0,0,0,0,0,0,0,0,0,0,0,0,0,0,0,0,0,0,0,0,0,0,0,0,0,0,0,0,0,0,0,0,0,0,0,0,0,0,0,0,0,0,0,0,0,0,0,0,0,0,0,0,0,0,0,0,0
25/1/2026 20:15,0,0,0,0,0,0,0,0,0,0,0,0,0,0,0,0,0,0,0,0,0,0,0,0,0,0,0,0,0,0,0,0,0,0,0,0,0,0,0,0,0,0,0,0,0,0,0,0,0,0,0,0,0,0,0,0,0,0
25/1/2026 20:20,0,0,0,0,0,0,0,0,0,0,0,0,0,0,0,0,0,0,0,0,0,0,0,0,0,0,0,0,0,0,0,0,0,0,0,0,0,0,0,0,0,0,0,0,0,0,0,0,0,0,0,0,0,0,0,0,0,0
25/1/2026 20:25,0,0,0,0,0,0,0,0,0,0,0,0,0,0,0,0,0,0,0,0,0,0,0,0,0,0,0,0,0,0,0,0,0,0,0,0,0,0,0,0,0,0,0,0,0,0,0,0,0,0,0,0,0,0,0,0,0,0
25/1/2026 20:30,0,0,0,0,0,0,0,0,0,0,0,0,0,0,0,0,0,0,0,0,0,0,0,0,0,0,0,0,0,0,0,0,0,0,0,0,0,0,0,0,0,0,0,0,0,0,0,0,0,0,0,0,0,0,0,0,0,0
25/1/2026 20:35,0,0,0,0,0,0,0,0,0,0,0,0,0,0,0,0,0,0,0,0,0,0,0,0,0,0,0,0,0,0,0,0,0,0,0,0,0,0,0,0,0,0,0,0,0,0,0,0,0,0,0,0,0,0,0,0,0,0
25/1/2026 20:40,0,0,0,0,--,--,0,0,0,0,0,0,0,0,0,0,0,0,0,0,0,0,0,0,0,0,0,0,0,0,0,0,0,0,0,0,0,0,0,0,0,0,0,0,--,--,0,0,0,0,0,0,0,0,0,0,0,0
25/1/2026 20:45,0,0,0,0,--,--,0,0,0,0,0,0,0,0,0,0,0,0,0,0,0,0,0,0,0,0,0,0,0,0,0,0,0,0,0,0,0,0,0,0,0,0,0,0,--,--,0,0,0,0,0,0,0,0,0,0,0,0
25/1/2026 20:50,0,0,0,0,--,--,0,0,0,0,0,0,0,0,0,0,0,0,0,0,0,0,0,0,0,0,0,0,0,0,0,0,0,0,0,0,0,0,0,0,0,0,0,0,--,--,0,0,0,0,0,0,0,0,0,0,0,0
25/1/2026 20:55,0,0,0,0,--,--,0,0,0,0,0,0,0,0,0,0,0,0,0,0,0,0,0,0,0,0,0,0,0,0,0,0,0,0,0,0,0,0,0,0,0,0,0,0,--,--,0,0,0,0,0,0,0,0,0,0,0,0
25/1/2026 21:00,0,0,0,0,--,--,0,0,0,0,0,0,0,0,0,0,0,0,0,0,0,0,0,0,0,0,0,0,0,0,0,0,0,0,0,0,0,0,0,0,0,0,0,0,--,--,0,0,0,0,0,0,0,0,0,0,0,0
25/1/2026 21:05,0,0,0,0,--,--,0,0,0,0,0,0,0,0,0,0,0,0,0,0,0,0,0,0,0,0,0,0,0,0,0,0,0,0,0,0,0,0,0,0,0,0,0,0,--,--,0,0,0,0,0,0,0,0,0,0,0,0
25/1/2026 21:10,0,0,0,0,--,--,0,0,0,0,0,0,0,0,0,0,0,0,0,0,0,0,0,0,0,0,0,0,0,0,0,0,0,0,0,0,0,0,0,0,0,0,0,0,--,--,0,0,0,0,0,0,0,0,0,0,0,0
25/1/2026 21:15,0,0,0,0,--,--,0,0,0,0,0,0,0,0,0,0,0,0,0,0,0,0,0,0,0,0,0,0,0,0,0,0,0,0,0,0,0,0,0,0,0,0,0,0,--,--,0,0,0,0,0,0,0,0,0,0,0,0
25/1/2026 21:20,0,0,0,0,--,--,0,0,0,0,0,0,0,0,0,0,0,0,0,0,0,0,0,0,0,0,0,0,0,0,0,0,0,0,0,0,0,0,0,0,0,0,0,0,--,--,0,0,0,0,0,0,0,0,0,0,0,0
25/1/2026 21:25,0,0,0,0,--,--,0,0,0,0,0,0,0,0,0,0,0,0,0,0,0,0,0,0,0,0,0,0,0,0,0,0,0,0,0,0,0,0,0,0,0,0,0,0,--,--,0,0,0,0,0,0,0,0,0,0,0,0
25/1/2026 21:30,0,0,0,0,--,--,0,0,0,0,0,0,0,0,0,0,0,0,0,0,0,0,0,0,0,0,0,0,0,0,0,0,0,0,0,0,0,0,0,0,0,0,0,0,--,--,0,0,0,0,0,0,0,0,0,0,0,0
25/1/2026 21:35,0,0,0,0,--,--,0,0,0,0,0,0,0,0,0,0,0,0,0,0,0,0,0,0,0,0,0,0,0,0,0,0,0,0,0,0,0,0,0,0,0,0,0,0,--,--,0,0,0,0,0,0,0,0,0,0,0,0
25/1/2026 21:40,0,0,0,0,--,--,0,0,0,0,0,0,0,0,0,0,0,0,0,0,0,0,0,0,0,0,0,0,0,0,0,0,0,0,0,0,0,0,0,0,0,0,0,0,--,--,0,0,0,0,0,0,0,0,0,0,0,0
25/1/2026 21:45,0,0,0,0,--,--,0,0,0,0,0,0,0,0,0,0,0,0,0,0,0,0,0,0,0,0,0,0,0,0,0,0,0,0,0,0,0,0,0,0,0,0,0,0,--,--,0,0,0,0,0,0,0,0,0,0,0,0
25/1/2026 21:50,0,0,0,0,--,--,0,0,0,0,0,0,0,0,0,0,0,0,0,0,0,0,0,0,0,0,0,0,0,0,0,0,0,0,0,0,0,0,0,0,0,0,0,0,--,--,0,0,0,0,0,0,0,0,0,0,0,0
25/1/2026 21:55,0,0,0,0,--,--,0,0,0,0,0,0,0,0,0,0,0,0,0,0,0,0,0,0,0,0,0,0,0,0,0,0,0,0,0,0,0,0,0,0,0,0,0,0,--,--,0,0,0,0,0,0,0,0,0,0,0,0
25/1/2026 22:00,0,0,0,0,--,--,0,0,0,0,0,0,0,0,0,0,0,0,0,0,0,0,0,0,0,0,0,0,0,0,0,0,0,0,0,0,0,0,0,0,0,0,0,0,--,--,0,0,0,0,0,0,0,0,0,0,0,0
25/1/2026 22:05,0,0,0,0,--,--,0,0,0,0,0,0,0,0,0,0,0,0,0,0,0,0,0,0,0,0,0,0,0,0,0,0,0,0,0,0,0,0,0,0,0,0,0,0,--,--,0,0,0,0,0,0,0,0,0,0,0,0
25/1/2026 22:10,0,0,0,0,--,--,0,0,0,0,0,0,0,0,0,0,0,0,0,0,0,0,0,0,0,0,0,0,0,0,0,0,0,0,0,0,0,0,0,0,0,0,0,0,--,--,0,0,0,0,0,0,0,0,0,0,0,0
25/1/2026 22:15,0,0,0,0,--,--,0,0,0,0,0,0,0,0,0,0,0,0,0,0,0,0,0,0,0,0,0,0,0,0,0,0,0,0,0,0,0,0,0,0,0,0,0,0,--,--,0,0,0,0,0,0,0,0,0,0,0,0
25/1/2026 22:20,0,0,0,0,--,--,0,0,0,0,0,0,0,0,0,0,0,0,0,0,0,0,0,0,0,0,0,0,0,0,0,0,0,0,0,0,0,0,0,0,0,0,0,0,--,--,0,0,0,0,0,0,0,0,0,0,0,0
25/1/2026 22:25,0,0,0,0,--,--,0,0,0,0,0,0,0,0,0,0,0,0,0,0,0,0,0,0,0,0,0,0,0,0,0,0,0,0,0,0,0,0,0,0,0,0,0,0,--,--,0,0,0,0,0,0,0,0,0,0,0,0
25/1/2026 22:30,0,0,0,0,--,--,0,0,0,0,0,0,0,0,0,0,0,0,0,0,0,0,0,0,0,0,0,0,0,0,0,0,0,0,0,0,0,0,0,0,0,0,0,0,--,--,0,0,0,0,0,0,0,0,0,0,0,0
25/1/2026 22:35,0,0,0,0,--,--,0,0,0,0,0,0,0,0,0,0,0,0,0,0,0,0,0,0,0,0,0,0,0,0,0,0,0,0,0,0,0,0,0,0,0,0,0,0,--,--,0,0,0,0,0,0,0,0,0,0,0,0
25/1/2026 22:40,0,0,0,0,--,--,0,0,0,0,0,0,0,0,0,0,0,0,0,0,0,0,0,0,0,0,0,0,0,0,0,0,0,0,0,0,0,0,0,0,0,0,0,0,--,--,0,0,0,0,0,0,0,0,0,0,0,0
25/1/2026 22:45,0,0,0,0,--,--,0,0,0,0,0,0,0,0,0,0,0,0,0,0,0,0,0,0,0,0,0,0,0,0,0,0,0,0,0,0,0,0,0,0,0,0,0,0,--,--,0,0,0,0,0,0,0,0,0,0,0,0
25/1/2026 22:50,0,0,0,0,--,--,0,0,0,0,0,0,0,0,0,0,0,0,0,0,0,0,0,0,0,0,0,0,0,0,0,0,0,0,0,0,0,0,0,0,0,0,0,0,--,--,0,0,0,0,0,0,0,0,0,0,0,0
25/1/2026 22:55,0,0,0,0,--,--,0,0,0,0,0,0,0,0,0,0,0,0,0,0,0,0,0,0,0,0,0,0,0,0,0,0,0,0,0,0,0,0,0,0,0,0,0,0,--,--,0,0,0,0,0,0,0,0,0,0,0,0
25/1/2026 23:00,0,0,0,0,--,--,0,0,0,0,0,0,0,0,0,0,0,0,0,0,0,0,0,0,0,0,0,0,0,0,0,0,0,0,0,0,0,0,0,0,0,0,0,0,--,--,0,0,0,0,0,0,0,0,0,0,0,0
25/1/2026 23:05,0,0,0,0,--,--,0,0,0,0,0,0,0,0,0,0,0,0,0,0,0,0,0,0,0,0,0,0,0,0,0,0,0,0,0,0,0,0,0,0,0,0,0,0,--,--,0,0,0,0,0,0,0,0,0,0,0,0
25/1/2026 23:10,0,0,0,0,--,--,0,0,0,0,0,0,0,0,0,0,0,0,0,0,0,0,0,0,0,0,0,0,0,0,0,0,0,0,0,0,0,0,0,0,0,0,0,0,--,--,0,0,0,0,0,0,0,0,0,0,0,0
25/1/2026 23:15,0,0,0,0,--,--,0,0,0,0,0,0,0,0,0,0,0,0,0,0,0,0,0,0,0,0,0,0,0,0,0,0,0,0,0,0,0,0,0,0,0,0,0,0,--,--,0,0,0,0,0,0,0,0,0,0,0,0
25/1/2026 23:20,0,0,0,0,--,--,0,0,0,0,0,0,0,0,0,0,0,0,0,0,0,0,0,0,0,0,0,0,0,0,0,0,0,0,0,0,0,0,0,0,0,0,0,0,--,--,0,0,0,0,0,0,0,0,0,0,0,0
25/1/2026 23:25,0,0,0,0,--,--,0,0,0,0,0,0,0,0,0,0,0,0,0,0,0,0,0,0,0,0,0,0,0,0,0,0,0,0,0,0,0,0,0,0,0,0,0,0,--,--,0,0,0,0,0,0,0,0,0,0,0,0
25/1/2026 23:30,0,0,0,0,--,--,0,0,0,0,0,0,0,0,0,0,0,0,0,0,0,0,0,0,0,0,0,0,0,0,0,0,0,0,0,0,0,0,0,0,0,0,0,0,--,--,0,0,0,0,0,0,0,0,0,0,0,0
25/1/2026 23:35,0,0,0,0,--,--,0,0,0,0,0,0,0,0,0,0,0,0,0,0,0,0,0,0,0,0,0,0,0,0,0,0,0,0,0,0,0,0,0,0,0,0,0,0,--,--,0,0,0,0,0,0,0,0,0,0,0,0
25/1/2026 23:40,0,0,0,0,--,--,0,0,0,0,0,0,0,0,0,0,0,0,0,0,0,0,0,0,0,0,0,0,0,0,0,0,0,0,0,0,0,0,0,0,0,0,0,0,--,--,0,0,0,0,0,0,0,0,0,0,0,0
25/1/2026 23:45,0,0,0,0,--,--,0,0,0,0,0,0,0,0,0,0,0,0,0,0,0,0,0,0,0,0,0,0,0,0,0,0,0,0,0,0,0,0,0,0,0,0,0,0,--,--,0,0,0,0,0,0,0,0,0,0,0,0
25/1/2026 23:50,0,0,0,0,--,--,0,0,0,0,0,0,0,0,0,0,0,0,0,0,0,0,0,0,0,0,0,0,0,0,0,0,0,0,0,0,0,0,0,0,0,0,0,0,--,--,0,0,0,0,0,0,0,0,0,0,0,0
25/1/2026 23:55,0,0,0,0,--,--,0,0,0,0,0,0,0,0,0,0,0,0,0,0,0,0,0,0,0,0,0,0,0,0,0,0,0,0,0,0,0,0,0,0,0,0,0,0,--,--,0,0,0,0,0,0,0,0,0,0,0,0
26/1/2026 0:00,--,--,--,--,--,--,--,--,--,--,--,--,--,--,--,--,--,--,--,--,--,--,--,--,--,--,--,--,--,--,--,--,--,--,--,--,--,--,--,--,--,--,--,--,--,--,--,--,--,--,--,--,--,--,--,--,--,--
26/1/2026 0:05,--,--,--,--,--,--,--,--,--,--,--,--,--,--,--,--,--,--,--,--,--,--,--,--,--,--,--,--,--,--,--,--,--,--,--,--,--,--,--,--,--,--,--,--,--,--,--,--,--,--,--,--,--,--,--,--,--,--
26/1/2026 0:10,--,--,--,--,--,--,--,--,--,--,--,--,--,--,--,--,--,--,--,--,--,--,--,--,--,--,--,--,--,--,--,--,--,--,--,--,--,--,--,--,--,--,--,--,--,--,--,--,--,--,--,--,--,--,--,--,--,--
26/1/2026 0:15,--,--,--,--,--,--,--,--,--,--,--,--,--,--,--,--,--,--,--,--,--,--,--,--,--,--,--,--,--,--,--,--,--,--,--,--,--,--,--,--,--,--,--,--,--,--,--,--,--,--,--,--,--,--,--,--,--,--
26/1/2026 0:20,0,0,0,0,--,--,0,0,0,0,0,0,0,0,0,0,0,0,0,0,0,0,0,0,0,0,0,0,0,0,0,0,0,0,0,0,0,0,0,0,0,0,0,0,--,--,0,0,0,0,0,0,0,0,0,0,0,0
26/1/2026 0:25,0,0,0,0,--,--,0,0,0,0,0,0,0,0,0,0,0,0,0,0,0,0,0,0,0,0,0,0,0,0,0,0,0,0,0,0,0,0,0,0,0,0,0,0,--,--,0,0,0,0,0,0,0,0,0,0,0,0
26/1/2026 0:30,0,0,0,0,--,--,0,0,0,0,0,0,0,0,0,0,0,0,0,0,0,0,0,0,0,0,0,0,0,0,0,0,0,0,0,0,0,0,0,0,0,0,0,0,--,--,0,0,0,0,0,0,0,0,0,0,0,0
26/1/2026 0:35,0,0,0,0,--,--,0,0,0,0,0,0,0,0,0,0,0,0,0,0,0,0,0,0,0,0,0,0,0,0,0,0,0,0,0,0,0,0,0,0,0,0,0,0,--,--,0,0,0,0,0,0,0,0,0,0,0,0
26/1/2026 0:40,0,0,0,0,--,--,0,0,0,0,0,0,0,0,0,0,0,0,0,0,0,0,0,0,0,0,0,0,0,0,0,0,0,0,0,0,0,0,0,0,0,0,0,0,--,--,0,0,0,0,0,0,0,0,0,0,0,0
26/1/2026 0:45,0,0,0,0,--,--,0,0,0,0,0,0,0,0,0,0,0,0,0,0,0,0,0,0,0,0,0,0,0,0,0,0,0,0,0,0,0,0,0,0,0,0,0,0,--,--,0,0,0,0,0,0,0,0,0,0,0,0
26/1/2026 0:50,0,0,0,0,--,--,0,0,0,0,0,0,0,0,0,0,0,0,0,0,0,0,0,0,0,0,0,0,0,0,0,0,0,0,0,0,0,0,0,0,0,0,0,0,--,--,0,0,0,0,0,0,0,0,0,0,0,0
26/1/2026 0:55,0,0,0,0,--,--,0,0,0,0,0,0,0,0,0,0,0,0,0,0,0,0,0,0,0,0,0,0,0,0,0,0,0,0,0,0,0,0,0,0,0,0,0,0,--,--,0,0,0,0,0,0,0,0,0,0,0,0
26/1/2026 1:00,0,0,0,0,--,--,0,0,0,0,0,0,0,0,0,0,0,0,0,0,0,0,0,0,0,0,0,0,0,0,0,0,0,0,0,0,0,0,0,0,0,0,0,0,--,--,0,0,0,0,0,0,0,0,0,0,0,0
26/1/2026 1:05,0,0,0,0,--,--,0,0,0,0,0,0,0,0,0,0,0,0,0,0,0,0,0,0,0,0,0,0,0,0,0,0,0,0,0,0,0,0,0,0,0,0,0,0,--,--,0,0,0,0,0,0,0,0,0,0,0,0
26/1/2026 1:10,0,0,0,0,--,--,0,0,0,0,0,0,0,0,0,0,0,0,0,0,0,0,0,0,0,0,0,0,0,0,0,0,0,0,0,0,0,0,0,0,0,0,0,0,--,--,0,0,0,0,0,0,0,0,0,0,0,0
26/1/2026 1:15,0,0,0,0,--,--,0,0,0,0,0,0,0,0,0,0,0,0,0,0,0,0,0,0,0,0,0,0,0,0,0,0,0,0,0,0,0,0,0,0,0,0,0,0,--,--,0,0,0,0,0,0,0,0,0,0,0,0
26/1/2026 1:20,0,0,0,0,--,--,0,0,0,0,0,0,0,0,0,0,0,0,0,0,0,0,0,0,0,0,0,0,0,0,0,0,0,0,0,0,0,0,0,0,0,0,0,0,--,--,0,0,0,0,0,0,0,0,0,0,0,0
26/1/2026 1:25,0,0,0,0,--,--,0,0,0,0,0,0,0,0,0,0,0,0,0,0,0,0,0,0,0,0,0,0,0,0,0,0,0,0,0,0,0,0,0,0,0,0,0,0,--,--,0,0,0,0,0,0,0,0,0,0,0,0
26/1/2026 1:30,0,0,0,0,--,--,0,0,0,0,0,0,0,0,0,0,0,0,0,0,0,0,0,0,0,0,0,0,0,0,0,0,0,0,0,0,0,0,0,0,0,0,0,0,--,--,0,0,0,0,0,0,0,0,0,0,0,0
26/1/2026 1:35,0,0,0,0,--,--,0,0,0,0,0,0,0,0,0,0,0,0,0,0,0,0,0,0,0,0,0,0,0,0,0,0,0,0,0,0,0,0,0,0,0,0,0,0,--,--,0,0,0,0,0,0,0,0,0,0,0,0
26/1/2026 1:40,0,0,0,0,--,--,0,0,0,0,0,0,0,0,0,0,0,0,0,0,0,0,0,0,0,0,0,0,0,0,0,0,0,0,0,0,0,0,0,0,0,0,0,0,--,--,0,0,0,0,0,0,0,0,0,0,0,0
26/1/2026 1:45,0,0,0,0,--,--,0,0,0,0,0,0,0,0,0,0,0,0,0,0,0,0,0,0,0,0,0,0,0,0,0,0,0,0,0,0,0,0,0,0,0,0,0,0,--,--,0,0,0,0,0,0,0,0,0,0,0,0
26/1/2026 1:50,0,0,0,0,--,--,0,0,0,0,0,0,0,0,0,0,0,0,0,0,0,0,0,0,0,0,0,0,0,0,0,0,0,0,0,0,0,0,0,0,0,0,0,0,--,--,0,0,0,0,0,0,0,0,0,0,0,0
26/1/2026 1:55,0,0,0,0,--,--,0,0,0,0,0,0,0,0,0,0,0,0,0,0,0,0,0,0,0,0,0,0,0,0,0,0,0,0,0,0,0,0,0,0,0,0,0,0,--,--,0,0,0,0,0,0,0,0,0,0,0,0
26/1/2026 2:00,0,0,0,0,--,--,0,0,0,0,0,0,0,0,0,0,0,0,0,0,0,0,0,0,0,0,0,0,0,0,0,0,0,0,0,0,0,0,0,0,0,0,0,0,--,--,0,0,0,0,0,0,0,0,0,0,0,0
26/1/2026 2:05,0,0,0,0,--,--,0,0,0,0,0,0,0,0,0,0,0,0,0,0,0,0,0,0,0,0,0,0,0,0,0,0,0,0,0,0,0,0,0,0,0,0,0,0,--,--,0,0,0,0,0,0,0,0,0,0,0,0
26/1/2026 2:10,0,0,0,0,--,--,0,0,0,0,0,0,0,0,0,0,0,0,0,0,0,0,0,0,0,0,0,0,0,0,0,0,0,0,0,0,0,0,0,0,0,0,0,0,--,--,0,0,0,0,0,0,0,0,0,0,0,0
26/1/2026 2:15,0,0,0,0,--,--,0,0,0,0,0,0,0,0,0,0,0,0,0,0,0,0,0,0,0,0,0,0,0,0,0,0,0,0,0,0,0,0,0,0,0,0,0,0,--,--,0,0,0,0,0,0,0,0,0,0,0,0
26/1/2026 2:20,0,0,0,0,--,--,0,0,0,0,0,0,0,0,0,0,0,0,0,0,0,0,0,0,0,0,0,0,0,0,0,0,0,0,0,0,0,0,0,0,0,0,0,0,--,--,0,0,0,0,0,0,0,0,0,0,0,0
26/1/2026 2:25,0,0,0,0,--,--,0,0,0,0,0,0,0,0,0,0,0,0,0,0,0,0,0,0,0,0,0,0,0,0,0,0,0,0,0,0,0,0,0,0,0,0,0,0,--,--,0,0,0,0,0,0,0,0,0,0,0,0
26/1/2026 2:30,0,0,0,0,--,--,0,0,0,0,0,0,0,0,0,0,0,0,0,0,0,0,0,0,0,0,0,0,0,0,0,0,0,0,0,0,0,0,0,0,0,0,0,0,--,--,0,0,0,0,0,0,0,0,0,0,0,0
26/1/2026 2:35,0,0,0,0,--,--,0,0,0,0,0,0,0,0,0,0,0,0,0,0,0,0,0,0,0,0,0,0,0,0,0,0,0,0,0,0,0,0,0,0,0,0,0,0,--,--,0,0,0,0,0,0,0,0,0,0,0,0
26/1/2026 2:40,0,0,0,0,--,--,0,0,0,0,0,0,0,0,0,0,0,0,0,0,0,0,0,0,0,0,0,0,0,0,0,0,0,0,0,0,0,0,0,0,0,0,0,0,--,--,0,0,0,0,0,0,0,0,0,0,0,0
26/1/2026 2:45,0,0,0,0,--,--,0,0,0,0,0,0,0,0,0,0,0,0,0,0,0,0,0,0,0,0,0,0,0,0,0,0,0,0,0,0,0,0,0,0,0,0,0,0,--,--,0,0,0,0,0,0,0,0,0,0,0,0
26/1/2026 2:50,0,0,0,0,--,--,0,0,0,0,0,0,0,0,0,0,0,0,0,0,0,0,0,0,0,0,0,0,0,0,0,0,0,0,0,0,0,0,0,0,0,0,0,0,--,--,0,0,0,0,0,0,0,0,0,0,0,0
26/1/2026 2:55,0,0,0,0,--,--,0,0,0,0,0,0,0,0,0,0,0,0,0,0,0,0,0,0,0,0,0,0,0,0,0,0,0,0,0,0,0,0,0,0,0,0,0,0,--,--,0,0,0,0,0,0,0,0,0,0,0,0
26/1/2026 3:00,0,0,0,0,--,--,0,0,0,0,0,0,0,0,0,0,0,0,0,0,0,0,0,0,0,0,0,0,0,0,0,0,0,0,0,0,0,0,0,0,0,0,0,0,--,--,0,0,0,0,0,0,0,0,0,0,0,0
26/1/2026 3:05,0,0,0,0,--,--,0,0,0,0,0,0,0,0,0,0,0,0,0,0,0,0,0,0,0,0,0,0,0,0,0,0,0,0,0,0,0,0,0,0,0,0,0,0,--,--,0,0,0,0,0,0,0,0,0,0,0,0
26/1/2026 3:10,0,0,0,0,--,--,0,0,0,0,0,0,0,0,0,0,0,0,0,0,0,0,0,0,0,0,0,0,0,0,0,0,0,0,0,0,0,0,0,0,0,0,0,0,--,--,0,0,0,0,0,0,0,0,0,0,0,0
26/1/2026 3:15,0,0,0,0,--,--,0,0,0,0,0,0,0,0,0,0,0,0,0,0,0,0,0,0,0,0,0,0,0,0,0,0,0,0,0,0,0,0,0,0,0,0,0,0,--,--,0,0,0,0,0,0,0,0,0,0,0,0
26/1/2026 3:20,0,0,0,0,--,--,0,0,0,0,0,0,0,0,0,0,0,0,0,0,0,0,0,0,0,0,0,0,0,0,0,0,0,0,0,0,0,0,0,0,0,0,0,0,--,--,0,0,0,0,0,0,0,0,0,0,0,0
26/1/2026 3:25,0,0,0,0,--,--,0,0,0,0,0,0,0,0,0,0,0,0,0,0,0,0,0,0,0,0,0,0,0,0,0,0,0,0,0,0,0,0,0,0,0,0,0,0,--,--,0,0,0,0,0,0,0,0,0,0,0,0
26/1/2026 3:30,0,0,0,0,--,--,0,0,0,0,0,0,0,0,0,0,0,0,0,0,0,0,0,0,0,0,0,0,0,0,0,0,0,0,0,0,0,0,0,0,0,0,0,0,--,--,0,0,0,0,0,0,0,0,0,0,0,0
26/1/2026 3:35,0,0,0,0,--,--,0,0,0,0,0,0,0,0,0,0,0,0,0,0,0,0,0,0,0,0,0,0,0,0,0,0,0,0,0,0,0,0,0,0,0,0,0,0,--,--,0,0,0,0,0,0,0,0,0,0,0,0
26/1/2026 3:40,0,0,0,0,--,--,0,0,0,0,0,0,0,0,0,0,0,0,0,0,0,0,0,0,0,0,0,0,0,0,0,0,0,0,0,0,0,0,0,0,0,0,0,0,--,--,0,0,0,0,0,0,0,0,0,0,0,0
26/1/2026 3:45,0,0,0,0,--,--,0,0,0,0,0,0,0,0,0,0,0,0,0,0,0,0,0,0,0,0,0,0,0,0,0,0,0,0,0,0,0,0,0,0,0,0,0,0,--,--,0,0,0,0,0,0,0,0,0,0,0,0
26/1/2026 3:50,0,0,0,0,--,--,0,0,0,0,0,0,0,0,0,0,0,0,0,0,0,0,0,0,0,0,0,0,0,0,0,0,0,0,0,0,0,0,0,0,0,0,0,0,--,--,0,0,0,0,0,0,0,0,0,0,0,0
26/1/2026 3:55,0,0,0,0,--,--,0,0,0,0,0,0,0,0,0,0,0,0,0,0,0,0,0,0,0,0,0,0,0,0,0,0,0,0,0,0,0,0,0,0,0,0,0,0,--,--,0,0,0,0,0,0,0,0,0,0,0,0
26/1/2026 4:00,0,0,0,0,--,--,0,0,0,0,0,0,0,0,0,0,0,0,0,0,0,0,0,0,0,0,0,0,0,0,0,0,0,0,0,0,0,0,0,0,0,0,0,0,--,--,0,0,0,0,0,0,0,0,0,0,0,0
26/1/2026 4:05,0,0,0,0,--,--,0,0,0,0,0,0,0,0,0,0,0,0,0,0,0,0,0,0,0,0,0,0,0,0,0,0,0,0,0,0,0,0,0,0,0,0,0,0,--,--,0,0,0,0,0,0,0,0,0,0,0,0
26/1/2026 4:10,0,0,0,0,--,--,0,0,0,0,0,0,0,0,0,0,0,0,0,0,0,0,0,0,0,0,0,0,0,0,0,0,0,0,0,0,0,0,0,0,0,0,0,0,--,--,0,0,0,0,0,0,0,0,0,0,0,0
26/1/2026 4:15,0,0,0,0,--,--,0,0,0,0,0,0,0,0,0,0,0,0,0,0,0,0,0,0,0,0,0,0,0,0,0,0,0,0,0,0,0,0,0,0,0,0,0,0,--,--,0,0,0,0,0,0,0,0,0,0,0,0
26/1/2026 4:20,0,0,0,0,--,--,0,0,0,0,0,0,0,0,0,0,0,0,0,0,0,0,0,0,0,0,0,0,0,0,0,0,0,0,0,0,0,0,0,0,0,0,0,0,--,--,0,0,0,0,0,0,0,0,0,0,0,0
26/1/2026 4:25,0,0,0,0,--,--,0,0,0,0,0,0,0,0,0,0,0,0,0,0,0,0,0,0,0,0,0,0,0,0,0,0,0,0,0,0,0,0,0,0,0,0,0,0,--,--,0,0,0,0,0,0,0,0,0,0,0,0
26/1/2026 4:30,0,0,0,0,--,--,0,0,0,0,0,0,0,0,0,0,0,0,0,0,0,0,0,0,0,0,0,0,0,0,0,0,0,0,0,0,0,0,0,0,0,0,0,0,--,--,0,0,0,0,0,0,0,0,0,0,0,0
26/1/2026 4:35,0,0,0,0,--,--,0,0,0,0,0,0,0,0,0,0,0,0,0,0,0,0,0,0,0,0,0,0,0,0,0,0,0,0,0,0,0,0,0,0,0,0,0,0,--,--,0,0,0,0,0,0,0,0,0,0,0,0
26/1/2026 4:40,0,0,0,0,--,--,0,0,0,0,0,0,0,0,0,0,0,0,0,0,0,0,0,0,0,0,0,0,0,0,0,0,0,0,0,0,0,0,0,0,0,0,0,0,--,--,0,0,0,0,0,0,0,0,0,0,0,0
26/1/2026 4:45,0,0,0,0,--,--,0,0,0,0,0,0,0,0,0,0,0,0,0,0,0,0,0,0,0,0,0,0,0,0,0,0,0,0,0,0,0,0,0,0,0,0,0,0,--,--,0,0,0,0,0,0,0,0,0,0,0,0
26/1/2026 4:50,0,0,0,0,--,--,0,0,0,0,0,0,0,0,0,0,0,0,0,0,0,0,0,0,0,0,0,0,0,0,0,0,0,0,0,0,0,0,0,0,0,0,0,0,--,--,0,0,0,0,0,0,0,0,0,0,0,0
26/1/2026 4:55,0,0,0,0,--,--,0,0,0,0,0,0,0,0,0,0,0,0,0,0,0,0,0,0,0,0,0,0,0,0,0,0,0,0,0,0,0,0,0,0,0,0,0,0,--,--,0,0,0,0,0,0,0,0,0,0,0,0
26/1/2026 5:00,0,0,0,0,--,--,0,0,0,0,0,0,0,0,0,0,0,0,0,0,0,0,0,0,0,0,0,0,0,0,0,0,0,0,0,0,0,0,0,0,0,0,0,0,--,--,0,0,0,0,0,0,0,0,0,0,0,0
26/1/2026 5:05,0,0,0,0,--,--,0,0,0,0,0,0,0,0,0,0,0,0,0,0,0,0,0,0,0,0,0,0,0,0,0,0,0,0,0,0,0,0,0,0,0,0,0,0,--,--,0,0,0,0,0,0,0,0,0,0,0,0
26/1/2026 5:10,0,0,0,0,--,--,0,0,0,0,0,0,0,0,0,0,0,0,0,0,0,0,0,0,0,0,0,0,0,0,0,0,0,0,0,0,0,0,0,0,0,0,0,0,--,--,0,0,0,0,0,0,0,0,0,0,0,0
26/1/2026 5:15,0,0,0,0,--,--,0,0,0,0,0,0,0,0,0,0,0,0,0,0,0,0,0,0,0,0,0,0,0,0,0,0,0,0,0,0,0,0,0,0,0,0,0,0,--,--,0,0,0,0,0,0,0,0,0,0,0,0
26/1/2026 5:20,0,0,0,0,--,--,0,0,0,0,0,0,0,0,0,0,0,0,0,0,0,0,0,0,0,0,0,0,0,0,0,0,0,0,0,0,0,0,0,0,0,0,0,0,--,--,0,0,0,0,0,0,0,0,0,0,0,0
26/1/2026 5:25,0,0,0,0,--,--,0,0,0,0,0,0,0,0,0,0,0,0,0,0,0,0,0,0,0,0,0,0,0,0,0,0,0,0,0,0,0,0,0,0,0,0,0,0,--,--,0,0,0,0,0,0,0,0,0,0,0,0
26/1/2026 5:30,0,0,0,0,--,--,0,0,0,0,0,0,0,0,0,0,0,0,0,0,0,0,0,0,0,0,0,0,0,0,0,0,0,0,0,0,0,0,0,0,0,0,0,0,--,--,0,0,0,0,0,0,0,0,0,0,0,0
26/1/2026 5:35,0,0,0,0,--,--,0,0,0,0,0,0,0,0,0,0,0,0,0,0,0,0,0,0,0,0,0,0,0,0,0,0,0,0,0,0,0,0,0,0,0,0,0,0,--,--,0,0,0,0,0,0,0,0,0,0,0,0
26/1/2026 5:40,0,0,0,0,--,--,0,0,0,0,0,0,0,0,0,0,0,0,0,0,0,0,0,0,0,0,0,0,0,0,0,0,0,0,0,0,0,0,0,0,0,0,0,0,--,--,0,0,0,0,0,0,0,0,0,0,0,0
26/1/2026 5:45,0,0,0,0,--,--,0,0,0,0,0,0,0,0,0,0,0,0,0,0,0,0,0,0,0,0,0,0,0,0,0,0,0,0,0,0,0,0,0,0,0,0,0,0,--,--,0,0,0,0,0,0,0,0,0,0,0,0
26/1/2026 5:50,0,0,0,0,--,--,0,0,0,0,0,0,0,0,0,0,0,0,0,0,0,0,0,0,0,0,0,0,0,0,0,0,0,0,0,0,0,0,0,0,0,0,0,0,--,--,0,0,0,0,0,0,0,0,0,0,0,0
26/1/2026 5:55,0,0,0,0,--,--,0,0,0,0,0,0,0,0,0,0,0,0,0,0,0,0,0,0,0,0,0,0,0,0,0,0,0,0,0,0,0,0,0,0,0,0,0,0,--,--,0,0,0,0,0,0,0,0,0,0,0,0
26/1/2026 6:00,0,0,0,0,--,--,0,0,0,0,0,0,0,0,0,0,0,0,0,0,0,0,0,0,0,0,0,0,0,0,0,0,0,0,0,0,0,0,0,0,0,0,0,0,--,--,0,0,0,0,0,0,0,0,0,0,0,0
26/1/2026 6:05,0,0,0,0,--,--,0,0,0,0,0,0,0,0,0,0,0,0,0,0,0,0,0,0,0,0,0,0,0,0,0,0,0,0,0,0,0,0,0,0,0,0,0,0,--,--,0,0,0,0,0,0,0,0,0,0,0,0
26/1/2026 6:10,0,0,0,0,--,--,0,0,0,0,0,0,0,0,0,0,0,0,0,0,0,0,0,0,0,0,0,0,0,0,0,0,0,0,0,0,0,0,0,0,0,0,0,0,--,--,0,0,0,0,0,0,0,0,0,0,0,0
26/1/2026 6:15,0,0,0,0,--,--,0,0,0,0,0,0,0,0,0,0,0,0,0,0,0,0,0,0,0,0,0,0,0,0,0,0,0,0,0,0,0,0,0,0,0,0,0,0,--,--,0,0,0,0,0,0,0,0,0,0,0,0
26/1/2026 6:20,0,0,0,0,--,--,0,0,0,0,0,0,0,0,0,0,0,0,0,0,0,0,0,0,0,0,0,0,0,0,0,0,0,0,0,0,0,0,0,0,0,0,0,0,--,--,0,0,0,0,0,0,0,0,0,0,0,0
26/1/2026 6:25,0,0,0,0,--,--,0,0,0,0,0,0,0,0,0,0,0,0,0,0,0,0,0,0,0,0,0,0,0,0,0,0,0,0,0,0,0,0,0,0,0,0,0,0,--,--,0,0,0,0,0,0,0,0,0,0,0,0
26/1/2026 6:30,0,0,0,0,--,--,0,0,0,0,0,0,0,0,0,0,0,0,0,0,0,0,0,0,0,0,0,0,0,0,0,0,0,0,0,0,0,0,0,0,0,0,0,0,--,--,0,0,0,0,0,0,0,0,0,0,0,0
26/1/2026 6:35,0,0,0,0,--,--,0,0,0,0,0,0,0,0,0,0,0,0,0,0,0,0,0,0,0,0,0,0,0,0,0,0,0,0,0,0,0,0,0,0,0,0,0,0,--,--,0,0,0,0,0,0,0,0,0,0,0,0
26/1/2026 6:40,0,0,0,0,--,--,0,0,0,0,0,0,0,0,0,0,0,0,0,0,0,0,0,0,0,0,0,0,0,0,0,0,0,0,0,0,0,0,0,0,0,0,0,0,--,--,0,0,0,0,0,0,0,0,0,0,0,0
26/1/2026 6:45,0,0,0,0,--,--,0,0,0,0,0,0,0,0,0,0,0,0,0,0,0,0,0,0,0,0,0,0,0,0,0,0,0,0,0,0,0,0,0,0,0,0,0,0,--,--,0,0,0,0,0,0,0,0,0,0,0,0
26/1/2026 6:50,0,0,0,0,--,--,0,0,0,0,0,0,0,0,0,0,0,0,0,0,0,0,0,0,0,0,0,0,0,0,0,0,0,0,0,0,0,0,0,0,0,0,0,0,--,--,0,0,0,0,0,0,0,0,0,0,0,0
26/1/2026 6:55,0,0,0,0,--,--,0,0,0,0,0,0,0,0,0,0,0,0,0,0,0,0,0,0,0,0,0,0,0,0,0,0,0,0,0,0,0,0,0,0,0,0,0,0,--,--,0,0,0,0,0,0,0,0,0,0,0,0
26/1/2026 7:00,0,0,0,0,--,--,0,0,0,0,0,0,0,0,0,0,0,0,0,0,0,0,0,0,0,0,0,0,0,0,0,0,0,0,0,0,0,0,0,0,0,0,0,0,--,--,0,0,0,0,0,0,0,0,0,0,0,0
26/1/2026 7:05,0,0,0,0,--,--,0,0,0,0,0,0,0,0,0,0,0,0,0,0,0,0,0,0,0,0,0,0,0,0,0,0,0,0,0,0,0,0,0,0,0,0,0,0,--,--,0,0,0,0,0,0,0,0,0,0,0,0
26/1/2026 7:10,0,0,0,0,--,--,0,0,0,0,0,0,0,0,0,0,0,0,0,0,0,0,0,0,0,0,0,0,0,0,0,0,0,0,0,0,0,0,0,0,0,0,0,0,--,--,0,0,0,0,0,0,0,0,0,0,0,0
26/1/2026 7:15,0,0,0,0,--,--,0,0,0,0,0,0,0,0,0,0,0,0,0,0,0,0,0,0,0,0,0,0,0,0,0,0,0,0,0,0,0,0,0,0,0,0,0,0,--,--,0,0,0,0,0,0,0,0,0,0,0,0
26/1/2026 7:20,0,0,0,0,0,0,0,0,0,0,0,0,0,0,0,0,0,0,1.819,1.752,0,0,0,0,0,0,1.819,1.776,0,0,0,0,1.401,1.344,1.364,1.336,1.332,1.296,0,0,0,0,0.91,0.864,0,0,0,0,0,0,0,0,0,0,0,0,1.663,1.6
26/1/2026 7:25,0,0,0,0,0,0,0,0,0,0,0,0,0,0,0,0,0,0,1.819,1.752,0,0,0,0,0,0,1.819,1.776,0,0,0,0,1.401,1.344,1.364,1.336,1.332,1.296,0,0,0,0,0.91,0.864,0,0,0,0,0,0,0,0,0,0,0,0,1.663,1.6
26/1/2026 7:30,0,0,0,0,0,0,0,0,0,0,0,0,0,0,0,0,0,0,1.819,1.752,0,0,0,0,0,0,1.819,1.776,0,0,0,0,1.401,1.344,1.364,1.336,1.332,1.296,0,0,0,0,0.91,0.864,0,0,0,0,0,0,0,0,0,0,0,0,1.663,1.6
26/1/2026 7:35,0,0,0,0,16.708,16.244,0,0,0,0,0,0,0,0,0,0,0,0,37.198,36.372,0,0,0,0,0,0,37.259,36.432,0,0,0,0,35.998,35.096,35.539,34.736,33.547,32.772,0,0,0,0,33.834,33.056,0,0,0,0,0,0,0,0,0,0,0,0,35.098,34.3
26/1/2026 7:40,0,0,0,0,16.708,16.244,0,0,0,0,0,0,0,0,0,0,0,0,37.198,36.372,0,0,0,0,0,0,37.259,36.432,0,0,0,0,35.998,35.096,35.539,34.736,33.547,32.772,0,0,0,0,33.834,33.056,0,0,0,0,0,0,0,0,0,0,0,0,35.098,34.3
26/1/2026 7:45,0,0,0,0,16.708,16.244,0,0,0,0,0,0,0,0,0,0,0,0,37.198,36.372,0,0,0,0,0,0,37.259,36.432,0,0,0,0,35.998,35.096,35.539,34.736,33.547,32.772,0,0,0,0,33.834,33.056,0,0,0,0,0,0,0,0,0,0,0,0,35.098,34.3
26/1/2026 7:50,0,0,0,0,60.638,59.544,0,0,0,0,0,0,0,0,0,0,0,0,125.741,121.064,0,0,0,0,0,0,123.033,121.616,0,0,0,0,127.295,125.724,128.206,123.276,121.457,119.58,0,0,0,0,123.012,121.116,0,0,0,0,0,0,0,0,0,0,0,0,121.624,119.744
26/1/2026 7:55,0,0,0,0,60.638,59.544,0,0,0,0,0,0,0,0,0,0,0,0,125.741,121.064,0,0,0,0,0,0,123.033,121.616,0,0,0,0,127.295,125.724,128.206,123.276,121.457,119.58,0,0,0,0,123.012,121.116,0,0,0,0,0,0,0,0,0,0,0,0,121.624,119.744
26/1/2026 8:00,0,0,0,0,60.638,59.544,0,0,0,0,0,0,0,0,0,0,0,0,125.741,121.064,0,0,0,0,0,0,123.033,121.616,0,0,0,0,127.295,125.724,128.206,123.276,121.457,119.58,0,0,0,0,123.012,121.116,0,0,0,0,0,0,0,0,0,0,0,0,121.624,119.744
26/1/2026 8:05,119.428,117.52,95.646,94.24,109.78,108.336,0,0,81.233,79.996,0,0,95.45,93.848,0,0,112.974,111.144,95.763,94.156,0,0,0,0,0,0,118.687,116.788,0,0,0,0,96.223,94.668,97.16,95.592,103.962,102.304,0,0,0,0,82.636,81.268,0,0,0,0,0,0,0,0,0,0,95.755,94.348,112.84,111.556
26/1/2026 8:10,119.428,117.52,95.646,94.24,109.78,108.336,0,0,81.233,79.996,0,0,95.45,93.848,0,0,112.974,111.144,95.763,94.156,0,0,0,0,0,0,118.687,116.788,0,0,0,0,96.223,94.668,97.16,95.592,103.962,102.304,0,0,0,0,82.636,81.268,0,0,0,0,0,0,0,0,0,0,95.755,94.348,112.84,111.556
26/1/2026 8:15,119.428,117.52,95.646,94.24,109.78,108.336,0,0,81.233,79.996,0,0,95.45,93.848,0,0,112.974,111.144,95.763,94.156,0,0,0,0,0,0,118.687,116.788,0,0,0,0,96.223,94.668,97.16,95.592,103.962,102.304,0,0,0,0,82.636,81.268,0,0,0,0,0,0,0,0,0,0,95.755,94.348,112.84,111.556
26/1/2026 8:20,92.632,91.068,91.624,90.264,86.915,85.584,0,0,85.994,84.58,0,0,93.325,91.752,0,0,87.757,86.26,93.877,92.296,0,0,0,0,0,0,92.174,90.804,0,0,0,0,91.186,89.784,92.37,90.868,87.362,85.928,0,0,0,0,87.005,85.576,0,0,0,0,0,0,0,0,0,0,92.263,90.896,87.676,86.18
26/1/2026 8:25,92.632,91.068,91.624,90.264,86.915,85.584,0,0,85.994,84.58,0,0,93.325,91.752,0,0,87.757,86.26,93.877,92.296,0,0,0,0,0,0,92.174,90.804,0,0,0,0,91.186,89.784,92.37,90.868,87.362,85.928,0,0,0,0,87.005,85.576,0,0,0,0,0,0,0,0,0,0,92.263,90.896,87.676,86.18
26/1/2026 8:30,92.632,91.068,91.624,90.264,86.915,85.584,0,0,85.994,84.58,0,0,93.325,91.752,0,0,87.757,86.26,93.877,92.296,0,0,0,0,0,0,92.174,90.804,0,0,0,0,91.186,89.784,92.37,90.868,87.362,85.928,0,0,0,0,87.005,85.576,0,0,0,0,0,0,0,0,0,0,92.263,90.896,87.676,86.18
26/1/2026 8:35,196.424,193.38,180.521,177.752,120.684,116.064,135.367,133.26,137.786,135.648,0,0,147.414,145.152,176.325,173.628,150.458,148.156,152.239,145.952,0,0,0,0,0,0,191.768,195.344,0,0,156.166,153.792,180.472,177.704,162.752,160.316,191.751,188.876,0,0,0,0,138.548,136.4,119.068,117.164,0,0,0,0,0,0,0,0,161.777,159.48,147.662,145.396
26/1/2026 8:40,196.424,193.38,180.521,177.752,120.684,116.064,135.367,133.26,137.786,135.648,0,0,147.414,145.152,176.325,173.628,150.458,148.156,152.239,145.952,0,0,0,0,0,0,191.768,195.344,0,0,156.166,153.792,180.472,177.704,162.752,160.316,191.751,188.876,0,0,0,0,138.548,136.4,119.068,117.164,0,0,0,0,0,0,0,0,161.777,159.48,147.662,145.396
26/1/2026 8:45,196.424,193.38,180.521,177.752,120.684,116.064,135.367,133.26,137.786,135.648,0,0,147.414,145.152,176.325,173.628,150.458,148.156,152.239,145.952,0,0,0,0,0,0,191.768,195.344,0,0,156.166,153.792,180.472,177.704,162.752,160.316,191.751,188.876,0,0,0,0,138.548,136.4,119.068,117.164,0,0,0,0,0,0,0,0,161.777,159.48,147.662,145.396
26/1/2026 8:50,58.501,57.368,56.765,55.64,55.996,54.876,52.913,51.812,52.433,51.336,60.79,59.648,60.866,59.724,55.775,54.656,55.176,54.06,61.047,59.904,61.224,60.08,54.729,53.616,55.522,54.404,58.357,57.224,54.765,53.652,55.703,54.584,56.198,55.076,59.55,58.412,54.616,53.504,58.128,56.996,59.485,58.348,53.243,52.14,56.209,55.088,52.61,51.512,59.823,58.684,56.334,55.212,58.614,57.48,59.538,58.4,55.015,53.9
26/1/2026 8:55,58.501,57.368,56.765,55.64,55.996,54.876,52.913,51.812,52.433,51.336,60.79,59.648,60.866,59.724,55.775,54.656,55.176,54.06,61.047,59.904,61.224,60.08,54.729,53.616,55.522,54.404,58.357,57.224,54.765,53.652,55.703,54.584,56.198,55.076,59.55,58.412,54.616,53.504,58.128,56.996,59.485,58.348,53.243,52.14,56.209,55.088,52.61,51.512,59.823,58.684,56.334,55.212,58.614,57.48,59.538,58.4,55.015,53.9
26/1/2026 9:00,58.501,57.368,56.765,55.64,55.996,54.876,52.913,51.812,52.433,51.336,60.79,59.648,60.866,59.724,55.775,54.656,55.176,54.06,61.047,59.904,61.224,60.08,54.729,53.616,55.522,54.404,58.357,57.224,54.765,53.652,55.703,54.584,56.198,55.076,59.55,58.412,54.616,53.504,58.128,56.996,59.485,58.348,53.243,52.14,56.209,55.088,52.61,51.512,59.823,58.684,56.334,55.212,58.614,57.48,59.538,58.4,55.015,53.9
26/1/2026 9:05,225.892,222.332,231.94,228.272,225.289,222.036,211.929,208.616,210.757,207.464,204.98,201.788,209.719,206.444,229.826,226.196,215.883,212.5,212.385,209.064,206.185,202.972,208.872,205.612,216.95,213.548,224.956,221.412,210.883,207.588,219.853,216.4,231.769,228.104,204.773,201.584,215.561,212.184,224.589,221.052,206.23,203.016,210.57,207.28,226.653,223.08,213.66,210.316,207.826,204.584,231.178,227.524,226.821,223.244,205.192,201.996,215.896,212.512
26/1/2026 9:10,225.892,222.332,231.94,228.272,225.289,222.036,211.929,208.616,210.757,207.464,204.98,201.788,209.719,206.444,229.826,226.196,215.883,212.5,212.385,209.064,206.185,202.972,208.872,205.612,216.95,213.548,224.956,221.412,210.883,207.588,219.853,216.4,231.769,228.104,204.773,201.584,215.561,212.184,224.589,221.052,206.23,203.016,210.57,207.28,226.653,223.08,213.66,210.316,207.826,204.584,231.178,227.524,226.821,223.244,205.192,201.996,215.896,212.512
26/1/2026 9:15,225.892,222.332,231.94,228.272,225.289,222.036,211.929,208.616,210.757,207.464,204.98,201.788,209.719,206.444,229.826,226.196,215.883,212.5,212.385,209.064,206.185,202.972,208.872,205.612,216.95,213.548,224.956,221.412,210.883,207.588,219.853,216.4,231.769,228.104,204.773,201.584,215.561,212.184,224.589,221.052,206.23,203.016,210.57,207.28,226.653,223.08,213.66,210.316,207.826,204.584,231.178,227.524,226.821,223.244,205.192,201.996,215.896,212.512
26/1/2026 9:20,145.531,143.292,109.17,107.388,108.096,106.78,108.278,106.508,111.195,109.388,122.946,120.996,124.949,122.976,107.825,106.06,109.535,107.748,125.835,123.852,128.296,126.284,102.946,101.244,112.686,110.86,144.278,142.056,102.837,101.136,109.818,108.028,108.688,107.028,118.586,116.688,103.36,101.652,156.825,154.444,116.327,114.456,111.56,109.748,108.87,107.092,107.861,106.096,116.63,114.756,108.696,106.92,157.619,155.228,118.829,116.928,109.907,108.116
26/1/2026 9:25,145.531,143.292,109.17,107.388,108.096,106.78,108.278,106.508,111.195,109.388,122.946,120.996,124.949,122.976,107.825,106.06,109.535,107.748,125.835,123.852,128.296,126.284,102.946,101.244,112.686,110.86,144.278,142.056,102.837,101.136,109.818,108.028,108.688,107.028,118.586,116.688,103.36,101.652,156.825,154.444,116.327,114.456,111.56,109.748,108.87,107.092,107.861,106.096,116.63,114.756,108.696,106.92,157.619,155.228,118.829,116.928,109.907,108.116
26/1/2026 9:30,145.531,143.292,109.17,107.388,108.096,106.78,108.278,106.508,111.195,109.388,122.946,120.996,124.949,122.976,107.825,106.06,109.535,107.748,125.835,123.852,128.296,126.284,102.946,101.244,112.686,110.86,144.278,142.056,102.837,101.136,109.818,108.028,108.688,107.028,118.586,116.688,103.36,101.652,156.825,154.444,116.327,114.456,111.56,109.748,108.87,107.092,107.861,106.096,116.63,114.756,108.696,106.92,157.619,155.228,118.829,116.928,109.907,108.116
26/1/2026 9:35,171.503,168.888,220.297,216.836,169.952,167.364,175.316,172.636,173.02,170.38,168.948,166.376,167.418,164.872,212.723,209.396,185.723,182.864,169.196,166.62,170.893,168.288,174.4,171.736,195.956,192.92,170.144,167.552,171.763,169.144,196.387,193.344,220.24,216.78,198.732,195.804,152.572,146.34,168.626,166.06,195.838,192.804,172.825,170.188,171.661,169.044,175.344,172.664,195.606,192.576,214.25,210.896,169.721,167.136,199.008,195.92,186.138,183.272
26/1/2026 9:40,171.503,168.888,220.297,216.836,169.952,167.364,175.316,172.636,173.02,170.38,168.948,166.376,167.418,164.872,212.723,209.396,185.723,182.864,169.196,166.62,170.893,168.288,174.4,171.736,195.956,192.92,170.144,167.552,171.763,169.144,196.387,193.344,220.24,216.78,198.732,195.804,152.572,146.34,168.626,166.06,195.838,192.804,172.825,170.188,171.661,169.044,175.344,172.664,195.606,192.576,214.25,210.896,169.721,167.136,199.008,195.92,186.138,183.272
26/1/2026 9:45,171.503,168.888,220.297,216.836,169.952,167.364,175.316,172.636,173.02,170.38,168.948,166.376,167.418,164.872,212.723,209.396,185.723,182.864,169.196,166.62,170.893,168.288,174.4,171.736,195.956,192.92,170.144,167.552,171.763,169.144,196.387,193.344,220.24,216.78,198.732,195.804,152.572,146.34,168.626,166.06,195.838,192.804,172.825,170.188,171.661,169.044,175.344,172.664,195.606,192.576,214.25,210.896,169.721,167.136,199.008,195.92,186.138,183.272
26/1/2026 9:50,141.883,139.692,174.9,172.228,145.457,143.22,138.998,136.844,139.33,137.172,146.685,144.432,143.593,141.38,150.728,148.424,131.462,129.408,145.169,142.936,147.568,145.304,286.889,282.208,128.799,126.78,142.061,138.632,288.871,284.152,130.461,128.42,172.158,173.88,181.331,178.548,269.551,265.196,147.612,145.348,150.218,147.92,140.606,138.128,146.182,143.936,138.544,136.396,152.409,150.084,154.038,151.692,148.212,145.94,176.577,173.876,131.211,129.924
26/1/2026 9:55,141.883,139.692,174.9,172.228,145.457,143.22,138.998,136.844,139.33,137.172,146.685,144.432,143.593,141.38,150.728,148.424,131.462,129.408,145.169,142.936,147.568,145.304,286.889,282.208,128.799,126.78,142.061,138.632,288.871,284.152,130.461,128.42,172.158,173.88,181.331,178.548,269.551,265.196,147.612,145.348,150.218,147.92,140.606,138.128,146.182,143.936,138.544,136.396,152.409,150.084,154.038,151.692,148.212,145.94,176.577,173.876,131.211,129.924
26/1/2026 10:00,141.883,139.692,174.9,172.228,145.457,143.22,138.998,136.844,139.33,137.172,146.685,144.432,143.593,141.38,150.728,148.424,131.462,129.408,145.169,142.936,147.568,145.304,286.889,282.208,128.799,126.78,142.061,138.632,288.871,284.152,130.461,128.42,172.158,173.88,181.331,178.548,269.551,265.196,147.612,145.348,150.218,147.92,140.606,138.128,146.182,143.936,138.544,136.396,152.409,150.084,154.038,151.692,148.212,145.94,176.577,173.876,131.211,129.924
26/1/2026 10:05,310.306,305.336,348.262,342.32,174.167,171.56,210.598,207.408,209.796,206.62,385.138,378.344,392.587,385.616,339.282,333.72,286.089,281.424,395.034,388.004,387.47,380.832,328.642,323.136,311.488,306.336,322.48,317.276,338.749,333.02,311.733,306.576,352.539,342.832,369.716,363.284,314.258,315.672,346.033,340.324,381.176,374.476,207.591,206.056,175.633,173.004,172.775,170.188,384.838,378.052,339.515,333.948,348.449,342.688,375.06,368.504,283.814,279.192
26/1/2026 10:10,310.306,305.336,348.262,342.32,174.167,171.56,210.598,207.408,209.796,206.62,385.138,378.344,392.587,385.616,339.282,333.72,286.089,281.424,395.034,388.004,387.47,380.832,328.642,323.136,311.488,306.336,322.48,317.276,338.749,333.02,311.733,306.576,352.539,342.832,369.716,363.284,314.258,315.672,346.033,340.324,381.176,374.476,207.591,206.056,175.633,173.004,172.775,170.188,384.838,378.052,339.515,333.948,348.449,342.688,375.06,368.504,283.814,279.192
26/1/2026 10:15,310.306,305.336,348.262,342.32,174.167,171.56,210.598,207.408,209.796,206.62,385.138,378.344,392.587,385.616,339.282,333.72,286.089,281.424,395.034,388.004,387.47,380.832,328.642,323.136,311.488,306.336,322.48,317.276,338.749,333.02,311.733,306.576,352.539,342.832,369.716,363.284,314.258,315.672,346.033,340.324,381.176,374.476,207.591,206.056,175.633,173.004,172.775,170.188,384.838,378.052,339.515,333.948,348.449,342.688,375.06,368.504,283.814,279.192
26/1/2026 10:20,442.111,433.916,437.506,429.428,424.256,416.524,420.672,413.016,423.871,416.136,436.976,428.912,436.562,428.508,433.221,425.252,416.886,409.324,441.544,433.364,438.589,430.484,400.768,393.6,416.328,408.78,439.841,431.636,401.604,394.416,424.995,417.232,438.499,430.396,435.884,427.624,403.186,396.492,437.9,429.812,434.436,426.436,426.411,418.612,428.091,420.492,421.316,413.644,435.589,427.56,435.179,427.16,441.302,433.128,435.81,427.776,416.464,409.892
26/1/2026 10:25,442.111,433.916,437.506,429.428,424.256,416.524,420.672,413.016,423.871,416.136,436.976,428.912,436.562,428.508,433.221,425.252,416.886,409.324,441.544,433.364,438.589,430.484,400.768,393.6,416.328,408.78,439.841,431.636,401.604,394.416,424.995,417.232,438.499,430.396,435.884,427.624,403.186,396.492,437.9,429.812,434.436,426.436,426.411,418.612,428.091,420.492,421.316,413.644,435.589,427.56,435.179,427.16,441.302,433.128,435.81,427.776,416.464,409.892
26/1/2026 10:30,442.111,433.916,437.506,429.428,424.256,416.524,420.672,413.016,423.871,416.136,436.976,428.912,436.562,428.508,433.221,425.252,416.886,409.324,441.544,433.364,438.589,430.484,400.768,393.6,416.328,408.78,439.841,431.636,401.604,394.416,424.995,417.232,438.499,430.396,435.884,427.624,403.186,396.492,437.9,429.812,434.436,426.436,426.411,418.612,428.091,420.492,421.316,413.644,435.589,427.56,435.179,427.16,441.302,433.128,435.81,427.776,416.464,409.892
26/1/2026 10:35,168.971,166.4,108.662,106.888,146.086,143.792,124.094,122.132,114.637,112.788,376.187,369.604,357.692,351.536,108.942,107.164,122.055,120.116,352.268,362.548,392.333,385.368,155.534,153.2,128.466,126.452,168.686,166.12,163.272,160.828,131.32,129.268,108.48,106.708,330.417,338.656,137.094,135.012,178.193,175.464,357.082,350.94,115.661,113.8,147.201,144.98,120.992,119.12,364.14,357.836,110.024,108.232,182.311,179.512,342.632,336.816,123.403,121.448
26/1/2026 10:40,168.971,166.4,108.662,106.888,146.086,143.792,124.094,122.132,114.637,112.788,376.187,369.604,357.692,351.536,108.942,107.164,122.055,120.116,352.268,362.548,392.333,385.368,155.534,153.2,128.466,126.452,168.686,166.12,163.272,160.828,131.32,129.268,108.48,106.708,330.417,338.656,137.094,135.012,178.193,175.464,357.082,350.94,115.661,113.8,147.201,144.98,120.992,119.12,364.14,357.836,110.024,108.232,182.311,179.512,342.632,336.816,123.403,121.448
26/1/2026 10:45,168.971,166.4,108.662,106.888,146.086,143.792,124.094,122.132,114.637,112.788,376.187,369.604,357.692,351.536,108.942,107.164,122.055,120.116,352.268,362.548,392.333,385.368,155.534,153.2,128.466,126.452,168.686,166.12,163.272,160.828,131.32,129.268,108.48,106.708,330.417,338.656,137.094,135.012,178.193,175.464,357.082,350.94,115.661,113.8,147.201,144.98,120.992,119.12,364.14,357.836,110.024,108.232,182.311,179.512,342.632,336.816,123.403,121.448
26/1/2026 10:50,454.907,446.384,168.872,166.304,409.906,279.696,267.532,263.216,345.266,339.392,480.035,470.852,489.446,480,159.444,157.032,262.772,258.544,493.123,483.572,479.098,469.94,372.32,365.828,304.076,299.068,457.773,449.176,375.478,368.912,296.882,292.012,164.031,161.544,471.608,462.648,426.619,426.636,492.423,482.892,485.239,475.912,335.566,329.908,286.887,282.208,276.936,272.444,487.964,478.56,161.704,159.256,491.76,482.248,477.874,468.748,250.364,246.364
26/1/2026 10:55,454.907,446.384,168.872,166.304,409.906,279.696,267.532,263.216,345.266,339.392,480.035,470.852,489.446,480,159.444,157.032,262.772,258.544,493.123,483.572,479.098,469.94,372.32,365.828,304.076,299.068,457.773,449.176,375.478,368.912,296.882,292.012,164.031,161.544,471.608,462.648,426.619,426.636,492.423,482.892,485.239,475.912,335.566,329.908,286.887,282.208,276.936,272.444,487.964,478.56,161.704,159.256,491.76,482.248,477.874,468.748,250.364,246.364
26/1/2026 11:00,454.907,446.384,168.872,166.304,409.906,279.696,267.532,263.216,345.266,339.392,480.035,470.852,489.446,480,159.444,157.032,262.772,258.544,493.123,483.572,479.098,469.94,372.32,365.828,304.076,299.068,457.773,449.176,375.478,368.912,296.882,292.012,164.031,161.544,471.608,462.648,426.619,426.636,492.423,482.892,485.239,475.912,335.566,329.908,286.887,282.208,276.936,272.444,487.964,478.56,161.704,159.256,491.76,482.248,477.874,468.748,250.364,246.364
26/1/2026 11:05,369.077,362.66,230.482,226.952,364.884,358.76,405.506,398.448,339.605,334.036,241.368,237.532,230.875,227.228,261.972,257.888,450.074,441.676,232.793,229.112,242.798,238.936,314.484,309.436,365.768,359.624,377.936,371.312,315.915,310.84,463.084,454.616,233.149,229.572,281.126,276.696,318.545,313.42,307.584,302.508,264.566,260.436,343.902,338.24,368.808,362.596,400.791,393.844,265.336,261.192,256.449,252.464,322.549,317.176,285.811,281.296,448.321,439.968
26/1/2026 11:10,369.077,362.66,230.482,226.952,364.884,358.76,405.506,398.448,339.605,334.036,241.368,237.532,230.875,227.228,261.972,257.888,450.074,441.676,232.793,229.112,242.798,238.936,314.484,309.436,365.768,359.624,377.936,371.312,315.915,310.84,463.084,454.616,233.149,229.572,281.126,276.696,318.545,313.42,307.584,302.508,264.566,260.436,343.902,338.24,368.808,362.596,400.791,393.844,265.336,261.192,256.449,252.464,322.549,317.176,285.811,281.296,448.321,439.968
26/1/2026 11:15,369.077,362.66,230.482,226.952,364.884,358.76,405.506,398.448,339.605,334.036,241.368,237.532,230.875,227.228,261.972,257.888,450.074,441.676,232.793,229.112,242.798,238.936,314.484,309.436,365.768,359.624,377.936,371.312,315.915,310.84,463.084,454.616,233.149,229.572,281.126,276.696,318.545,313.42,307.584,302.508,264.566,260.436,343.902,338.24,368.808,362.596,400.791,393.844,265.336,261.192,256.449,252.464,322.549,317.176,285.811,281.296,448.321,439.968
26/1/2026 11:20,311.492,306.34,176.836,174.132,226.277,225.288,168.657,166.092,170.691,168.092,592.484,579.92,553.461,542.124,176.331,173.636,191.387,188.432,544.334,533.276,597.402,584.68,178.387,175.656,214.969,211.604,299.786,294.86,183.918,181.092,204.486,201.304,177.621,175.432,311.512,306.52,173.243,170.6,339.944,334.188,385.352,378.764,172.286,169.66,234.381,230.784,167.208,164.668,400.922,393.972,178.659,175.924,331.431,325.864,336.155,330.66,186.291,191.396
26/1/2026 11:25,311.492,306.34,176.836,174.132,226.277,225.288,168.657,166.092,170.691,168.092,592.484,579.92,553.461,542.124,176.331,173.636,191.387,188.432,544.334,533.276,597.402,584.68,178.387,175.656,214.969,211.604,299.786,294.86,183.918,181.092,204.486,201.304,177.621,175.432,311.512,306.52,173.243,170.6,339.944,334.188,385.352,378.764,172.286,169.66,234.381,230.784,167.208,164.668,400.922,393.972,178.659,175.924,331.431,325.864,336.155,330.66,186.291,191.396
26/1/2026 11:30,311.492,306.34,176.836,174.132,226.277,225.288,168.657,166.092,170.691,168.092,592.484,579.92,553.461,542.124,176.331,173.636,191.387,188.432,544.334,533.276,597.402,584.68,178.387,175.656,214.969,211.604,299.786,294.86,183.918,181.092,204.486,201.304,177.621,175.432,311.512,306.52,173.243,170.6,339.944,334.188,385.352,378.764,172.286,169.66,234.381,230.784,167.208,164.668,400.922,393.972,178.659,175.924,331.431,325.864,336.155,330.66,186.291,191.396
26/1/2026 11:35,360.974,354.744,620.142,606.676,375.58,528.468,497.067,487.404,515.634,505.432,470.366,461.44,490.74,481.256,616.572,603.224,582.636,570.388,496.443,486.796,479.344,470.18,573.318,561.748,585.305,572.972,365.453,348.276,574.808,563.192,597.959,585.22,621.346,604.968,621.732,607.196,576.693,565.02,443.768,435.532,616.861,603.94,511.55,512.82,562.245,551.008,490.231,480.76,618.315,605.348,619.029,605.6,449.257,440.88,619.187,606.192,584.5,572.192
26/1/2026 11:40,360.974,354.744,620.142,606.676,375.58,528.468,497.067,487.404,515.634,505.432,470.366,461.44,490.74,481.256,616.572,603.224,582.636,570.388,496.443,486.796,479.344,470.18,573.318,561.748,585.305,572.972,365.453,348.276,574.808,563.192,597.959,585.22,621.346,604.968,621.732,607.196,576.693,565.02,443.768,435.532,616.861,603.94,511.55,512.82,562.245,551.008,490.231,480.76,618.315,605.348,619.029,605.6,449.257,440.88,619.187,606.192,584.5,572.192
26/1/2026 11:45,360.974,354.744,620.142,606.676,375.58,528.468,497.067,487.404,515.634,505.432,470.366,461.44,490.74,481.256,616.572,603.224,582.636,570.388,496.443,486.796,479.344,470.18,573.318,561.748,585.305,572.972,365.453,348.276,574.808,563.192,597.959,585.22,621.346,604.968,621.732,607.196,576.693,565.02,443.768,435.532,616.861,603.94,511.55,512.82,562.245,551.008,490.231,480.76,618.315,605.348,619.029,605.6,449.257,440.88,619.187,606.192,584.5,572.192
26/1/2026 11:50,210.486,207.2,600.234,587.42,422.409,419.884,632.544,618.664,586.276,573.912,157.978,155.612,160.205,157.808,567.293,555.528,471.801,462.836,161.809,159.388,158.858,156.48,201.739,198.604,364.901,358.776,199.727,196.628,198.873,195.788,406.448,399.368,611.145,597.976,238.452,234.784,232.855,208.648,180.581,177.812,201.781,198.74,591.214,578.692,432.904,425.188,634.328,620.388,207.046,203.916,563.611,551.96,181.207,178.428,248.362,244.52,498.562,488.856
26/1/2026 11:55,210.486,207.2,600.234,587.42,422.409,419.884,632.544,618.664,586.276,573.912,157.978,155.612,160.205,157.808,567.293,555.528,471.801,462.836,161.809,159.388,158.858,156.48,201.739,198.604,364.901,358.776,199.727,196.628,198.873,195.788,406.448,399.368,611.145,597.976,238.452,234.784,232.855,208.648,180.581,177.812,201.781,198.74,591.214,578.692,432.904,425.188,634.328,620.388,207.046,203.916,563.611,551.96,181.207,178.428,248.362,244.52,498.562,488.856
26/1/2026 12:00,210.486,207.2,600.234,587.42,422.409,419.884,632.544,618.664,586.276,573.912,157.978,155.612,160.205,157.808,567.293,555.528,471.801,462.836,161.809,159.388,158.858,156.48,201.739,198.604,364.901,358.776,199.727,196.628,198.873,195.788,406.448,399.368,611.145,597.976,238.452,234.784,232.855,208.648,180.581,177.812,201.781,198.74,591.214,578.692,432.904,425.188,634.328,620.388,207.046,203.916,563.611,551.96,181.207,178.428,248.362,244.52,498.562,488.856
26/1/2026 12:05,193.472,190.48,601.007,588.168,135.828,133.764,278.779,274.252,237.339,233.576,612.205,599,594.799,582.16,616.718,603.364,358.413,352.24,656.966,585.82,618.666,605.248,600.412,587.592,352.432,346.396,195.983,192.948,601.714,588.852,356.071,349.952,593.579,597.032,643.122,638.564,613.826,589.972,216.598,213.204,657.469,642.9,228.175,245.264,136.928,134.848,285.689,281.032,660.21,645.58,622.509,608.964,221.041,217.568,650.921,636.496,355.813,349.7
26/1/2026 12:10,193.472,190.48,601.007,588.168,135.828,133.764,278.779,274.252,237.339,233.576,612.205,599,594.799,582.16,616.718,603.364,358.413,352.24,656.966,585.82,618.666,605.248,600.412,587.592,352.432,346.396,195.983,192.948,601.714,588.852,356.071,349.952,593.579,597.032,643.122,638.564,613.826,589.972,216.598,213.204,657.469,642.9,228.175,245.264,136.928,134.848,285.689,281.032,660.21,645.58,622.509,608.964,221.041,217.568,650.921,636.496,355.813,349.7
26/1/2026 12:15,193.472,190.48,601.007,588.168,135.828,133.764,278.779,274.252,237.339,233.576,612.205,599,594.799,582.16,616.718,603.364,358.413,352.24,656.966,585.82,618.666,605.248,600.412,587.592,352.432,346.396,195.983,192.948,601.714,588.852,356.071,349.952,593.579,597.032,643.122,638.564,613.826,589.972,216.598,213.204,657.469,642.9,228.175,245.264,136.928,134.848,285.689,281.032,660.21,645.58,622.509,608.964,221.041,217.568,650.921,636.496,355.813,349.7
26/1/2026 12:20,450.242,441.84,453.104,444.628,402.664,395.452,619.695,606.244,586.457,574.088,185.944,183.084,197.643,194.58,442.59,434.384,451.162,442.736,206.981,203.756,181.768,178.98,177.035,174.328,571.211,559.324,466.156,457.34,177.707,174.988,575.304,563.288,454.738,446.22,225.886,222.328,179.872,177.116,375.424,368.86,196.849,193.8,605.07,577.604,416.589,409.036,616.766,603.412,203.032,199.876,444.22,435.972,401.189,394.012,230.366,226.728,452.574,444.112
26/1/2026 12:25,450.242,441.84,453.104,444.628,402.664,395.452,619.695,606.244,586.457,574.088,185.944,183.084,197.643,194.58,442.59,434.384,451.162,442.736,206.981,203.756,181.768,178.98,177.035,174.328,571.211,559.324,466.156,457.34,177.707,174.988,575.304,563.288,454.738,446.22,225.886,222.328,179.872,177.116,375.424,368.86,196.849,193.8,605.07,577.604,416.589,409.036,616.766,603.412,203.032,199.876,444.22,435.972,401.189,394.012,230.366,226.728,452.574,444.112
26/1/2026 12:30,450.242,441.84,453.104,444.628,402.664,395.452,619.695,606.244,586.457,574.088,185.944,183.084,197.643,194.58,442.59,434.384,451.162,442.736,206.981,203.756,181.768,178.98,177.035,174.328,571.211,559.324,466.156,457.34,177.707,174.988,575.304,563.288,454.738,446.22,225.886,222.328,179.872,177.116,375.424,368.86,196.849,193.8,605.07,577.604,416.589,409.036,616.766,603.412,203.032,199.876,444.22,435.972,401.189,394.012,230.366,226.728,452.574,444.112
26/1/2026 12:35,234.968,231.248,166.232,163.744,173.907,171.936,162.775,160.34,160.66,158.256,302.341,297.52,432.835,425.12,165.562,163.084,167.507,165,414.422,407.152,296.541,291.828,161.261,158.82,170.191,167.644,216.113,212.728,161.537,159.092,172.726,170.14,165.964,164.328,181.076,178.364,158.644,157.248,188.782,185.872,183.107,180.364,161.273,158.86,176.632,173.988,161.074,158.664,185.743,182.96,166.995,164.496,190.105,187.172,182.835,180.096,167.657,166.504
26/1/2026 12:40,234.968,231.248,166.232,163.744,173.907,171.936,162.775,160.34,160.66,158.256,302.341,297.52,432.835,425.12,165.562,163.084,167.507,165,414.422,407.152,296.541,291.828,161.261,158.82,170.191,167.644,216.113,212.728,161.537,159.092,172.726,170.14,165.964,164.328,181.076,178.364,158.644,157.248,188.782,185.872,183.107,180.364,161.273,158.86,176.632,173.988,161.074,158.664,185.743,182.96,166.995,164.496,190.105,187.172,182.835,180.096,167.657,166.504
26/1/2026 12:45,234.968,231.248,166.232,163.744,173.907,171.936,162.775,160.34,160.66,158.256,302.341,297.52,432.835,425.12,165.562,163.084,167.507,165,414.422,407.152,296.541,291.828,161.261,158.82,170.191,167.644,216.113,212.728,161.537,159.092,172.726,170.14,165.964,164.328,181.076,178.364,158.644,157.248,188.782,185.872,183.107,180.364,161.273,158.86,176.632,173.988,161.074,158.664,185.743,182.96,166.995,164.496,190.105,187.172,182.835,180.096,167.657,166.504
26/1/2026 12:50,183.348,180.532,207.291,204.06,191.065,189.836,521.857,511.472,550.539,539.292,314.28,309.236,260.583,256.524,282.814,278.212,247.239,243.296,244.488,240.596,345.41,339.716,152.062,149.776,205.532,202.332,181.578,180.008,152.176,149.888,212.49,209.168,206.151,202.94,183.484,180.736,166.942,170.336,188.363,185.46,200.564,197.544,578.67,537.696,194.033,191.032,505.527,495.62,198.034,195.056,271.408,267.02,185.689,182.832,182.269,179.54,246.155,242.232
26/1/2026 12:55,183.348,180.532,207.291,204.06,191.065,189.836,521.857,511.472,550.539,539.292,314.28,309.236,260.583,256.524,282.814,278.212,247.239,243.296,244.488,240.596,345.41,339.716,152.062,149.776,205.532,202.332,181.578,180.008,152.176,149.888,212.49,209.168,206.151,202.94,183.484,180.736,166.942,170.336,188.363,185.46,200.564,197.544,578.67,537.696,194.033,191.032,505.527,495.62,198.034,195.056,271.408,267.02,185.689,182.832,182.269,179.54,246.155,242.232
26/1/2026 13:00,183.348,180.532,207.291,204.06,191.065,189.836,521.857,511.472,550.539,539.292,314.28,309.236,260.583,256.524,282.814,278.212,247.239,243.296,244.488,240.596,345.41,339.716,152.062,149.776,205.532,202.332,181.578,180.008,152.176,149.888,212.49,209.168,206.151,202.94,183.484,180.736,166.942,170.336,188.363,185.46,200.564,197.544,578.67,537.696,194.033,191.032,505.527,495.62,198.034,195.056,271.408,267.02,185.689,182.832,182.269,179.54,246.155,242.232
26/1/2026 13:05,474.686,465.644,675.128,660.168,173.003,170.364,537.314,526.468,543.101,532.08,684.846,669.672,681.697,666.592,669.164,654.336,614.629,601.344,690.148,674.856,685.088,669.908,627.25,613.996,611.374,598.196,476.412,467.324,626.692,613.456,626.722,613.036,676.457,661.468,678.197,662.8,632.834,618.636,366.081,359.732,671.776,657.388,554.324,542.96,173.711,171.06,532.889,522.176,672.916,658.504,671.761,656.876,368.943,362.528,676.963,662.464,611.787,598.596
26/1/2026 13:10,474.686,465.644,675.128,660.168,173.003,170.364,537.314,526.468,543.101,532.08,684.846,669.672,681.697,666.592,669.164,654.336,614.629,601.344,690.148,674.856,685.088,669.908,627.25,613.996,611.374,598.196,476.412,467.324,626.692,613.456,626.722,613.036,676.457,661.468,678.197,662.8,632.834,618.636,366.081,359.732,671.776,657.388,554.324,542.96,173.711,171.06,532.889,522.176,672.916,658.504,671.761,656.876,368.943,362.528,676.963,662.464,611.787,598.596
26/1/2026 13:15,474.686,465.644,675.128,660.168,173.003,170.364,537.314,526.468,543.101,532.08,684.846,669.672,681.697,666.592,669.164,654.336,614.629,601.344,690.148,674.856,685.088,669.908,627.25,613.996,611.374,598.196,476.412,467.324,626.692,613.456,626.722,613.036,676.457,661.468,678.197,662.8,632.834,618.636,366.081,359.732,671.776,657.388,554.324,542.96,173.711,171.06,532.889,522.176,672.916,658.504,671.761,656.876,368.943,362.528,676.963,662.464,611.787,598.596
26/1/2026 13:20,258.183,254.04,497.889,488.5,523.177,513.08,644.346,630.068,638.749,624.66,166.43,163.94,167.929,165.416,622.808,609.696,566.261,554.528,171.088,167.204,166.588,164.096,182.786,180.048,499.073,489.352,271.078,266.696,185.503,182.724,528.708,518.12,501.073,491.596,174.902,172.284,164.359,161.9,204.225,201.048,171.88,169.308,643.473,629.224,526.735,516.536,646.291,632.448,170.37,167.82,615.871,602.98,214.073,210.724,176.604,173.96,580.459,568.28
26/1/2026 13:25,258.183,254.04,497.889,488.5,523.177,513.08,644.346,630.068,638.749,624.66,166.43,163.94,167.929,165.416,622.808,609.696,566.261,554.528,171.088,167.204,166.588,164.096,182.786,180.048,499.073,489.352,271.078,266.696,185.503,182.724,528.708,518.12,501.073,491.596,174.902,172.284,164.359,161.9,204.225,201.048,171.88,169.308,643.473,629.224,526.735,516.536,646.291,632.448,170.37,167.82,615.871,602.98,214.073,210.724,176.604,173.96,580.459,568.28
26/1/2026 13:30,258.183,254.04,497.889,488.5,523.177,513.08,644.346,630.068,638.749,624.66,166.43,163.94,167.929,165.416,622.808,609.696,566.261,554.528,171.088,167.204,166.588,164.096,182.786,180.048,499.073,489.352,271.078,266.696,185.503,182.724,528.708,518.12,501.073,491.596,174.902,172.284,164.359,161.9,204.225,201.048,171.88,169.308,643.473,629.224,526.735,516.536,646.291,632.448,170.37,167.82,615.871,602.98,214.073,210.724,176.604,173.96,580.459,568.28
26/1/2026 13:35,200.898,197.872,228.288,224.688,187.914,185.164,176.518,173.876,179.558,176.808,228.084,224.596,221.544,218.168,243.661,239.784,181.994,179.268,221.45,218.076,232.59,229.024,579.757,567.6,181.685,178.964,199.873,196.864,578.497,566.38,185.362,182.512,234.377,230.668,300.294,295.512,604.371,591.844,201.455,198.42,297.042,292.32,181.059,178.348,189.332,186.496,175.629,173,300.372,295.588,246.57,242.64,203.473,200.404,298.876,294.12,182.351,179.552
26/1/2026 13:40,200.898,197.872,228.288,224.688,187.914,185.164,176.518,173.876,179.558,176.808,228.084,224.596,221.544,218.168,243.661,239.784,181.994,179.268,221.45,218.076,232.59,229.024,579.757,567.6,181.685,178.964,199.873,196.864,578.497,566.38,185.362,182.512,234.377,230.668,300.294,295.512,604.371,591.844,201.455,198.42,297.042,292.32,181.059,178.348,189.332,186.496,175.629,173,300.372,295.588,246.57,242.64,203.473,200.404,298.876,294.12,182.351,179.552
26/1/2026 13:45,200.898,197.872,228.288,224.688,187.914,185.164,176.518,173.876,179.558,176.808,228.084,224.596,221.544,218.168,243.661,239.784,181.994,179.268,221.45,218.076,232.59,229.024,579.757,567.6,181.685,178.964,199.873,196.864,578.497,566.38,185.362,182.512,234.377,230.668,300.294,295.512,604.371,591.844,201.455,198.42,297.042,292.32,181.059,178.348,189.332,186.496,175.629,173,300.372,295.588,246.57,242.64,203.473,200.404,298.876,294.12,182.351,179.552
26/1/2026 13:50,259.036,255.004,149.109,146.864,152.861,149.872,139.762,137.644,139.632,137.516,631.895,618.492,596.184,583.912,152.593,150.3,258.037,254.024,590.277,578.188,640.614,626.928,438.841,430.98,277.548,273.184,258.75,254.724,443.418,435.444,283.053,278.588,148.963,146.72,301.904,297.092,402.551,408.14,303.633,298.788,285.562,281.052,139.887,137.768,153.193,150.892,139.372,137.26,286.989,282.452,153.736,151.428,298.465,293.716,303.041,298.208,249.73,245.864
26/1/2026 13:55,259.036,255.004,149.109,146.864,152.861,149.872,139.762,137.644,139.632,137.516,631.895,618.492,596.184,583.912,152.593,150.3,258.037,254.024,590.277,578.188,640.614,626.928,438.841,430.98,277.548,273.184,258.75,254.724,443.418,435.444,283.053,278.588,148.963,146.72,301.904,297.092,402.551,408.14,303.633,298.788,285.562,281.052,139.887,137.768,153.193,150.892,139.372,137.26,286.989,282.452,153.736,151.428,298.465,293.716,303.041,298.208,249.73,245.864
26/1/2026 14:00,259.036,255.004,149.109,146.864,152.861,149.872,139.762,137.644,139.632,137.516,631.895,618.492,596.184,583.912,152.593,150.3,258.037,254.024,590.277,578.188,640.614,626.928,438.841,430.98,277.548,273.184,258.75,254.724,443.418,435.444,283.053,278.588,148.963,146.72,301.904,297.092,402.551,408.14,303.633,298.788,285.562,281.052,139.887,137.768,153.193,150.892,139.372,137.26,286.989,282.452,153.736,151.428,298.465,293.716,303.041,298.208,249.73,245.864
26/1/2026 14:05,627.431,614.172,617.468,604.528,431.751,422.236,591.778,579.644,589.851,577.776,642.188,628.452,641.469,627.756,612.271,599.496,596.637,584.352,647.778,633.904,642.73,628.976,575.978,564.328,594.845,582.616,624.393,611.232,573.565,561.988,608.888,596.22,618.451,605.788,624,610.852,579.262,564.388,631.283,617.9,622.446,609.348,594.631,582.408,435.7,427.916,591.378,579.256,622.95,609.836,615.621,602.74,639.199,625.56,622.735,609.628,595.262,583.848
26/1/2026 14:10,627.431,614.172,617.468,604.528,431.751,422.236,591.778,579.644,589.851,577.776,642.188,628.452,641.469,627.756,612.271,599.496,596.637,584.352,647.778,633.904,642.73,628.976,575.978,564.328,594.845,582.616,624.393,611.232,573.565,561.988,608.888,596.22,618.451,605.788,624,610.852,579.262,564.388,631.283,617.9,622.446,609.348,594.631,582.408,435.7,427.916,591.378,579.256,622.95,609.836,615.621,602.74,639.199,625.56,622.735,609.628,595.262,583.848
26/1/2026 14:15,627.431,614.172,617.468,604.528,431.751,422.236,591.778,579.644,589.851,577.776,642.188,628.452,641.469,627.756,612.271,599.496,596.637,584.352,647.778,633.904,642.73,628.976,575.978,564.328,594.845,582.616,624.393,611.232,573.565,561.988,608.888,596.22,618.451,605.788,624,610.852,579.262,564.388,631.283,617.9,622.446,609.348,594.631,582.408,435.7,427.916,591.378,579.256,622.95,609.836,615.621,602.74,639.199,625.56,622.735,609.628,595.262,583.848
26/1/2026 14:20,626.546,613.316,212.981,209.752,597.404,584.636,390.453,383.748,386.055,379.452,625.653,612.452,624.128,610.976,226.366,222.908,538.37,527.836,632.187,618.776,624.64,611.472,395.658,388.832,528.662,518.408,623.653,610.516,396.457,389.612,541.436,530.812,207.863,204.72,618.757,605.776,340.826,335.232,618.158,605.196,540.088,529.504,387.906,383.728,604.626,592.092,390.424,383.72,549.022,538.176,233.371,229.792,623.318,610.192,621.584,608.512,538.082,527.556
26/1/2026 14:25,626.546,613.316,212.981,209.752,597.404,584.636,390.453,383.748,386.055,379.452,625.653,612.452,624.128,610.976,226.366,222.908,538.37,527.836,632.187,618.776,624.64,611.472,395.658,388.832,528.662,518.408,623.653,610.516,396.457,389.612,541.436,530.812,207.863,204.72,618.757,605.776,340.826,335.232,618.158,605.196,540.088,529.504,387.906,383.728,604.626,592.092,390.424,383.72,549.022,538.176,233.371,229.792,623.318,610.192,621.584,608.512,538.082,527.556
26/1/2026 14:30,626.546,613.316,212.981,209.752,597.404,584.636,390.453,383.748,386.055,379.452,625.653,612.452,624.128,610.976,226.366,222.908,538.37,527.836,632.187,618.776,624.64,611.472,395.658,388.832,528.662,518.408,623.653,610.516,396.457,389.612,541.436,530.812,207.863,204.72,618.757,605.776,340.826,335.232,618.158,605.196,540.088,529.504,387.906,383.728,604.626,592.092,390.424,383.72,549.022,538.176,233.371,229.792,623.318,610.192,621.584,608.512,538.082,527.556
26/1/2026 14:35,601.959,589.508,596.059,583.792,574.378,562.7,563.119,551.856,565.445,554.112,600.509,588.104,599.01,586.652,589.842,577.768,569.037,557.596,607.013,594.404,601.413,588.98,550.08,539.204,567.932,556.524,599.857,587.472,548.881,538.04,581.891,570.06,599.77,585.724,603.412,590.916,556.584,545.516,594.891,582.66,600.232,587.836,570.818,558.476,581.96,570.128,563.585,552.308,601.616,589.176,593.219,581.04,600.291,587.892,602.867,590.388,568.233,556.816
26/1/2026 14:40,601.959,589.508,596.059,583.792,574.378,562.7,563.119,551.856,565.445,554.112,600.509,588.104,599.01,586.652,589.842,577.768,569.037,557.596,607.013,594.404,601.413,588.98,550.08,539.204,567.932,556.524,599.857,587.472,548.881,538.04,581.891,570.06,599.77,585.724,603.412,590.916,556.584,545.516,594.891,582.66,600.232,587.836,570.818,558.476,581.96,570.128,563.585,552.308,601.616,589.176,593.219,581.04,600.291,587.892,602.867,590.388,568.233,556.816
26/1/2026 14:45,601.959,589.508,596.059,583.792,574.378,562.7,563.119,551.856,565.445,554.112,600.509,588.104,599.01,586.652,589.842,577.768,569.037,557.596,607.013,594.404,601.413,588.98,550.08,539.204,567.932,556.524,599.857,587.472,548.881,538.04,581.891,570.06,599.77,585.724,603.412,590.916,556.584,545.516,594.891,582.66,600.232,587.836,570.818,558.476,581.96,570.128,563.585,552.308,601.616,589.176,593.219,581.04,600.291,587.892,602.867,590.388,568.233,556.816
26/1/2026 14:50,457.649,449.32,534.239,523.824,301.23,295.348,374.93,368.58,415.392,408.1,540.944,530.336,542.98,532.312,550.897,539.996,518.245,508.288,549.96,539.088,542.292,531.644,541.307,530.688,485.336,476.292,453.493,445.268,545.23,534.496,490.76,481.568,540.175,529.588,606.03,596.228,548.86,538.02,476.022,467.224,603.123,590.636,421.199,413.768,303.77,298.924,379.493,373.04,604.267,591.744,550.6,539.708,478.498,469.636,605.518,592.956,520.575,510.552
26/1/2026 14:55,457.649,449.32,534.239,523.824,301.23,295.348,374.93,368.58,415.392,408.1,540.944,530.336,542.98,532.312,550.897,539.996,518.245,508.288,549.96,539.088,542.292,531.644,541.307,530.688,485.336,476.292,453.493,445.268,545.23,534.496,490.76,481.568,540.175,529.588,606.03,596.228,548.86,538.02,476.022,467.224,603.123,590.636,421.199,413.768,303.77,298.924,379.493,373.04,604.267,591.744,550.6,539.708,478.498,469.636,605.518,592.956,520.575,510.552
26/1/2026 15:00,457.649,449.32,534.239,523.824,301.23,295.348,374.93,368.58,415.392,408.1,540.944,530.336,542.98,532.312,550.897,539.996,518.245,508.288,549.96,539.088,542.292,531.644,541.307,530.688,485.336,476.292,453.493,445.268,545.23,534.496,490.76,481.568,540.175,529.588,606.03,596.228,548.86,538.02,476.022,467.224,603.123,590.636,421.199,413.768,303.77,298.924,379.493,373.04,604.267,591.744,550.6,539.708,478.498,469.636,605.518,592.956,520.575,510.552
26/1/2026 15:05,606.378,593.788,513.457,503.32,586.685,574.708,557.776,546.672,565.02,553.7,516.973,507.052,528.646,518.392,504.163,494.296,547.699,536.892,540.344,522.428,513.1,503.288,485.036,476,529.408,519.132,607.336,594.716,484.6,475.576,548.453,537.624,520.632,506.572,497.978,488.588,487.803,478.864,614.899,602.04,487.301,478.204,571.767,560.244,595.258,583.016,555.262,544.232,489.452,480.296,501.568,491.776,619.918,606.9,498.044,488.652,554.833,536.344
26/1/2026 15:10,606.378,593.788,513.457,503.32,586.685,574.708,557.776,546.672,565.02,553.7,516.973,507.052,528.646,518.392,504.163,494.296,547.699,536.892,540.344,522.428,513.1,503.288,485.036,476,529.408,519.132,607.336,594.716,484.6,475.576,548.453,537.624,520.632,506.572,497.978,488.588,487.803,478.864,614.899,602.04,487.301,478.204,571.767,560.244,595.258,583.016,555.262,544.232,489.452,480.296,501.568,491.776,619.918,606.9,498.044,488.652,554.833,536.344
26/1/2026 15:15,606.378,593.788,513.457,503.32,586.685,574.708,557.776,546.672,565.02,553.7,516.973,507.052,528.646,518.392,504.163,494.296,547.699,536.892,540.344,522.428,513.1,503.288,485.036,476,529.408,519.132,607.336,594.716,484.6,475.576,548.453,537.624,520.632,506.572,497.978,488.588,487.803,478.864,614.899,602.04,487.301,478.204,571.767,560.244,595.258,583.016,555.262,544.232,489.452,480.296,501.568,491.776,619.918,606.9,498.044,488.652,554.833,536.344
26/1/2026 15:20,132.364,130.348,311.128,306.144,131.722,129.716,321.094,315.92,248.793,244.944,173.167,170.576,161.926,159.504,297.514,292.784,123.74,121.836,165.114,162.644,179.974,177.28,512.219,502.432,137.374,135.288,131.309,129.308,510.98,501.228,138.655,136.552,315.327,310.264,327.305,322,510.651,500.908,132.972,130.948,315.539,310.472,258.261,238.576,132.326,130.312,317.133,312.036,316.248,311.168,295.542,290.848,133.929,131.892,327.488,322.18,124.732,122.816
26/1/2026 15:25,132.364,130.348,311.128,306.144,131.722,129.716,321.094,315.92,248.793,244.944,173.167,170.576,161.926,159.504,297.514,292.784,123.74,121.836,165.114,162.644,179.974,177.28,512.219,502.432,137.374,135.288,131.309,129.308,510.98,501.228,138.655,136.552,315.327,310.264,327.305,322,510.651,500.908,132.972,130.948,315.539,310.472,258.261,238.576,132.326,130.312,317.133,312.036,316.248,311.168,295.542,290.848,133.929,131.892,327.488,322.18,124.732,122.816
26/1/2026 15:30,132.364,130.348,311.128,306.144,131.722,129.716,321.094,315.92,248.793,244.944,173.167,170.576,161.926,159.504,297.514,292.784,123.74,121.836,165.114,162.644,179.974,177.28,512.219,502.432,137.374,135.288,131.309,129.308,510.98,501.228,138.655,136.552,315.327,310.264,327.305,322,510.651,500.908,132.972,130.948,315.539,310.472,258.261,238.576,132.326,130.312,317.133,312.036,316.248,311.168,295.542,290.848,133.929,131.892,327.488,322.18,124.732,122.816
26/1/2026 15:35,400.459,393.52,565.057,553.736,548.972,528.656,544.678,533.96,547.728,536.92,305.352,300.476,329.582,324.228,560.637,549.448,537.439,526.932,337.711,321.544,283.57,279.096,471.978,463.284,534.626,524.2,391.67,396.016,478.596,469.732,547.847,537.036,566.789,555.416,290.749,272.012,496.912,487.552,423.757,416.264,375.473,369.112,549.677,538.812,553.3,542.328,547.773,536.964,382.849,376.32,566.03,554.68,459.513,451.136,279.67,275.268,537.167,526.668
26/1/2026 15:40,400.459,393.52,565.057,553.736,548.972,528.656,544.678,533.96,547.728,536.92,305.352,300.476,329.582,324.228,560.637,549.448,537.439,526.932,337.711,321.544,283.57,279.096,471.978,463.284,534.626,524.2,391.67,396.016,478.596,469.732,547.847,537.036,566.789,555.416,290.749,272.012,496.912,487.552,423.757,416.264,375.473,369.112,549.677,538.812,553.3,542.328,547.773,536.964,382.849,376.32,566.03,554.68,459.513,451.136,279.67,275.268,537.167,526.668
26/1/2026 15:45,400.459,393.52,565.057,553.736,548.972,528.656,544.678,533.96,547.728,536.92,305.352,300.476,329.582,324.228,560.637,549.448,537.439,526.932,337.711,321.544,283.57,279.096,471.978,463.284,534.626,524.2,391.67,396.016,478.596,469.732,547.847,537.036,566.789,555.416,290.749,272.012,496.912,487.552,423.757,416.264,375.473,369.112,549.677,538.812,553.3,542.328,547.773,536.964,382.849,376.32,566.03,554.68,459.513,451.136,279.67,275.268,537.167,526.668
26/1/2026 15:50,499.357,489.928,503.121,493.588,451.626,427.784,437.222,429.4,410.082,402.916,494.585,485.288,502.837,493.312,488.313,479.188,478.938,470.064,508.927,499.232,496.629,487.276,437.521,429.692,479.969,471.068,497.111,487.744,432.276,424.576,491.299,482.092,505.244,496.8,493.721,484.448,458.29,439.368,489.769,480.604,490.414,481.232,494.141,394.46,454.864,446.604,450.511,442.36,491.253,482.048,491.048,481.848,494.758,485.456,494.042,484.76,478.191,469.336
26/1/2026 15:55,499.357,489.928,503.121,493.588,451.626,427.784,437.222,429.4,410.082,402.916,494.585,485.288,502.837,493.312,488.313,479.188,478.938,470.064,508.927,499.232,496.629,487.276,437.521,429.692,479.969,471.068,497.111,487.744,432.276,424.576,491.299,482.092,505.244,496.8,493.721,484.448,458.29,439.368,489.769,480.604,490.414,481.232,494.141,394.46,454.864,446.604,450.511,442.36,491.253,482.048,491.048,481.848,494.758,485.456,494.042,484.76,478.191,469.336
26/1/2026 16:00,499.357,489.928,503.121,493.588,451.626,427.784,437.222,429.4,410.082,402.916,494.585,485.288,502.837,493.312,488.313,479.188,478.938,470.064,508.927,499.232,496.629,487.276,437.521,429.692,479.969,471.068,497.111,487.744,432.276,424.576,491.299,482.092,505.244,496.8,493.721,484.448,458.29,439.368,489.769,480.604,490.414,481.232,494.141,394.46,454.864,446.604,450.511,442.36,491.253,482.048,491.048,481.848,494.758,485.456,494.042,484.76,478.191,469.336
26/1/2026 16:05,143.803,141.628,316.229,311.148,135.735,131.74,381.577,375.076,405.657,398.596,149.857,147.6,207.538,204.4,270.982,266.736,165.229,162.756,208.506,205.352,146.868,144.652,290.077,285.484,151.653,149.372,141.211,139.072,290.468,285.868,152.999,150.7,315.564,310.496,233.811,157.236,317.916,312.804,123.725,121.82,165.561,163.084,408.636,401.504,133.544,131.512,375.597,369.232,172.88,170.292,275.715,271.384,122.907,121.012,155.732,153.396,167.531,165.024
26/1/2026 16:10,143.803,141.628,316.229,311.148,135.735,131.74,381.577,375.076,405.657,398.596,149.857,147.6,207.538,204.4,270.982,266.736,165.229,162.756,208.506,205.352,146.868,144.652,290.077,285.484,151.653,149.372,141.211,139.072,290.468,285.868,152.999,150.7,315.564,310.496,233.811,157.236,317.916,312.804,123.725,121.82,165.561,163.084,408.636,401.504,133.544,131.512,375.597,369.232,172.88,170.292,275.715,271.384,122.907,121.012,155.732,153.396,167.531,165.024
26/1/2026 16:15,143.803,141.628,316.229,311.148,135.735,131.74,381.577,375.076,405.657,398.596,149.857,147.6,207.538,204.4,270.982,266.736,165.229,162.756,208.506,205.352,146.868,144.652,290.077,285.484,151.653,149.372,141.211,139.072,290.468,285.868,152.999,150.7,315.564,310.496,233.811,157.236,317.916,312.804,123.725,121.82,165.561,163.084,408.636,401.504,133.544,131.512,375.597,369.232,172.88,170.292,275.715,271.384,122.907,121.012,155.732,153.396,167.531,165.024
26/1/2026 16:20,199.275,196.184,129.31,127.336,98.727,97.14,103.839,102.184,105.164,103.492,415.389,408.096,425.689,418.148,124.413,122.5,105.849,104.168,430.661,423,416.618,409.296,258.359,254.34,114.361,112.572,197.773,194.708,214.235,210.984,119.416,117.564,130.989,128.992,329.565,324.212,240.016,243.864,229.8,226.172,359.439,353.436,106.473,104.784,99.623,98.024,102.813,101.172,359.995,353.98,125.34,123.416,231.095,227.444,326.014,320.736,106.574,104.884
26/1/2026 16:25,199.275,196.184,129.31,127.336,98.727,97.14,103.839,102.184,105.164,103.492,415.389,408.096,425.689,418.148,124.413,122.5,105.849,104.168,430.661,423,416.618,409.296,258.359,254.34,114.361,112.572,197.773,194.708,214.235,210.984,119.416,117.564,130.989,128.992,329.565,324.212,240.016,243.864,229.8,226.172,359.439,353.436,106.473,104.784,99.623,98.024,102.813,101.172,359.995,353.98,125.34,123.416,231.095,227.444,326.014,320.736,106.574,104.884
26/1/2026 16:30,199.275,196.184,129.31,127.336,98.727,97.14,103.839,102.184,105.164,103.492,415.389,408.096,425.689,418.148,124.413,122.5,105.849,104.168,430.661,423,416.618,409.296,258.359,254.34,114.361,112.572,197.773,194.708,214.235,210.984,119.416,117.564,130.989,128.992,329.565,324.212,240.016,243.864,229.8,226.172,359.439,353.436,106.473,104.784,99.623,98.024,102.813,101.172,359.995,353.98,125.34,123.416,231.095,227.444,326.014,320.736,106.574,104.884
26/1/2026 16:35,413.826,406.34,394.893,388.084,395.861,388.812,384.181,377.62,384.812,378.236,409.021,401.88,411.414,404.216,390.9,384.184,381.815,375.308,415.553,408.508,410.697,403.516,368.968,362.752,379.294,372.844,410.8,403.388,369.176,362.956,387.412,380.776,395.962,389.128,392.423,385.672,369.753,363.52,409.865,402.476,383.739,377.188,387.621,380.98,400.772,393.604,383.911,377.356,384.578,378.008,392.612,385.856,413.359,405.884,389.537,382.852,382.282,375.764
26/1/2026 16:40,413.826,406.34,394.893,388.084,395.861,388.812,384.181,377.62,384.812,378.236,409.021,401.88,411.414,404.216,390.9,384.184,381.815,375.308,415.553,408.508,410.697,403.516,368.968,362.752,379.294,372.844,410.8,403.388,369.176,362.956,387.412,380.776,395.962,389.128,392.423,385.672,369.753,363.52,409.865,402.476,383.739,377.188,387.621,380.98,400.772,393.604,383.911,377.356,384.578,378.008,392.612,385.856,413.359,405.884,389.537,382.852,382.282,375.764
26/1/2026 16:45,413.826,406.34,394.893,388.084,395.861,388.812,384.181,377.62,384.812,378.236,409.021,401.88,411.414,404.216,390.9,384.184,381.815,375.308,415.553,408.508,410.697,403.516,368.968,362.752,379.294,372.844,410.8,403.388,369.176,362.956,387.412,380.776,395.962,389.128,392.423,385.672,369.753,363.52,409.865,402.476,383.739,377.188,387.621,380.98,400.772,393.604,383.911,377.356,384.578,378.008,392.612,385.856,413.359,405.884,389.537,382.852,382.282,375.764
26/1/2026 16:50,157.274,154.888,173.599,171,147.72,145.476,148.296,146.06,145.874,143.672,176.564,173.92,173.688,171.088,163.698,161.248,149.61,147.356,175.415,172.788,178.14,175.472,168.912,166.384,151.167,148.892,155.479,153.6,169.318,166.784,153.624,151.316,173.433,170.836,180.113,178.032,170.841,168.284,156.354,153.98,180.54,177.836,146.45,144.24,149.228,146.98,147.395,145.172,182.103,179.376,165.671,163.192,157.322,154.936,180.999,178.288,149.804,148.196
26/1/2026 16:55,157.274,154.888,173.599,171,147.72,145.476,148.296,146.06,145.874,143.672,176.564,173.92,173.688,171.088,163.698,161.248,149.61,147.356,175.415,172.788,178.14,175.472,168.912,166.384,151.167,148.892,155.479,153.6,169.318,166.784,153.624,151.316,173.433,170.836,180.113,178.032,170.841,168.284,156.354,153.98,180.54,177.836,146.45,144.24,149.228,146.98,147.395,145.172,182.103,179.376,165.671,163.192,157.322,154.936,180.999,178.288,149.804,148.196
26/1/2026 17:00,157.274,154.888,173.599,171,147.72,145.476,148.296,146.06,145.874,143.672,176.564,173.92,173.688,171.088,163.698,161.248,149.61,147.356,175.415,172.788,178.14,175.472,168.912,166.384,151.167,148.892,155.479,153.6,169.318,166.784,153.624,151.316,173.433,170.836,180.113,178.032,170.841,168.284,156.354,153.98,180.54,177.836,146.45,144.24,149.228,146.98,147.395,145.172,182.103,179.376,165.671,163.192,157.322,154.936,180.999,178.288,149.804,148.196
26/1/2026 17:05,105.454,103.72,97.854,96.22,99.153,97.56,92.025,90.528,96.482,94.924,106.734,104.984,105.182,103.452,97.42,95.792,99.763,98.104,108.172,104.568,107.085,105.388,91.058,89.516,95.64,94.036,104.408,103.196,91.391,89.844,101.981,100.292,97.672,96.412,100.827,99.212,90.64,89.104,105.073,103.344,101.439,99.816,96.733,95.76,100.013,98.408,91.685,90.192,102.047,100.416,98.3,96.66,105.608,103.872,101.654,100.028,99.934,98.664
26/1/2026 17:10,105.454,103.72,97.854,96.22,99.153,97.56,92.025,90.528,96.482,94.924,106.734,104.984,105.182,103.452,97.42,95.792,99.763,98.104,108.172,104.568,107.085,105.388,91.058,89.516,95.64,94.036,104.408,103.196,91.391,89.844,101.981,100.292,97.672,96.412,100.827,99.212,90.64,89.104,105.073,103.344,101.439,99.816,96.733,95.76,100.013,98.408,91.685,90.192,102.047,100.416,98.3,96.66,105.608,103.872,101.654,100.028,99.934,98.664
26/1/2026 17:15,105.454,103.72,97.854,96.22,99.153,97.56,92.025,90.528,96.482,94.924,106.734,104.984,105.182,103.452,97.42,95.792,99.763,98.104,108.172,104.568,107.085,105.388,91.058,89.516,95.64,94.036,104.408,103.196,91.391,89.844,101.981,100.292,97.672,96.412,100.827,99.212,90.64,89.104,105.073,103.344,101.439,99.816,96.733,95.76,100.013,98.408,91.685,90.192,102.047,100.416,98.3,96.66,105.608,103.872,101.654,100.028,99.934,98.664
26/1/2026 17:20,107.209,105.452,105.442,103.708,101.242,99.596,100.476,98.864,99.896,98.292,107.707,105.944,106.885,105.132,104.786,103.06,100.936,99.26,108.424,106.652,108.257,106.544,100.83,99.156,100.822,99.148,106.54,104.804,101.15,99.472,102.496,100.8,106.022,104.28,107.511,105.808,100.559,98.888,105.933,104.192,107.216,105.516,100.557,98.944,101.461,99.836,99.349,97.752,107.73,106.024,105.543,103.808,107.083,105.328,107.99,106.28,101.617,99.932
26/1/2026 17:25,107.209,105.452,105.442,103.708,101.242,99.596,100.476,98.864,99.896,98.292,107.707,105.944,106.885,105.132,104.786,103.06,100.936,99.26,108.424,106.652,108.257,106.544,100.83,99.156,100.822,99.148,106.54,104.804,101.15,99.472,102.496,100.8,106.022,104.28,107.511,105.808,100.559,98.888,105.933,104.192,107.216,105.516,100.557,98.944,101.461,99.836,99.349,97.752,107.73,106.024,105.543,103.808,107.083,105.328,107.99,106.28,101.617,99.932
26/1/2026 17:30,107.209,105.452,105.442,103.708,101.242,99.596,100.476,98.864,99.896,98.292,107.707,105.944,106.885,105.132,104.786,103.06,100.936,99.26,108.424,106.652,108.257,106.544,100.83,99.156,100.822,99.148,106.54,104.804,101.15,99.472,102.496,100.8,106.022,104.28,107.511,105.808,100.559,98.888,105.933,104.192,107.216,105.516,100.557,98.944,101.461,99.836,99.349,97.752,107.73,106.024,105.543,103.808,107.083,105.328,107.99,106.28,101.617,99.932
26/1/2026 17:35,85.388,83.924,84.945,83.488,81.394,80.044,81.601,80.248,80.774,79.432,84.58,83.128,83.943,82.5,83.769,82.328,80.543,79.148,85.153,83.692,84.823,83.424,78.785,77.416,80.616,79.22,84.857,83.4,78.802,77.432,81.85,80.436,84.945,83.488,84.514,83.12,78.456,77.092,84.033,82.588,84.397,83.004,81.403,80.036,81.8,80.444,80.498,79.16,84.705,83.308,84.524,83.072,85.007,83.548,84.843,83.444,81.184,79.78
26/1/2026 17:40,85.388,83.924,84.945,83.488,81.394,80.044,81.601,80.248,80.774,79.432,84.58,83.128,83.943,82.5,83.769,82.328,80.543,79.148,85.153,83.692,84.823,83.424,78.785,77.416,80.616,79.22,84.857,83.4,78.802,77.432,81.85,80.436,84.945,83.488,84.514,83.12,78.456,77.092,84.033,82.588,84.397,83.004,81.403,80.036,81.8,80.444,80.498,79.16,84.705,83.308,84.524,83.072,85.007,83.548,84.843,83.444,81.184,79.78
26/1/2026 17:45,85.388,83.924,84.945,83.488,81.394,80.044,81.601,80.248,80.774,79.432,84.58,83.128,83.943,82.5,83.769,82.328,80.543,79.148,85.153,83.692,84.823,83.424,78.785,77.416,80.616,79.22,84.857,83.4,78.802,77.432,81.85,80.436,84.945,83.488,84.514,83.12,78.456,77.092,84.033,82.588,84.397,83.004,81.403,80.036,81.8,80.444,80.498,79.16,84.705,83.308,84.524,83.072,85.007,83.548,84.843,83.444,81.184,79.78
26/1/2026 17:50,120.533,118.612,119.23,117.324,114.346,112.1,113.484,111.704,112.434,110.668,119.618,117.708,119.331,117.424,117.95,116.06,113.289,111.456,121.003,118.952,120.572,118.704,112.22,110.4,112.998,111.168,119.898,117.984,112.459,110.636,115.011,113.156,119.254,117.412,120.446,118.58,112.046,109.796,119.011,117.108,120.276,118.412,113.099,111.324,114.873,113.076,112.232,110.468,120.264,118.4,118.711,116.812,120.25,118.332,120.891,119.02,113.374,111.54
26/1/2026 17:55,120.533,118.612,119.23,117.324,114.346,112.1,113.484,111.704,112.434,110.668,119.618,117.708,119.331,117.424,117.95,116.06,113.289,111.456,121.003,118.952,120.572,118.704,112.22,110.4,112.998,111.168,119.898,117.984,112.459,110.636,115.011,113.156,119.254,117.412,120.446,118.58,112.046,109.796,119.011,117.108,120.276,118.412,113.099,111.324,114.873,113.076,112.232,110.468,120.264,118.4,118.711,116.812,120.25,118.332,120.891,119.02,113.374,111.54
26/1/2026 18:00,120.533,118.612,119.23,117.324,114.346,112.1,113.484,111.704,112.434,110.668,119.618,117.708,119.331,117.424,117.95,116.06,113.289,111.456,121.003,118.952,120.572,118.704,112.22,110.4,112.998,111.168,119.898,117.984,112.459,110.636,115.011,113.156,119.254,117.412,120.446,118.58,112.046,109.796,119.011,117.108,120.276,118.412,113.099,111.324,114.873,113.076,112.232,110.468,120.264,118.4,118.711,116.812,120.25,118.332,120.891,119.02,113.374,111.54
26/1/2026 18:05,84.645,83.192,82.746,81.32,80.42,79.724,78.424,77.116,78.079,76.776,84.495,83.044,84.317,82.868,80.709,79.312,78.867,77.496,85.193,83.732,85.228,83.824,77.186,75.84,78.534,77.168,84.207,82.76,77.637,76.284,79.557,78.176,82.604,81.18,83.873,82.94,76.22,74.888,83.513,82.076,84.242,82.852,78.469,77.16,81.078,79.732,77.584,76.288,84.247,82.856,81.448,80.04,84.296,82.848,84.547,83.152,79.317,77.9
26/1/2026 18:10,84.645,83.192,82.746,81.32,80.42,79.724,78.424,77.116,78.079,76.776,84.495,83.044,84.317,82.868,80.709,79.312,78.867,77.496,85.193,83.732,85.228,83.824,77.186,75.84,78.534,77.168,84.207,82.76,77.637,76.284,79.557,78.176,82.604,81.18,83.873,82.94,76.22,74.888,83.513,82.076,84.242,82.852,78.469,77.16,81.078,79.732,77.584,76.288,84.247,82.856,81.448,80.04,84.296,82.848,84.547,83.152,79.317,77.9
26/1/2026 18:15,84.645,83.192,82.746,81.32,80.42,79.724,78.424,77.116,78.079,76.776,84.495,83.044,84.317,82.868,80.709,79.312,78.867,77.496,85.193,83.732,85.228,83.824,77.186,75.84,78.534,77.168,84.207,82.76,77.637,76.284,79.557,78.176,82.604,81.18,83.873,82.94,76.22,74.888,83.513,82.076,84.242,82.852,78.469,77.16,81.078,79.732,77.584,76.288,84.247,82.856,81.448,80.04,84.296,82.848,84.547,83.152,79.317,77.9
26/1/2026 18:20,48.083,47.024,48.047,46.988,45.361,44.356,46.282,45.268,44.836,43.836,47.679,46.624,47.461,46.408,46.609,45.564,44.821,43.796,48.104,47.044,47.736,46.708,44.069,43.052,45.731,44.696,47.926,46.66,44.093,43.076,46.079,45.04,47.752,46.696,47.941,46.912,44.17,43.152,47.158,46.108,47.372,46.348,45.329,44.324,45.636,44.628,45.273,44.268,47.663,46.636,47.186,46.136,47.538,46.484,48.022,46.992,45.165,44.136
26/1/2026 18:25,48.083,47.024,48.047,46.988,45.361,44.356,46.282,45.268,44.836,43.836,47.679,46.624,47.461,46.408,46.609,45.564,44.821,43.796,48.104,47.044,47.736,46.708,44.069,43.052,45.731,44.696,47.926,46.66,44.093,43.076,46.079,45.04,47.752,46.696,47.941,46.912,44.17,43.152,47.158,46.108,47.372,46.348,45.329,44.324,45.636,44.628,45.273,44.268,47.663,46.636,47.186,46.136,47.538,46.484,48.022,46.992,45.165,44.136
26/1/2026 18:30,48.083,47.024,48.047,46.988,45.361,44.356,46.282,45.268,44.836,43.836,47.679,46.624,47.461,46.408,46.609,45.564,44.821,43.796,48.104,47.044,47.736,46.708,44.069,43.052,45.731,44.696,47.926,46.66,44.093,43.076,46.079,45.04,47.752,46.696,47.941,46.912,44.17,43.152,47.158,46.108,47.372,46.348,45.329,44.324,45.636,44.628,45.273,44.268,47.663,46.636,47.186,46.136,47.538,46.484,48.022,46.992,45.165,44.136
26/1/2026 18:35,37.534,36.604,35.467,34.584,36.558,35.652,34.613,33.744,34.012,33.152,39.486,38.528,38.808,37.86,34.488,33.62,34.885,33.996,38.942,38.224,39.754,38.812,34.877,33.988,35.104,34.212,37.274,36.34,34.824,33.936,35.157,34.264,34.979,34.104,39.085,38.152,34.551,33.668,36.941,36.02,39.284,38.348,34.634,33.712,36.708,35.808,33.935,33.076,38.274,37.352,35.178,34.3,37.177,36.252,39.073,38.14,35.174,34.28
26/1/2026 18:40,37.534,36.604,35.467,34.584,36.558,35.652,34.613,33.744,34.012,33.152,39.486,38.528,38.808,37.86,34.488,33.62,34.885,33.996,38.942,38.224,39.754,38.812,34.877,33.988,35.104,34.212,37.274,36.34,34.824,33.936,35.157,34.264,34.979,34.104,39.085,38.152,34.551,33.668,36.941,36.02,39.284,38.348,34.634,33.712,36.708,35.808,33.935,33.076,38.274,37.352,35.178,34.3,37.177,36.252,39.073,38.14,35.174,34.28
26/1/2026 18:45,37.534,36.604,35.467,34.584,36.558,35.652,34.613,33.744,34.012,33.152,39.486,38.528,38.808,37.86,34.488,33.62,34.885,33.996,38.942,38.224,39.754,38.812,34.877,33.988,35.104,34.212,37.274,36.34,34.824,33.936,35.157,34.264,34.979,34.104,39.085,38.152,34.551,33.668,36.941,36.02,39.284,38.348,34.634,33.712,36.708,35.808,33.935,33.076,38.274,37.352,35.178,34.3,37.177,36.252,39.073,38.14,35.174,34.28
26/1/2026 18:50,17.912,17.436,15.877,15.452,16.151,15.692,15.757,15.336,15.52,15.104,17.965,17.488,18.199,17.716,14.572,14.18,16.144,15.712,18.359,17.872,17.973,17.496,14.675,14.28,16.902,16.452,17.826,17.352,14.532,14.14,16.669,16.224,15.126,14.72,17.915,17.44,14.839,14.44,17.292,16.832,17.32,16.86,16.164,15.732,16.008,15.58,15.273,14.864,17.292,16.832,15.114,14.708,17.44,16.976,17.686,17.216,16.295,15.86
26/1/2026 18:55,17.912,17.436,15.877,15.452,16.151,15.692,15.757,15.336,15.52,15.104,17.965,17.488,18.199,17.716,14.572,14.18,16.144,15.712,18.359,17.872,17.973,17.496,14.675,14.28,16.902,16.452,17.826,17.352,14.532,14.14,16.669,16.224,15.126,14.72,17.915,17.44,14.839,14.44,17.292,16.832,17.32,16.86,16.164,15.732,16.008,15.58,15.273,14.864,17.292,16.832,15.114,14.708,17.44,16.976,17.686,17.216,16.295,15.86
26/1/2026 19:00,17.912,17.436,15.877,15.452,16.151,15.692,15.757,15.336,15.52,15.104,17.965,17.488,18.199,17.716,14.572,14.18,16.144,15.712,18.359,17.872,17.973,17.496,14.675,14.28,16.902,16.452,17.826,17.352,14.532,14.14,16.669,16.224,15.126,14.72,17.915,17.44,14.839,14.44,17.292,16.832,17.32,16.86,16.164,15.732,16.008,15.58,15.273,14.864,17.292,16.832,15.114,14.708,17.44,16.976,17.686,17.216,16.295,15.86
26/1/2026 19:05,8.898,8.648,8.372,8.136,8.099,7.888,7.773,7.552,7.466,7.252,8.866,8.616,8.792,8.544,7.404,7.192,8.262,8.028,8.755,8.508,8.943,8.692,7.491,7.276,8.365,8.128,8.751,8.504,7.438,7.224,7.897,7.672,7.634,7.416,8.766,8.496,7.532,7.316,8.706,8.46,8.529,8.288,8.093,7.864,7.958,7.732,7.49,7.276,8.594,8.352,7.958,7.732,8.693,8.448,8.529,8.288,8.303,8.068
26/1/2026 19:10,8.898,8.648,8.372,8.136,8.099,7.888,7.773,7.552,7.466,7.252,8.866,8.616,8.792,8.544,7.404,7.192,8.262,8.028,8.755,8.508,8.943,8.692,7.491,7.276,8.365,8.128,8.751,8.504,7.438,7.224,7.897,7.672,7.634,7.416,8.766,8.496,7.532,7.316,8.706,8.46,8.529,8.288,8.093,7.864,7.958,7.732,7.49,7.276,8.594,8.352,7.958,7.732,8.693,8.448,8.529,8.288,8.303,8.068
26/1/2026 19:15,8.898,8.648,8.372,8.136,8.099,7.888,7.773,7.552,7.466,7.252,8.866,8.616,8.792,8.544,7.404,7.192,8.262,8.028,8.755,8.508,8.943,8.692,7.491,7.276,8.365,8.128,8.751,8.504,7.438,7.224,7.897,7.672,7.634,7.416,8.766,8.496,7.532,7.316,8.706,8.46,8.529,8.288,8.093,7.864,7.958,7.732,7.49,7.276,8.594,8.352,7.958,7.732,8.693,8.448,8.529,8.288,8.303,8.068
26/1/2026 19:20,1.841,1.772,1.902,1.832,1.415,1.356,1.358,1.3,1.19,1.136,1.685,1.62,1.698,1.632,1.19,1.136,1.681,1.616,1.571,1.508,1.849,1.78,1.427,1.368,1.734,1.668,1.697,1.632,1.411,1.352,1.3,1.244,1.198,1.144,1.718,1.652,1.423,1.38,1.669,1.604,1.489,1.428,1.685,1.612,1.198,1.144,1.202,1.148,1.542,1.48,1.566,1.504,1.595,1.532,1.534,1.472,1.73,1.652
26/1/2026 19:25,1.841,1.772,1.902,1.832,1.415,1.356,1.358,1.3,1.19,1.136,1.685,1.62,1.698,1.632,1.19,1.136,1.681,1.616,1.571,1.508,1.849,1.78,1.427,1.368,1.734,1.668,1.697,1.632,1.411,1.352,1.3,1.244,1.198,1.144,1.718,1.652,1.423,1.38,1.669,1.604,1.489,1.428,1.685,1.612,1.198,1.144,1.202,1.148,1.542,1.48,1.566,1.504,1.595,1.532,1.534,1.472,1.73,1.652
26/1/2026 19:30,1.841,1.772,1.902,1.832,1.415,1.356,1.358,1.3,1.19,1.136,1.685,1.62,1.698,1.632,1.19,1.136,1.681,1.616,1.571,1.508,1.849,1.78,1.427,1.368,1.734,1.668,1.697,1.632,1.411,1.352,1.3,1.244,1.198,1.144,1.718,1.652,1.423,1.38,1.669,1.604,1.489,1.428,1.685,1.612,1.198,1.144,1.202,1.148,1.542,1.48,1.566,1.504,1.595,1.532,1.534,1.472,1.73,1.652
26/1/2026 19:35,0,0,0,0,0,0,0,0,0,0,0,0,0,0,0,0,0,0,0,0,0,0,0,0,0,0,0,0,0,0,0,0,0,0,0,0,0,0,0,0,0,0,0,0,0,0,0,0,0,0,0,0,0,0,0,0,0,0
26/1/2026 19:40,0,0,0,0,0,0,0,0,0,0,0,0,0,0,0,0,0,0,0,0,0,0,0,0,0,0,0,0,0,0,0,0,0,0,0,0,0,0,0,0,0,0,0,0,0,0,0,0,0,0,0,0,0,0,0,0,0,0
26/1/2026 19:45,0,0,0,0,0,0,0,0,0,0,0,0,0,0,0,0,0,0,0,0,0,0,0,0,0,0,0,0,0,0,0,0,0,0,0,0,0,0,0,0,0,0,0,0,0,0,0,0,0,0,0,0,0,0,0,0,0,0
26/1/2026 19:50,0,0,0,0,0,0,0,0,0,0,0,0,0,0,0,0,0,0,0,0,0,0,0,0,0,0,0,0,0,0,0,0,0,0,0,0,0,0,0,0,0,0,0,0,0,0,0,0,0,0,0,0,0,0,0,0,0,0
26/1/2026 19:55,0,0,0,0,0,0,0,0,0,0,0,0,0,0,0,0,0,0,0,0,0,0,0,0,0,0,0,0,0,0,0,0,0,0,0,0,0,0,0,0,0,0,0,0,0,0,0,0,0,0,0,0,0,0,0,0,0,0
26/1/2026 20:00,0,0,0,0,0,0,0,0,0,0,0,0,0,0,0,0,0,0,0,0,0,0,0,0,0,0,0,0,0,0,0,0,0,0,0,0,0,0,0,0,0,0,0,0,0,0,0,0,0,0,0,0,0,0,0,0,0,0
26/1/2026 20:05,0,0,0,0,0,0,0,0,0,0,0,0,0,0,0,0,0,0,0,0,0,0,0,0,0,0,0,0,0,0,0,0,0,0,0,0,0,0,0,0,0,0,0,0,0,0,0,0,0,0,0,0,0,0,0,0,0,0
26/1/2026 20:10,0,0,0,0,0,0,0,0,0,0,0,0,0,0,0,0,0,0,0,0,0,0,0,0,0,0,0,0,0,0,0,0,0,0,0,0,0,0,0,0,0,0,0,0,0,0,0,0,0,0,0,0,0,0,0,0,0,0
26/1/2026 20:15,0,0,0,0,0,0,0,0,0,0,0,0,0,0,0,0,0,0,0,0,0,0,0,0,0,0,0,0,0,0,0,0,0,0,0,0,0,0,0,0,0,0,0,0,0,0,0,0,0,0,0,0,0,0,0,0,0,0
26/1/2026 20:20,0,0,0,0,0,0,0,0,0,0,0,0,0,0,0,0,0,0,0,0,0,0,0,0,0,0,0,0,0,0,0,0,0,0,0,0,0,0,0,0,0,0,0,0,0,0,0,0,0,0,0,0,0,0,0,0,0,0
26/1/2026 20:25,0,0,0,0,0,0,0,0,0,0,0,0,0,0,0,0,0,0,0,0,0,0,0,0,0,0,0,0,0,0,0,0,0,0,0,0,0,0,0,0,0,0,0,0,0,0,0,0,0,0,0,0,0,0,0,0,0,0
26/1/2026 20:30,0,0,0,0,0,0,0,0,0,0,0,0,0,0,0,0,0,0,0,0,0,0,0,0,0,0,0,0,0,0,0,0,0,0,0,0,0,0,0,0,0,0,0,0,0,0,0,0,0,0,0,0,0,0,0,0,0,0
26/1/2026 20:35,0,0,0,0,0,0,0,0,0,0,0,0,0,0,0,0,0,0,0,0,0,0,0,0,0,0,0,0,0,0,0,0,0,0,0,0,0,0,0,0,0,0,0,0,0,0,0,0,0,0,0,0,0,0,0,0,0,0
26/1/2026 20:40,0,0,0,0,--,--,0,0,0,0,0,0,0,0,0,0,0,0,0,0,0,0,0,0,0,0,0,0,0,0,0,0,0,0,0,0,0,0,0,0,0,0,0,0,--,--,0,0,0,0,0,0,0,0,0,0,0,0
26/1/2026 20:45,0,0,0,0,--,--,0,0,0,0,0,0,0,0,0,0,0,0,0,0,0,0,0,0,0,0,0,0,0,0,0,0,0,0,0,0,0,0,0,0,0,0,0,0,--,--,0,0,0,0,0,0,0,0,0,0,0,0
26/1/2026 20:50,0,0,0,0,--,--,0,0,0,0,0,0,0,0,0,0,0,0,0,0,0,0,0,0,0,0,0,0,0,0,0,0,0,0,0,0,0,0,0,0,0,0,0,0,--,--,0,0,0,0,0,0,0,0,0,0,0,0
26/1/2026 20:55,0,0,0,0,--,--,0,0,0,0,0,0,0,0,0,0,0,0,0,0,0,0,0,0,0,0,0,0,0,0,0,0,0,0,0,0,0,0,0,0,0,0,0,0,--,--,0,0,0,0,0,0,0,0,0,0,0,0
26/1/2026 21:00,0,0,0,0,--,--,0,0,0,0,0,0,0,0,0,0,0,0,0,0,0,0,0,0,0,0,0,0,0,0,0,0,0,0,0,0,0,0,0,0,0,0,0,0,--,--,0,0,0,0,0,0,0,0,0,0,0,0
26/1/2026 21:05,0,0,0,0,--,--,0,0,0,0,0,0,0,0,0,0,0,0,0,0,0,0,0,0,0,0,0,0,0,0,0,0,0,0,0,0,0,0,0,0,0,0,0,0,--,--,0,0,0,0,0,0,0,0,0,0,0,0
26/1/2026 21:10,0,0,0,0,--,--,0,0,0,0,0,0,0,0,0,0,0,0,0,0,0,0,0,0,0,0,0,0,0,0,0,0,0,0,0,0,0,0,0,0,0,0,0,0,--,--,0,0,0,0,0,0,0,0,0,0,0,0
26/1/2026 21:15,0,0,0,0,--,--,0,0,0,0,0,0,0,0,0,0,0,0,0,0,0,0,0,0,0,0,0,0,0,0,0,0,0,0,0,0,0,0,0,0,0,0,0,0,--,--,0,0,0,0,0,0,0,0,0,0,0,0
26/1/2026 21:20,0,0,0,0,--,--,0,0,0,0,0,0,0,0,0,0,0,0,0,0,0,0,0,0,0,0,0,0,0,0,0,0,0,0,0,0,0,0,0,0,0,0,0,0,--,--,0,0,0,0,0,0,0,0,0,0,0,0
26/1/2026 21:25,0,0,0,0,--,--,0,0,0,0,0,0,0,0,0,0,0,0,0,0,0,0,0,0,0,0,0,0,0,0,0,0,0,0,0,0,0,0,0,0,0,0,0,0,--,--,0,0,0,0,0,0,0,0,0,0,0,0
26/1/2026 21:30,0,0,0,0,--,--,0,0,0,0,0,0,0,0,0,0,0,0,0,0,0,0,0,0,0,0,0,0,0,0,0,0,0,0,0,0,0,0,0,0,0,0,0,0,--,--,0,0,0,0,0,0,0,0,0,0,0,0
26/1/2026 21:35,0,0,0,0,--,--,0,0,0,0,0,0,0,0,0,0,0,0,0,0,0,0,0,0,0,0,0,0,0,0,0,0,0,0,0,0,0,0,0,0,0,0,0,0,--,--,0,0,0,0,0,0,0,0,0,0,0,0
26/1/2026 21:40,0,0,0,0,--,--,0,0,0,0,0,0,0,0,0,0,0,0,0,0,0,0,0,0,0,0,0,0,0,0,0,0,0,0,0,0,0,0,0,0,0,0,0,0,--,--,0,0,0,0,0,0,0,0,0,0,0,0
26/1/2026 21:45,0,0,0,0,--,--,0,0,0,0,0,0,0,0,0,0,0,0,0,0,0,0,0,0,0,0,0,0,0,0,0,0,0,0,0,0,0,0,0,0,0,0,0,0,--,--,0,0,0,0,0,0,0,0,0,0,0,0
26/1/2026 21:50,0,0,0,0,--,--,0,0,0,0,0,0,0,0,0,0,0,0,0,0,0,0,0,0,0,0,0,0,0,0,0,0,0,0,0,0,0,0,0,0,0,0,0,0,--,--,0,0,0,0,0,0,0,0,0,0,0,0
26/1/2026 21:55,0,0,0,0,--,--,0,0,0,0,0,0,0,0,0,0,0,0,0,0,0,0,0,0,0,0,0,0,0,0,0,0,0,0,0,0,0,0,0,0,0,0,0,0,--,--,0,0,0,0,0,0,0,0,0,0,0,0
26/1/2026 22:00,0,0,0,0,--,--,0,0,0,0,0,0,0,0,0,0,0,0,0,0,0,0,0,0,0,0,0,0,0,0,0,0,0,0,0,0,0,0,0,0,0,0,0,0,--,--,0,0,0,0,0,0,0,0,0,0,0,0
26/1/2026 22:05,0,0,0,0,--,--,0,0,0,0,0,0,0,0,0,0,0,0,0,0,0,0,0,0,0,0,0,0,0,0,0,0,0,0,0,0,0,0,0,0,0,0,0,0,--,--,0,0,0,0,0,0,0,0,0,0,0,0
26/1/2026 22:10,0,0,0,0,--,--,0,0,0,0,0,0,0,0,0,0,0,0,0,0,0,0,0,0,0,0,0,0,0,0,0,0,0,0,0,0,0,0,0,0,0,0,0,0,--,--,0,0,0,0,0,0,0,0,0,0,0,0
26/1/2026 22:15,0,0,0,0,--,--,0,0,0,0,0,0,0,0,0,0,0,0,0,0,0,0,0,0,0,0,0,0,0,0,0,0,0,0,0,0,0,0,0,0,0,0,0,0,--,--,0,0,0,0,0,0,0,0,0,0,0,0
26/1/2026 22:20,0,0,0,0,--,--,0,0,0,0,0,0,0,0,0,0,0,0,0,0,0,0,0,0,0,0,0,0,0,0,0,0,0,0,0,0,0,0,0,0,0,0,0,0,--,--,0,0,0,0,0,0,0,0,0,0,0,0
26/1/2026 22:25,0,0,0,0,--,--,0,0,0,0,0,0,0,0,0,0,0,0,0,0,0,0,0,0,0,0,0,0,0,0,0,0,0,0,0,0,0,0,0,0,0,0,0,0,--,--,0,0,0,0,0,0,0,0,0,0,0,0
26/1/2026 22:30,0,0,0,0,--,--,0,0,0,0,0,0,0,0,0,0,0,0,0,0,0,0,0,0,0,0,0,0,0,0,0,0,0,0,0,0,0,0,0,0,0,0,0,0,--,--,0,0,0,0,0,0,0,0,0,0,0,0
26/1/2026 22:35,0,0,0,0,--,--,0,0,0,0,0,0,0,0,0,0,0,0,0,0,0,0,0,0,0,0,0,0,0,0,0,0,0,0,0,0,0,0,0,0,0,0,0,0,--,--,0,0,0,0,0,0,0,0,0,0,0,0
26/1/2026 22:40,0,0,0,0,--,--,0,0,0,0,0,0,0,0,0,0,0,0,0,0,0,0,0,0,0,0,0,0,0,0,0,0,0,0,0,0,0,0,0,0,0,0,0,0,--,--,0,0,0,0,0,0,0,0,0,0,0,0
26/1/2026 22:45,0,0,0,0,--,--,0,0,0,0,0,0,0,0,0,0,0,0,0,0,0,0,0,0,0,0,0,0,0,0,0,0,0,0,0,0,0,0,0,0,0,0,0,0,--,--,0,0,0,0,0,0,0,0,0,0,0,0
26/1/2026 22:50,0,0,0,0,--,--,0,0,0,0,0,0,0,0,0,0,0,0,0,0,0,0,0,0,0,0,0,0,0,0,0,0,0,0,0,0,0,0,0,0,0,0,0,0,--,--,0,0,0,0,0,0,0,0,0,0,0,0
26/1/2026 22:55,0,0,0,0,--,--,0,0,0,0,0,0,0,0,0,0,0,0,0,0,0,0,0,0,0,0,0,0,0,0,0,0,0,0,0,0,0,0,0,0,0,0,0,0,--,--,0,0,0,0,0,0,0,0,0,0,0,0
26/1/2026 23:00,0,0,0,0,--,--,0,0,0,0,0,0,0,0,0,0,0,0,0,0,0,0,0,0,0,0,0,0,0,0,0,0,0,0,0,0,0,0,0,0,0,0,0,0,--,--,0,0,0,0,0,0,0,0,0,0,0,0
26/1/2026 23:05,0,0,0,0,--,--,0,0,0,0,0,0,0,0,0,0,0,0,0,0,0,0,0,0,0,0,0,0,0,0,0,0,0,0,0,0,0,0,0,0,0,0,0,0,--,--,0,0,0,0,0,0,0,0,0,0,0,0
26/1/2026 23:10,0,0,0,0,--,--,0,0,0,0,0,0,0,0,0,0,0,0,0,0,0,0,0,0,0,0,0,0,0,0,0,0,0,0,0,0,0,0,0,0,0,0,0,0,--,--,0,0,0,0,0,0,0,0,0,0,0,0
26/1/2026 23:15,0,0,0,0,--,--,0,0,0,0,0,0,0,0,0,0,0,0,0,0,0,0,0,0,0,0,0,0,0,0,0,0,0,0,0,0,0,0,0,0,0,0,0,0,--,--,0,0,0,0,0,0,0,0,0,0,0,0
26/1/2026 23:20,0,0,0,0,--,--,0,0,0,0,0,0,0,0,0,0,0,0,0,0,0,0,0,0,0,0,0,0,0,0,0,0,0,0,0,0,0,0,0,0,0,0,0,0,--,--,0,0,0,0,0,0,0,0,0,0,0,0
26/1/2026 23:25,0,0,0,0,--,--,0,0,0,0,0,0,0,0,0,0,0,0,0,0,0,0,0,0,0,0,0,0,0,0,0,0,0,0,0,0,0,0,0,0,0,0,0,0,--,--,0,0,0,0,0,0,0,0,0,0,0,0
26/1/2026 23:30,0,0,0,0,--,--,0,0,0,0,0,0,0,0,0,0,0,0,0,0,0,0,0,0,0,0,0,0,0,0,0,0,0,0,0,0,0,0,0,0,0,0,0,0,--,--,0,0,0,0,0,0,0,0,0,0,0,0
26/1/2026 23:35,0,0,0,0,--,--,0,0,0,0,0,0,0,0,0,0,0,0,0,0,0,0,0,0,0,0,0,0,0,0,0,0,0,0,0,0,0,0,0,0,0,0,0,0,--,--,0,0,0,0,0,0,0,0,0,0,0,0
26/1/2026 23:40,0,0,0,0,--,--,0,0,0,0,0,0,0,0,0,0,0,0,0,0,0,0,0,0,0,0,0,0,0,0,0,0,0,0,0,0,0,0,0,0,0,0,0,0,--,--,0,0,0,0,0,0,0,0,0,0,0,0
26/1/2026 23:45,0,0,0,0,--,--,0,0,0,0,0,0,0,0,0,0,0,0,0,0,0,0,0,0,0,0,0,0,0,0,0,0,0,0,0,0,0,0,0,0,0,0,0,0,--,--,0,0,0,0,0,0,0,0,0,0,0,0
26/1/2026 23:50,0,0,0,0,--,--,0,0,0,0,0,0,0,0,0,0,0,0,0,0,0,0,0,0,0,0,0,0,0,0,0,0,0,0,0,0,0,0,0,0,0,0,0,0,--,--,0,0,0,0,0,0,0,0,0,0,0,0
26/1/2026 23:55,0,0,0,0,--,--,0,0,0,0,0,0,0,0,0,0,0,0,0,0,0,0,0,0,0,0,0,0,0,0,0,0,0,0,0,0,0,0,0,0,0,0,0,0,--,--,0,0,0,0,0,0,0,0,0,0,0,0
27/1/2026 0:00,--,--,--,--,--,--,--,--,--,--,--,--,--,--,--,--,--,--,--,--,--,--,--,--,--,--,--,--,--,--,--,--,--,--,--,--,--,--,--,--,--,--,--,--,--,--,--,--,--,--,--,--,--,--,--,--,--,--
27/1/2026 0:05,--,--,--,--,--,--,--,--,--,--,--,--,--,--,--,--,--,--,--,--,--,--,--,--,--,--,--,--,--,--,--,--,--,--,--,--,--,--,--,--,--,--,--,--,--,--,--,--,--,--,--,--,--,--,--,--,--,--
27/1/2026 0:10,--,--,--,--,--,--,--,--,--,--,--,--,--,--,--,--,--,--,--,--,--,--,--,--,--,--,--,--,--,--,--,--,--,--,--,--,--,--,--,--,--,--,--,--,--,--,--,--,--,--,--,--,--,--,--,--,--,--
27/1/2026 0:15,--,--,--,--,--,--,--,--,--,--,--,--,--,--,--,--,--,--,--,--,--,--,--,--,--,--,--,--,--,--,--,--,--,--,--,--,--,--,--,--,--,--,--,--,--,--,--,--,--,--,--,--,--,--,--,--,--,--
27/1/2026 0:20,0,0,0,0,--,--,0,0,0,0,0,0,0,0,0,0,0,0,0,0,0,0,0,0,0,0,0,0,0,0,0,0,0,0,0,0,0,0,0,0,0,0,0,0,--,--,0,0,0,0,0,0,0,0,0,0,0,0
27/1/2026 0:25,0,0,0,0,--,--,0,0,0,0,0,0,0,0,0,0,0,0,0,0,0,0,0,0,0,0,0,0,0,0,0,0,0,0,0,0,0,0,0,0,0,0,0,0,--,--,0,0,0,0,0,0,0,0,0,0,0,0
27/1/2026 0:30,0,0,0,0,--,--,0,0,0,0,0,0,0,0,0,0,0,0,0,0,0,0,0,0,0,0,0,0,0,0,0,0,0,0,0,0,0,0,0,0,0,0,0,0,--,--,0,0,0,0,0,0,0,0,0,0,0,0
27/1/2026 0:35,0,0,0,0,--,--,0,0,0,0,0,0,0,0,0,0,0,0,0,0,0,0,0,0,0,0,0,0,0,0,0,0,0,0,0,0,0,0,0,0,0,0,0,0,--,--,0,0,0,0,0,0,0,0,0,0,0,0
27/1/2026 0:40,0,0,0,0,--,--,0,0,0,0,0,0,0,0,0,0,0,0,0,0,0,0,0,0,0,0,0,0,0,0,0,0,0,0,0,0,0,0,0,0,0,0,0,0,--,--,0,0,0,0,0,0,0,0,0,0,0,0
27/1/2026 0:45,0,0,0,0,--,--,0,0,0,0,0,0,0,0,0,0,0,0,0,0,0,0,0,0,0,0,0,0,0,0,0,0,0,0,0,0,0,0,0,0,0,0,0,0,--,--,0,0,0,0,0,0,0,0,0,0,0,0
27/1/2026 0:50,0,0,0,0,--,--,0,0,0,0,0,0,0,0,0,0,0,0,0,0,0,0,0,0,0,0,0,0,0,0,0,0,0,0,0,0,0,0,0,0,0,0,0,0,--,--,0,0,0,0,0,0,0,0,0,0,0,0
27/1/2026 0:55,0,0,0,0,--,--,0,0,0,0,0,0,0,0,0,0,0,0,0,0,0,0,0,0,0,0,0,0,0,0,0,0,0,0,0,0,0,0,0,0,0,0,0,0,--,--,0,0,0,0,0,0,0,0,0,0,0,0
27/1/2026 1:00,0,0,0,0,--,--,0,0,0,0,0,0,0,0,0,0,0,0,0,0,0,0,0,0,0,0,0,0,0,0,0,0,0,0,0,0,0,0,0,0,0,0,0,0,--,--,0,0,0,0,0,0,0,0,0,0,0,0
27/1/2026 1:05,0,0,0,0,--,--,0,0,0,0,0,0,0,0,0,0,0,0,0,0,0,0,0,0,0,0,0,0,0,0,0,0,0,0,0,0,0,0,0,0,0,0,0,0,--,--,0,0,0,0,0,0,0,0,0,0,0,0
27/1/2026 1:10,0,0,0,0,--,--,0,0,0,0,0,0,0,0,0,0,0,0,0,0,0,0,0,0,0,0,0,0,0,0,0,0,0,0,0,0,0,0,0,0,0,0,0,0,--,--,0,0,0,0,0,0,0,0,0,0,0,0
27/1/2026 1:15,0,0,0,0,--,--,0,0,0,0,0,0,0,0,0,0,0,0,0,0,0,0,0,0,0,0,0,0,0,0,0,0,0,0,0,0,0,0,0,0,0,0,0,0,--,--,0,0,0,0,0,0,0,0,0,0,0,0
27/1/2026 1:20,0,0,0,0,--,--,0,0,0,0,0,0,0,0,0,0,0,0,0,0,0,0,0,0,0,0,0,0,0,0,0,0,0,0,0,0,0,0,0,0,0,0,0,0,--,--,0,0,0,0,0,0,0,0,0,0,0,0
27/1/2026 1:25,0,0,0,0,--,--,0,0,0,0,0,0,0,0,0,0,0,0,0,0,0,0,0,0,0,0,0,0,0,0,0,0,0,0,0,0,0,0,0,0,0,0,0,0,--,--,0,0,0,0,0,0,0,0,0,0,0,0
27/1/2026 1:30,0,0,0,0,--,--,0,0,0,0,0,0,0,0,0,0,0,0,0,0,0,0,0,0,0,0,0,0,0,0,0,0,0,0,0,0,0,0,0,0,0,0,0,0,--,--,0,0,0,0,0,0,0,0,0,0,0,0
27/1/2026 1:35,0,0,0,0,--,--,0,0,0,0,0,0,0,0,0,0,0,0,0,0,0,0,0,0,0,0,0,0,0,0,0,0,0,0,0,0,0,0,0,0,0,0,0,0,--,--,0,0,0,0,0,0,0,0,0,0,0,0
27/1/2026 1:40,0,0,0,0,--,--,0,0,0,0,0,0,0,0,0,0,0,0,0,0,0,0,0,0,0,0,0,0,0,0,0,0,0,0,0,0,0,0,0,0,0,0,0,0,--,--,0,0,0,0,0,0,0,0,0,0,0,0
27/1/2026 1:45,0,0,0,0,--,--,0,0,0,0,0,0,0,0,0,0,0,0,0,0,0,0,0,0,0,0,0,0,0,0,0,0,0,0,0,0,0,0,0,0,0,0,0,0,--,--,0,0,0,0,0,0,0,0,0,0,0,0
27/1/2026 1:50,0,0,0,0,--,--,0,0,0,0,0,0,0,0,0,0,0,0,0,0,0,0,0,0,0,0,0,0,0,0,0,0,0,0,0,0,0,0,0,0,0,0,0,0,--,--,0,0,0,0,0,0,0,0,0,0,0,0
27/1/2026 1:55,0,0,0,0,--,--,0,0,0,0,0,0,0,0,0,0,0,0,0,0,0,0,0,0,0,0,0,0,0,0,0,0,0,0,0,0,0,0,0,0,0,0,0,0,--,--,0,0,0,0,0,0,0,0,0,0,0,0
27/1/2026 2:00,0,0,0,0,--,--,0,0,0,0,0,0,0,0,0,0,0,0,0,0,0,0,0,0,0,0,0,0,0,0,0,0,0,0,0,0,0,0,0,0,0,0,0,0,--,--,0,0,0,0,0,0,0,0,0,0,0,0
27/1/2026 2:05,0,0,0,0,--,--,0,0,0,0,0,0,0,0,0,0,0,0,0,0,0,0,0,0,0,0,0,0,0,0,0,0,0,0,0,0,0,0,0,0,0,0,0,0,--,--,0,0,0,0,0,0,0,0,0,0,0,0
27/1/2026 2:10,0,0,0,0,--,--,0,0,0,0,0,0,0,0,0,0,0,0,0,0,0,0,0,0,0,0,0,0,0,0,0,0,0,0,0,0,0,0,0,0,0,0,0,0,--,--,0,0,0,0,0,0,0,0,0,0,0,0
27/1/2026 2:15,0,0,0,0,--,--,0,0,0,0,0,0,0,0,0,0,0,0,0,0,0,0,0,0,0,0,0,0,0,0,0,0,0,0,0,0,0,0,0,0,0,0,0,0,--,--,0,0,0,0,0,0,0,0,0,0,0,0
27/1/2026 2:20,0,0,0,0,--,--,0,0,0,0,0,0,0,0,0,0,0,0,0,0,0,0,0,0,0,0,0,0,0,0,0,0,0,0,0,0,0,0,0,0,0,0,0,0,--,--,0,0,0,0,0,0,0,0,0,0,0,0
27/1/2026 2:25,0,0,0,0,--,--,0,0,0,0,0,0,0,0,0,0,0,0,0,0,0,0,0,0,0,0,0,0,0,0,0,0,0,0,0,0,0,0,0,0,0,0,0,0,--,--,0,0,0,0,0,0,0,0,0,0,0,0
27/1/2026 2:30,0,0,0,0,--,--,0,0,0,0,0,0,0,0,0,0,0,0,0,0,0,0,0,0,0,0,0,0,0,0,0,0,0,0,0,0,0,0,0,0,0,0,0,0,--,--,0,0,0,0,0,0,0,0,0,0,0,0
27/1/2026 2:35,0,0,0,0,--,--,0,0,0,0,0,0,0,0,0,0,0,0,0,0,0,0,0,0,0,0,0,0,0,0,0,0,0,0,0,0,0,0,0,0,0,0,0,0,--,--,0,0,0,0,0,0,0,0,0,0,0,0
27/1/2026 2:40,0,0,0,0,--,--,0,0,0,0,0,0,0,0,0,0,0,0,0,0,0,0,0,0,0,0,0,0,0,0,0,0,0,0,0,0,0,0,0,0,0,0,0,0,--,--,0,0,0,0,0,0,0,0,0,0,0,0
27/1/2026 2:45,0,0,0,0,--,--,0,0,0,0,0,0,0,0,0,0,0,0,0,0,0,0,0,0,0,0,0,0,0,0,0,0,0,0,0,0,0,0,0,0,0,0,0,0,--,--,0,0,0,0,0,0,0,0,0,0,0,0
27/1/2026 2:50,0,0,0,0,--,--,0,0,0,0,0,0,0,0,0,0,0,0,0,0,0,0,0,0,0,0,0,0,0,0,0,0,0,0,0,0,0,0,0,0,0,0,0,0,--,--,0,0,0,0,0,0,0,0,0,0,0,0
27/1/2026 2:55,0,0,0,0,--,--,0,0,0,0,0,0,0,0,0,0,0,0,0,0,0,0,0,0,0,0,0,0,0,0,0,0,0,0,0,0,0,0,0,0,0,0,0,0,--,--,0,0,0,0,0,0,0,0,0,0,0,0
27/1/2026 3:00,0,0,0,0,--,--,0,0,0,0,0,0,0,0,0,0,0,0,0,0,0,0,0,0,0,0,0,0,0,0,0,0,0,0,0,0,0,0,0,0,0,0,0,0,--,--,0,0,0,0,0,0,0,0,0,0,0,0
27/1/2026 3:05,0,0,0,0,--,--,0,0,0,0,0,0,0,0,0,0,0,0,0,0,0,0,0,0,0,0,0,0,0,0,0,0,0,0,0,0,0,0,0,0,0,0,0,0,--,--,0,0,0,0,0,0,0,0,0,0,0,0
27/1/2026 3:10,0,0,0,0,--,--,0,0,0,0,0,0,0,0,0,0,0,0,0,0,0,0,0,0,0,0,0,0,0,0,0,0,0,0,0,0,0,0,0,0,0,0,0,0,--,--,0,0,0,0,0,0,0,0,0,0,0,0
27/1/2026 3:15,0,0,0,0,--,--,0,0,0,0,0,0,0,0,0,0,0,0,0,0,0,0,0,0,0,0,0,0,0,0,0,0,0,0,0,0,0,0,0,0,0,0,0,0,--,--,0,0,0,0,0,0,0,0,0,0,0,0
27/1/2026 3:20,0,0,0,0,--,--,0,0,0,0,0,0,0,0,0,0,0,0,0,0,0,0,0,0,0,0,0,0,0,0,0,0,0,0,0,0,0,0,0,0,0,0,0,0,--,--,0,0,0,0,0,0,0,0,0,0,0,0
27/1/2026 3:25,0,0,0,0,--,--,0,0,0,0,0,0,0,0,0,0,0,0,0,0,0,0,0,0,0,0,0,0,0,0,0,0,0,0,0,0,0,0,0,0,0,0,0,0,--,--,0,0,0,0,0,0,0,0,0,0,0,0
27/1/2026 3:30,0,0,0,0,--,--,0,0,0,0,0,0,0,0,0,0,0,0,0,0,0,0,0,0,0,0,0,0,0,0,0,0,0,0,0,0,0,0,0,0,0,0,0,0,--,--,0,0,0,0,0,0,0,0,0,0,0,0
27/1/2026 3:35,0,0,0,0,--,--,0,0,0,0,0,0,0,0,0,0,0,0,0,0,0,0,0,0,0,0,0,0,0,0,0,0,0,0,0,0,0,0,0,0,0,0,0,0,--,--,0,0,0,0,0,0,0,0,0,0,0,0
27/1/2026 3:40,0,0,0,0,--,--,0,0,0,0,0,0,0,0,0,0,0,0,0,0,0,0,0,0,0,0,0,0,0,0,0,0,0,0,0,0,0,0,0,0,0,0,0,0,--,--,0,0,0,0,0,0,0,0,0,0,0,0
27/1/2026 3:45,0,0,0,0,--,--,0,0,0,0,0,0,0,0,0,0,0,0,0,0,0,0,0,0,0,0,0,0,0,0,0,0,0,0,0,0,0,0,0,0,0,0,0,0,--,--,0,0,0,0,0,0,0,0,0,0,0,0
27/1/2026 3:50,0,0,0,0,--,--,0,0,0,0,0,0,0,0,0,0,0,0,0,0,0,0,0,0,0,0,0,0,0,0,0,0,0,0,0,0,0,0,0,0,0,0,0,0,--,--,0,0,0,0,0,0,0,0,0,0,0,0
27/1/2026 3:55,0,0,0,0,--,--,0,0,0,0,0,0,0,0,0,0,0,0,0,0,0,0,0,0,0,0,0,0,0,0,0,0,0,0,0,0,0,0,0,0,0,0,0,0,--,--,0,0,0,0,0,0,0,0,0,0,0,0
27/1/2026 4:00,0,0,0,0,--,--,0,0,0,0,0,0,0,0,0,0,0,0,0,0,0,0,0,0,0,0,0,0,0,0,0,0,0,0,0,0,0,0,0,0,0,0,0,0,--,--,0,0,0,0,0,0,0,0,0,0,0,0
27/1/2026 4:05,0,0,0,0,--,--,0,0,0,0,0,0,0,0,0,0,0,0,0,0,0,0,0,0,0,0,0,0,0,0,0,0,0,0,0,0,0,0,0,0,0,0,0,0,--,--,0,0,0,0,0,0,0,0,0,0,0,0
27/1/2026 4:10,0,0,0,0,--,--,0,0,0,0,0,0,0,0,0,0,0,0,0,0,0,0,0,0,0,0,0,0,0,0,0,0,0,0,0,0,0,0,0,0,0,0,0,0,--,--,0,0,0,0,0,0,0,0,0,0,0,0
27/1/2026 4:15,0,0,0,0,--,--,0,0,0,0,0,0,0,0,0,0,0,0,0,0,0,0,0,0,0,0,0,0,0,0,0,0,0,0,0,0,0,0,0,0,0,0,0,0,--,--,0,0,0,0,0,0,0,0,0,0,0,0
27/1/2026 4:20,0,0,0,0,--,--,0,0,0,0,0,0,0,0,0,0,0,0,0,0,0,0,0,0,0,0,0,0,0,0,0,0,0,0,0,0,0,0,0,0,0,0,0,0,--,--,0,0,0,0,0,0,0,0,0,0,0,0
27/1/2026 4:25,0,0,0,0,--,--,0,0,0,0,0,0,0,0,0,0,0,0,0,0,0,0,0,0,0,0,0,0,0,0,0,0,0,0,0,0,0,0,0,0,0,0,0,0,--,--,0,0,0,0,0,0,0,0,0,0,0,0
27/1/2026 4:30,0,0,0,0,--,--,0,0,0,0,0,0,0,0,0,0,0,0,0,0,0,0,0,0,0,0,0,0,0,0,0,0,0,0,0,0,0,0,0,0,0,0,0,0,--,--,0,0,0,0,0,0,0,0,0,0,0,0
27/1/2026 4:35,0,0,0,0,--,--,0,0,0,0,0,0,0,0,0,0,0,0,0,0,0,0,0,0,0,0,0,0,0,0,0,0,0,0,0,0,0,0,0,0,0,0,0,0,--,--,0,0,0,0,0,0,0,0,0,0,0,0
27/1/2026 4:40,0,0,0,0,--,--,0,0,0,0,0,0,0,0,0,0,0,0,0,0,0,0,0,0,0,0,0,0,0,0,0,0,0,0,0,0,0,0,0,0,0,0,0,0,--,--,0,0,0,0,0,0,0,0,0,0,0,0
27/1/2026 4:45,0,0,0,0,--,--,0,0,0,0,0,0,0,0,0,0,0,0,0,0,0,0,0,0,0,0,0,0,0,0,0,0,0,0,0,0,0,0,0,0,0,0,0,0,--,--,0,0,0,0,0,0,0,0,0,0,0,0
27/1/2026 4:50,0,0,0,0,--,--,0,0,0,0,0,0,0,0,0,0,0,0,0,0,0,0,0,0,0,0,0,0,0,0,0,0,0,0,0,0,0,0,0,0,0,0,0,0,--,--,0,0,0,0,0,0,0,0,0,0,0,0
27/1/2026 4:55,0,0,0,0,--,--,0,0,0,0,0,0,0,0,0,0,0,0,0,0,0,0,0,0,0,0,0,0,0,0,0,0,0,0,0,0,0,0,0,0,0,0,0,0,--,--,0,0,0,0,0,0,0,0,0,0,0,0
27/1/2026 5:00,0,0,0,0,--,--,0,0,0,0,0,0,0,0,0,0,0,0,0,0,0,0,0,0,0,0,0,0,0,0,0,0,0,0,0,0,0,0,0,0,0,0,0,0,--,--,0,0,0,0,0,0,0,0,0,0,0,0
27/1/2026 5:05,0,0,0,0,--,--,0,0,0,0,0,0,0,0,0,0,0,0,0,0,0,0,0,0,0,0,0,0,0,0,0,0,0,0,0,0,0,0,0,0,0,0,0,0,--,--,0,0,0,0,0,0,0,0,0,0,0,0
27/1/2026 5:10,0,0,0,0,--,--,0,0,0,0,0,0,0,0,0,0,0,0,0,0,0,0,0,0,0,0,0,0,0,0,0,0,0,0,0,0,0,0,0,0,0,0,0,0,--,--,0,0,0,0,0,0,0,0,0,0,0,0
27/1/2026 5:15,0,0,0,0,--,--,0,0,0,0,0,0,0,0,0,0,0,0,0,0,0,0,0,0,0,0,0,0,0,0,0,0,0,0,0,0,0,0,0,0,0,0,0,0,--,--,0,0,0,0,0,0,0,0,0,0,0,0
27/1/2026 5:20,0,0,0,0,--,--,0,0,0,0,0,0,0,0,0,0,0,0,0,0,0,0,0,0,0,0,0,0,0,0,0,0,0,0,0,0,0,0,0,0,0,0,0,0,--,--,0,0,0,0,0,0,0,0,0,0,0,0
27/1/2026 5:25,0,0,0,0,--,--,0,0,0,0,0,0,0,0,0,0,0,0,0,0,0,0,0,0,0,0,0,0,0,0,0,0,0,0,0,0,0,0,0,0,0,0,0,0,--,--,0,0,0,0,0,0,0,0,0,0,0,0
27/1/2026 5:30,0,0,0,0,--,--,0,0,0,0,0,0,0,0,0,0,0,0,0,0,0,0,0,0,0,0,0,0,0,0,0,0,0,0,0,0,0,0,0,0,0,0,0,0,--,--,0,0,0,0,0,0,0,0,0,0,0,0
27/1/2026 5:35,0,0,0,0,--,--,0,0,0,0,0,0,0,0,0,0,0,0,0,0,0,0,0,0,0,0,0,0,0,0,0,0,0,0,0,0,0,0,0,0,0,0,0,0,--,--,0,0,0,0,0,0,0,0,0,0,0,0
27/1/2026 5:40,0,0,0,0,--,--,0,0,0,0,0,0,0,0,0,0,0,0,0,0,0,0,0,0,0,0,0,0,0,0,0,0,0,0,0,0,0,0,0,0,0,0,0,0,--,--,0,0,0,0,0,0,0,0,0,0,0,0
27/1/2026 5:45,0,0,0,0,--,--,0,0,0,0,0,0,0,0,0,0,0,0,0,0,0,0,0,0,0,0,0,0,0,0,0,0,0,0,0,0,0,0,0,0,0,0,0,0,--,--,0,0,0,0,0,0,0,0,0,0,0,0
27/1/2026 5:50,0,0,0,0,--,--,0,0,0,0,0,0,0,0,0,0,0,0,0,0,0,0,0,0,0,0,0,0,0,0,0,0,0,0,0,0,0,0,0,0,0,0,0,0,--,--,0,0,0,0,0,0,0,0,0,0,0,0
27/1/2026 5:55,0,0,0,0,--,--,0,0,0,0,0,0,0,0,0,0,0,0,0,0,0,0,0,0,0,0,0,0,0,0,0,0,0,0,0,0,0,0,0,0,0,0,0,0,--,--,0,0,0,0,0,0,0,0,0,0,0,0
27/1/2026 6:00,0,0,0,0,--,--,0,0,0,0,0,0,0,0,0,0,0,0,0,0,0,0,0,0,0,0,0,0,0,0,0,0,0,0,0,0,0,0,0,0,0,0,0,0,--,--,0,0,0,0,0,0,0,0,0,0,0,0
27/1/2026 6:05,0,0,0,0,--,--,0,0,0,0,0,0,0,0,0,0,0,0,0,0,0,0,0,0,0,0,0,0,0,0,0,0,0,0,0,0,0,0,0,0,0,0,0,0,--,--,0,0,0,0,0,0,0,0,0,0,0,0
27/1/2026 6:10,0,0,0,0,--,--,0,0,0,0,0,0,0,0,0,0,0,0,0,0,0,0,0,0,0,0,0,0,0,0,0,0,0,0,0,0,0,0,0,0,0,0,0,0,--,--,0,0,0,0,0,0,0,0,0,0,0,0
27/1/2026 6:15,0,0,0,0,--,--,0,0,0,0,0,0,0,0,0,0,0,0,0,0,0,0,0,0,0,0,0,0,0,0,0,0,0,0,0,0,0,0,0,0,0,0,0,0,--,--,0,0,0,0,0,0,0,0,0,0,0,0
27/1/2026 6:20,0,0,0,0,--,--,0,0,0,0,0,0,0,0,0,0,0,0,0,0,0,0,0,0,0,0,0,0,0,0,0,0,0,0,0,0,0,0,0,0,0,0,0,0,--,--,0,0,0,0,0,0,0,0,0,0,0,0
27/1/2026 6:25,0,0,0,0,--,--,0,0,0,0,0,0,0,0,0,0,0,0,0,0,0,0,0,0,0,0,0,0,0,0,0,0,0,0,0,0,0,0,0,0,0,0,0,0,--,--,0,0,0,0,0,0,0,0,0,0,0,0
27/1/2026 6:30,0,0,0,0,--,--,0,0,0,0,0,0,0,0,0,0,0,0,0,0,0,0,0,0,0,0,0,0,0,0,0,0,0,0,0,0,0,0,0,0,0,0,0,0,--,--,0,0,0,0,0,0,0,0,0,0,0,0
27/1/2026 6:35,0,0,0,0,--,--,0,0,0,0,0,0,0,0,0,0,0,0,0,0,0,0,0,0,0,0,0,0,0,0,0,0,0,0,0,0,0,0,0,0,0,0,0,0,--,--,0,0,0,0,0,0,0,0,0,0,0,0
27/1/2026 6:40,0,0,0,0,--,--,0,0,0,0,0,0,0,0,0,0,0,0,0,0,0,0,0,0,0,0,0,0,0,0,0,0,0,0,0,0,0,0,0,0,0,0,0,0,--,--,0,0,0,0,0,0,0,0,0,0,0,0
27/1/2026 6:45,0,0,0,0,--,--,0,0,0,0,0,0,0,0,0,0,0,0,0,0,0,0,0,0,0,0,0,0,0,0,0,0,0,0,0,0,0,0,0,0,0,0,0,0,--,--,0,0,0,0,0,0,0,0,0,0,0,0
27/1/2026 6:50,0,0,0,0,--,--,0,0,0,0,0,0,0,0,0,0,0,0,0,0,0,0,0,0,0,0,0,0,0,0,0,0,0,0,0,0,0,0,0,0,0,0,0,0,--,--,0,0,0,0,0,0,0,0,0,0,0,0
27/1/2026 6:55,0,0,0,0,--,--,0,0,0,0,0,0,0,0,0,0,0,0,0,0,0,0,0,0,0,0,0,0,0,0,0,0,0,0,0,0,0,0,0,0,0,0,0,0,--,--,0,0,0,0,0,0,0,0,0,0,0,0
27/1/2026 7:00,0,0,0,0,--,--,0,0,0,0,0,0,0,0,0,0,0,0,0,0,0,0,0,0,0,0,0,0,0,0,0,0,0,0,0,0,0,0,0,0,0,0,0,0,--,--,0,0,0,0,0,0,0,0,0,0,0,0
27/1/2026 7:05,0,0,0,0,--,--,0,0,0,0,0,0,0,0,0,0,0,0,0,0,0,0,0,0,0,0,0,0,0,0,0,0,0,0,0,0,0,0,0,0,0,0,0,0,--,--,0,0,0,0,0,0,0,0,0,0,0,0
27/1/2026 7:10,0,0,0,0,--,--,0,0,0,0,0,0,0,0,0,0,0,0,0,0,0,0,0,0,0,0,0,0,0,0,0,0,0,0,0,0,0,0,0,0,0,0,0,0,--,--,0,0,0,0,0,0,0,0,0,0,0,0
27/1/2026 7:15,0,0,0,0,--,--,0,0,0,0,0,0,0,0,0,0,0,0,0,0,0,0,0,0,0,0,0,0,0,0,0,0,0,0,0,0,0,0,0,0,0,0,0,0,--,--,0,0,0,0,0,0,0,0,0,0,0,0
27/1/2026 7:20,0,0,0,0,0,0,0,0,0,0,0,0,0,0,0,0,0,0,0.62,0.58,0,0,0,0,0,0,0.579,0.552,0,0,0,0,0.202,0.172,0,0,0.276,0.244,0,0,0,0,0.035,0.008,0,0,0,0,0,0,0,0,0,0,0,0,0.534,0.504
27/1/2026 7:25,0,0,0,0,0,0,0,0,0,0,0,0,0,0,0,0,0,0,0.62,0.58,0,0,0,0,0,0,0.579,0.552,0,0,0,0,0.202,0.172,0,0,0.276,0.244,0,0,0,0,0.035,0.008,0,0,0,0,0,0,0,0,0,0,0,0,0.534,0.504
27/1/2026 7:30,0,0,0,0,0,0,0,0,0,0,0,0,0,0,0,0,0,0,0.62,0.58,0,0,0,0,0,0,0.579,0.552,0,0,0,0,0.202,0.172,0,0,0.276,0.244,0,0,0,0,0.035,0.008,0,0,0,0,0,0,0,0,0,0,0,0,0.534,0.504
27/1/2026 7:35,0,0,0,0,8.436,8.228,0,0,0,0,0,0,0,0,0,0,0,0,19.458,18.992,0,0,0,0,0,0,19.254,18.792,0,0,0,0,18.159,17.656,0,0,17.465,17.044,0,0,0,0,17.051,16.64,0,0,0,0,0,0,0,0,0,0,0,0,17.222,16.808
27/1/2026 7:40,0,0,0,0,8.436,8.228,0,0,0,0,0,0,0,0,0,0,0,0,19.458,18.992,0,0,0,0,0,0,19.254,18.792,0,0,0,0,18.159,17.656,0,0,17.465,17.044,0,0,0,0,17.051,16.64,0,0,0,0,0,0,0,0,0,0,0,0,17.222,16.808
27/1/2026 7:45,0,0,0,0,8.436,8.228,0,0,0,0,0,0,0,0,0,0,0,0,19.458,18.992,0,0,0,0,0,0,19.254,18.792,0,0,0,0,18.159,17.656,0,0,17.465,17.044,0,0,0,0,17.051,16.64,0,0,0,0,0,0,0,0,0,0,0,0,17.222,16.808
27/1/2026 7:50,0,0,0,0,34.149,33.364,0,0,0,0,0,0,0,0,0,0,0,0,73.954,72.808,0,0,0,0,0,0,73.134,71.904,0,0,0,0,72.497,71.276,0,0,68.932,67.764,0,0,0,0,68.441,67.456,0,0,0,0,0,0,0,0,0,0,0,0,69.952,68.768
27/1/2026 7:55,0,0,0,0,34.149,33.364,0,0,0,0,0,0,0,0,0,0,0,0,73.954,72.808,0,0,0,0,0,0,73.134,71.904,0,0,0,0,72.497,71.276,0,0,68.932,67.764,0,0,0,0,68.441,67.456,0,0,0,0,0,0,0,0,0,0,0,0,69.952,68.768
27/1/2026 8:00,0,0,0,0,34.149,33.364,0,0,0,0,0,0,0,0,0,0,0,0,73.954,72.808,0,0,0,0,0,0,73.134,71.904,0,0,0,0,72.497,71.276,0,0,68.932,67.764,0,0,0,0,68.441,67.456,0,0,0,0,0,0,0,0,0,0,0,0,69.952,68.768
27/1/2026 8:05,0,0,0,0,66.456,65.44,0,0,0,0,0,0,0,0,0,0,0,0,141.276,138.244,0,0,0,0,0,0,140.574,138.444,0,0,0,0,139.791,137.812,0,0,132.892,130.868,0,0,0,0,129.931,128.46,0,0,0,0,0,0,0,0,0,0,0,0,133.728,131.692
27/1/2026 8:10,0,0,0,0,66.456,65.44,0,0,0,0,0,0,0,0,0,0,0,0,141.276,138.244,0,0,0,0,0,0,140.574,138.444,0,0,0,0,139.791,137.812,0,0,132.892,130.868,0,0,0,0,129.931,128.46,0,0,0,0,0,0,0,0,0,0,0,0,133.728,131.692
27/1/2026 8:15,0,0,0,0,66.456,65.44,0,0,0,0,0,0,0,0,0,0,0,0,141.276,138.244,0,0,0,0,0,0,140.574,138.444,0,0,0,0,139.791,137.812,0,0,132.892,130.868,0,0,0,0,129.931,128.46,0,0,0,0,0,0,0,0,0,0,0,0,133.728,131.692
27/1/2026 8:20,0,0,0,0,80.83,79.448,0,0,0,0,0,0,0,0,0,0,0,0,165.98,163.496,0,0,0,0,0,0,168.815,166.288,0,0,0,0,166.342,163.632,0,0,153.239,151.908,0,0,0,0,159.406,156.948,0,0,0,0,0,0,0,0,0,0,0,0,159.252,156.764
27/1/2026 8:25,0,0,0,0,80.83,79.448,0,0,0,0,0,0,0,0,0,0,0,0,165.98,163.496,0,0,0,0,0,0,168.815,166.288,0,0,0,0,166.342,163.632,0,0,153.239,151.908,0,0,0,0,159.406,156.948,0,0,0,0,0,0,0,0,0,0,0,0,159.252,156.764
27/1/2026 8:30,0,0,0,0,80.83,79.448,0,0,0,0,0,0,0,0,0,0,0,0,165.98,163.496,0,0,0,0,0,0,168.815,166.288,0,0,0,0,166.342,163.632,0,0,153.239,151.908,0,0,0,0,159.406,156.948,0,0,0,0,0,0,0,0,0,0,0,0,159.252,156.764
27/1/2026 8:35,0,0,0,0,73.127,71.916,0,0,0,0,0,0,0,0,0,0,0,0,155.501,153.168,0,0,0,0,0,0,155.015,152.688,0,0,0,0,150.522,148.256,0,0,143.076,140.912,0,0,0,0,142.618,140.46,0,0,0,0,0,0,0,0,0,0,0,0,145.08,142.888
27/1/2026 8:40,0,0,0,0,73.127,71.916,0,0,0,0,0,0,0,0,0,0,0,0,155.501,153.168,0,0,0,0,0,0,155.015,152.688,0,0,0,0,150.522,148.256,0,0,143.076,140.912,0,0,0,0,142.618,140.46,0,0,0,0,0,0,0,0,0,0,0,0,145.08,142.888
27/1/2026 8:45,0,0,0,0,73.127,71.916,0,0,0,0,0,0,0,0,0,0,0,0,155.501,153.168,0,0,0,0,0,0,155.015,152.688,0,0,0,0,150.522,148.256,0,0,143.076,140.912,0,0,0,0,142.618,140.46,0,0,0,0,0,0,0,0,0,0,0,0,145.08,142.888
27/1/2026 8:50,110.174,108.612,108.092,106.552,105.234,103.436,0,0,102.258,100.78,0,0,109.188,107.636,0,0,103.787,102.292,110.356,108.616,0,0,0,0,0,0,110.121,108.2,0,0,0,0,107.844,106.136,0,0,102.15,100.516,0,0,0,0,103.686,102.032,0,0,0,0,0,0,0,0,0,0,0,0,104.026,102.368
27/1/2026 8:55,110.174,108.612,108.092,106.552,105.234,103.436,0,0,102.258,100.78,0,0,109.188,107.636,0,0,103.787,102.292,110.356,108.616,0,0,0,0,0,0,110.121,108.2,0,0,0,0,107.844,106.136,0,0,102.15,100.516,0,0,0,0,103.686,102.032,0,0,0,0,0,0,0,0,0,0,0,0,104.026,102.368
27/1/2026 9:00,110.174,108.612,108.092,106.552,105.234,103.436,0,0,102.258,100.78,0,0,109.188,107.636,0,0,103.787,102.292,110.356,108.616,0,0,0,0,0,0,110.121,108.2,0,0,0,0,107.844,106.136,0,0,102.15,100.516,0,0,0,0,103.686,102.032,0,0,0,0,0,0,0,0,0,0,0,0,104.026,102.368
27/1/2026 9:05,152.077,149.944,145.502,143.48,141.58,139.508,0,0,137.697,135.804,0,0,153.298,151.144,0,0,140.524,138.584,155.372,153.04,0,0,0,0,0,0,151.167,148.892,0,0,0,0,145.989,143.784,0,0,138.62,136.516,0,0,0,0,138.06,136.932,0,0,0,0,0,0,0,0,0,0,0,0,141.504,139.36
27/1/2026 9:10,152.077,149.944,145.502,143.48,141.58,139.508,0,0,137.697,135.804,0,0,153.298,151.144,0,0,140.524,138.584,155.372,153.04,0,0,0,0,0,0,151.167,148.892,0,0,0,0,145.989,143.784,0,0,138.62,136.516,0,0,0,0,138.06,136.932,0,0,0,0,0,0,0,0,0,0,0,0,141.504,139.36
27/1/2026 9:15,152.077,149.944,145.502,143.48,141.58,139.508,0,0,137.697,135.804,0,0,153.298,151.144,0,0,140.524,138.584,155.372,153.04,0,0,0,0,0,0,151.167,148.892,0,0,0,0,145.989,143.784,0,0,138.62,136.516,0,0,0,0,138.06,136.932,0,0,0,0,0,0,0,0,0,0,0,0,141.504,139.36
27/1/2026 9:20,152.766,150.436,148.391,146.116,108.639,106.92,139.678,137.752,140.489,138.316,152.629,150.3,153.005,150.672,146.325,144.076,142.572,140.372,154.46,151.952,0,0,137.296,135.164,0,0,152.062,149.74,0,0,143.881,141.664,148.128,145.856,0,0,138.074,135.932,0,0,0,0,141.458,139.252,108.739,107.192,0,0,0,0,0,0,152.151,149.828,0,0,142.269,140.04
27/1/2026 9:25,152.766,150.436,148.391,146.116,108.639,106.92,139.678,137.752,140.489,138.316,152.629,150.3,153.005,150.672,146.325,144.076,142.572,140.372,154.46,151.952,0,0,137.296,135.164,0,0,152.062,149.74,0,0,143.881,141.664,148.128,145.856,0,0,138.074,135.932,0,0,0,0,141.458,139.252,108.739,107.192,0,0,0,0,0,0,152.151,149.828,0,0,142.269,140.04
27/1/2026 9:30,152.766,150.436,148.391,146.116,108.639,106.92,139.678,137.752,140.489,138.316,152.629,150.3,153.005,150.672,146.325,144.076,142.572,140.372,154.46,151.952,0,0,137.296,135.164,0,0,152.062,149.74,0,0,143.881,141.664,148.128,145.856,0,0,138.074,135.932,0,0,0,0,141.458,139.252,108.739,107.192,0,0,0,0,0,0,152.151,149.828,0,0,142.269,140.04
27/1/2026 9:35,117.745,115.856,125.844,123.86,116.388,114.148,157.716,155.324,158.887,156.48,110.589,108.788,111.257,109.448,123.278,121.324,151.167,148.856,112.585,110.76,111.261,109.452,150.555,148.252,0,0,116.943,115.064,0,0,151.612,149.296,125.46,123.48,0,0,149.169,146.884,115.194,113.336,0,0,160.416,157.208,116.485,114.612,0,0,0,0,123.707,121.748,116.267,114.396,0,0,151.098,148.788
27/1/2026 9:40,117.745,115.856,125.844,123.86,116.388,114.148,157.716,155.324,158.887,156.48,110.589,108.788,111.257,109.448,123.278,121.324,151.167,148.856,112.585,110.76,111.261,109.452,150.555,148.252,0,0,116.943,115.064,0,0,151.612,149.296,125.46,123.48,0,0,149.169,146.884,115.194,113.336,0,0,160.416,157.208,116.485,114.612,0,0,0,0,123.707,121.748,116.267,114.396,0,0,151.098,148.788
27/1/2026 9:45,117.745,115.856,125.844,123.86,116.388,114.148,157.716,155.324,158.887,156.48,110.589,108.788,111.257,109.448,123.278,121.324,151.167,148.856,112.585,110.76,111.261,109.452,150.555,148.252,0,0,116.943,115.064,0,0,151.612,149.296,125.46,123.48,0,0,149.169,146.884,115.194,113.336,0,0,160.416,157.208,116.485,114.612,0,0,0,0,123.707,121.748,116.267,114.396,0,0,151.098,148.788
27/1/2026 9:50,331.445,325.876,322.109,316.744,317.262,311.996,307.076,302.008,308.863,303.76,333.882,328.26,330.459,324.912,318.972,313.672,310.49,305.356,333.31,327.7,335.526,329.868,301.545,296.584,309.707,304.588,329.436,323.912,302.398,297.42,315.112,309.888,322.518,317.204,0,0,304.021,299.012,329.122,323.604,0,0,311.102,305.956,319.481,314.172,307.174,302.104,0,0,320.31,314.984,331.956,326.376,0,0,310.445,305.312
27/1/2026 9:55,331.445,325.876,322.109,316.744,317.262,311.996,307.076,302.008,308.863,303.76,333.882,328.26,330.459,324.912,318.972,313.672,310.49,305.356,333.31,327.7,335.526,329.868,301.545,296.584,309.707,304.588,329.436,323.912,302.398,297.42,315.112,309.888,322.518,317.204,0,0,304.021,299.012,329.122,323.604,0,0,311.102,305.956,319.481,314.172,307.174,302.104,0,0,320.31,314.984,331.956,326.376,0,0,310.445,305.312
27/1/2026 10:00,331.445,325.876,322.109,316.744,317.262,311.996,307.076,302.008,308.863,303.76,333.882,328.26,330.459,324.912,318.972,313.672,310.49,305.356,333.31,327.7,335.526,329.868,301.545,296.584,309.707,304.588,329.436,323.912,302.398,297.42,315.112,309.888,322.518,317.204,0,0,304.021,299.012,329.122,323.604,0,0,311.102,305.956,319.481,314.172,307.174,302.104,0,0,320.31,314.984,331.956,326.376,0,0,310.445,305.312
27/1/2026 10:05,323.604,318.208,313.206,308.02,309.493,304.748,298.734,293.828,299.978,295.048,322.389,317.02,322.05,316.688,310.412,305.28,301.1,296.148,324.97,319.66,324.172,318.764,291.528,286.76,300.398,295.46,321.572,316.22,292.719,287.928,305.431,300.396,313.728,308.532,0,0,293.343,288.54,321.233,315.888,0,0,304.558,297,311.978,306.816,299.068,294.156,0,0,312.215,307.048,323.351,317.96,0,0,301.087,296.136
27/1/2026 10:10,323.604,318.208,313.206,308.02,309.493,304.748,298.734,293.828,299.978,295.048,322.389,317.02,322.05,316.688,310.412,305.28,301.1,296.148,324.97,319.66,324.172,318.764,291.528,286.76,300.398,295.46,321.572,316.22,292.719,287.928,305.431,300.396,313.728,308.532,0,0,293.343,288.54,321.233,315.888,0,0,304.558,297,311.978,306.816,299.068,294.156,0,0,312.215,307.048,323.351,317.96,0,0,301.087,296.136
27/1/2026 10:15,323.604,318.208,313.206,308.02,309.493,304.748,298.734,293.828,299.978,295.048,322.389,317.02,322.05,316.688,310.412,305.28,301.1,296.148,324.97,319.66,324.172,318.764,291.528,286.76,300.398,295.46,321.572,316.22,292.719,287.928,305.431,300.396,313.728,308.532,0,0,293.343,288.54,321.233,315.888,0,0,304.558,297,311.978,306.816,299.068,294.156,0,0,312.215,307.048,323.351,317.96,0,0,301.087,296.136
27/1/2026 10:20,341.653,335.86,335.771,330.108,312.85,307.672,221.777,218.292,308.616,303.52,294.501,289.676,306.299,301.248,333.296,327.688,320.623,315.292,317.171,311.908,290.512,285.764,309.857,304.736,320.431,315.104,339.133,333.404,311.684,306.528,326.43,320.972,337.076,330.788,338.587,332.668,313.283,308.096,336.883,331.196,331.331,325.94,307.323,302.252,315.853,310.616,247.845,243.892,329.169,323.824,334.81,329.168,339.964,334.208,337.957,332.424,321.081,315.74
27/1/2026 10:25,341.653,335.86,335.771,330.108,312.85,307.672,221.777,218.292,308.616,303.52,294.501,289.676,306.299,301.248,333.296,327.688,320.623,315.292,317.171,311.908,290.512,285.764,309.857,304.736,320.431,315.104,339.133,333.404,311.684,306.528,326.43,320.972,337.076,330.788,338.587,332.668,313.283,308.096,336.883,331.196,331.331,325.94,307.323,302.252,315.853,310.616,247.845,243.892,329.169,323.824,334.81,329.168,339.964,334.208,337.957,332.424,321.081,315.74
27/1/2026 10:30,341.653,335.86,335.771,330.108,312.85,307.672,221.777,218.292,308.616,303.52,294.501,289.676,306.299,301.248,333.296,327.688,320.623,315.292,317.171,311.908,290.512,285.764,309.857,304.736,320.431,315.104,339.133,333.404,311.684,306.528,326.43,320.972,337.076,330.788,338.587,332.668,313.283,308.096,336.883,331.196,331.331,325.94,307.323,302.252,315.853,310.616,247.845,243.892,329.169,323.824,334.81,329.168,339.964,334.208,337.957,332.424,321.081,315.74
27/1/2026 10:35,181.985,179.192,239.744,235.936,165.282,162.808,155.236,152.876,154.082,151.736,245.422,241.512,229.08,225.464,256.44,252.328,185.197,182.348,227.3,230.228,196.459,193.416,317.107,311.844,196.464,193.42,179.84,177.084,320.175,314.852,196.667,193.62,237.621,233.852,224.506,214.256,318.665,313.372,179.446,176.696,208.069,204.824,154.455,152.104,165.85,163.368,155.204,152.844,209.18,205.916,262.879,258.648,180.866,178.092,219.933,216.48,184.929,183.676
27/1/2026 10:40,181.985,179.192,239.744,235.936,165.282,162.808,155.236,152.876,154.082,151.736,245.422,241.512,229.08,225.464,256.44,252.328,185.197,182.348,227.3,230.228,196.459,193.416,317.107,311.844,196.464,193.42,179.84,177.084,320.175,314.852,196.667,193.62,237.621,233.852,224.506,214.256,318.665,313.372,179.446,176.696,208.069,204.824,154.455,152.104,165.85,163.368,155.204,152.844,209.18,205.916,262.879,258.648,180.866,178.092,219.933,216.48,184.929,183.676
27/1/2026 10:45,181.985,179.192,239.744,235.936,165.282,162.808,155.236,152.876,154.082,151.736,245.422,241.512,229.08,225.464,256.44,252.328,185.197,182.348,227.3,230.228,196.459,193.416,317.107,311.844,196.464,193.42,179.84,177.084,320.175,314.852,196.667,193.62,237.621,233.852,224.506,214.256,318.665,313.372,179.446,176.696,208.069,204.824,154.455,152.104,165.85,163.368,155.204,152.844,209.18,205.916,262.879,258.648,180.866,178.092,219.933,216.48,184.929,183.676
27/1/2026 10:50,186.353,183.484,268.218,263.888,190.276,186.392,218.223,214.8,240.851,237.024,274.727,270.276,262.952,258.72,213.773,210.428,194.567,191.556,261.383,257.18,278.082,273.568,238.029,234.252,201.222,198.096,184.732,183.108,239.145,235.348,190.574,187.632,253.971,249.904,241.499,237.66,251.611,247.588,192.487,189.512,229.251,225.632,244.342,235.256,190.285,187.348,214.571,211.212,228.575,224.968,209.819,206.544,190.651,187.708,238.041,234.264,195.206,192.184
27/1/2026 10:55,186.353,183.484,268.218,263.888,190.276,186.392,218.223,214.8,240.851,237.024,274.727,270.276,262.952,258.72,213.773,210.428,194.567,191.556,261.383,257.18,278.082,273.568,238.029,234.252,201.222,198.096,184.732,183.108,239.145,235.348,190.574,187.632,253.971,249.904,241.499,237.66,251.611,247.588,192.487,189.512,229.251,225.632,244.342,235.256,190.285,187.348,214.571,211.212,228.575,224.968,209.819,206.544,190.651,187.708,238.041,234.264,195.206,192.184
27/1/2026 11:00,186.353,183.484,268.218,263.888,190.276,186.392,218.223,214.8,240.851,237.024,274.727,270.276,262.952,258.72,213.773,210.428,194.567,191.556,261.383,257.18,278.082,273.568,238.029,234.252,201.222,198.096,184.732,183.108,239.145,235.348,190.574,187.632,253.971,249.904,241.499,237.66,251.611,247.588,192.487,189.512,229.251,225.632,244.342,235.256,190.285,187.348,214.571,211.212,228.575,224.968,209.819,206.544,190.651,187.708,238.041,234.264,195.206,192.184
27/1/2026 11:05,438.77,430.66,446.204,437.904,376.006,377.188,377.313,370.704,348.831,342.876,449.295,440.916,349.44,343.472,447.386,439.056,436.221,428.176,359.554,353.356,440.69,432.532,395.608,388.564,435.569,427.54,443.301,435.076,396.493,389.428,443.453,435.224,444.861,436.596,439.5,419.564,407.352,400.024,441.758,433.572,460.34,451.676,346.384,340.484,386.518,379.692,379.369,372.712,461.33,452.64,449.788,441.396,442.476,434.272,431.223,423.304,436.053,428.012
27/1/2026 11:10,438.77,430.66,446.204,437.904,376.006,377.188,377.313,370.704,348.831,342.876,449.295,440.916,349.44,343.472,447.386,439.056,436.221,428.176,359.554,353.356,440.69,432.532,395.608,388.564,435.569,427.54,443.301,435.076,396.493,389.428,443.453,435.224,444.861,436.596,439.5,419.564,407.352,400.024,441.758,433.572,460.34,451.676,346.384,340.484,386.518,379.692,379.369,372.712,461.33,452.64,449.788,441.396,442.476,434.272,431.223,423.304,436.053,428.012
27/1/2026 11:15,438.77,430.66,446.204,437.904,376.006,377.188,377.313,370.704,348.831,342.876,449.295,440.916,349.44,343.472,447.386,439.056,436.221,428.176,359.554,353.356,440.69,432.532,395.608,388.564,435.569,427.54,443.301,435.076,396.493,389.428,443.453,435.224,444.861,436.596,439.5,419.564,407.352,400.024,441.758,433.572,460.34,451.676,346.384,340.484,386.518,379.692,379.369,372.712,461.33,452.64,449.788,441.396,442.476,434.272,431.223,423.304,436.053,428.012
27/1/2026 11:20,210.825,207.532,327.914,322.424,203.423,200.26,377.354,370.744,372.816,366.312,264.422,260.164,263.424,259.184,290.072,285.332,276.839,272.348,267.532,261.892,268.258,263.928,189.568,186.644,319.917,314.6,213.203,209.868,194.021,191.02,330.495,324.948,326.528,321.068,285.403,289.62,185.127,182.28,202.85,199.696,304.492,299.476,374.811,368.26,203.037,199.88,375.72,369.148,313.471,308.28,294.509,289.684,205.117,201.924,294.109,289.292,282.249,277.656
27/1/2026 11:25,210.825,207.532,327.914,322.424,203.423,200.26,377.354,370.744,372.816,366.312,264.422,260.164,263.424,259.184,290.072,285.332,276.839,272.348,267.532,261.892,268.258,263.928,189.568,186.644,319.917,314.6,213.203,209.868,194.021,191.02,330.495,324.948,326.528,321.068,285.403,289.62,185.127,182.28,202.85,199.696,304.492,299.476,374.811,368.26,203.037,199.88,375.72,369.148,313.471,308.28,294.509,289.684,205.117,201.924,294.109,289.292,282.249,277.656
27/1/2026 11:30,210.825,207.532,327.914,322.424,203.423,200.26,377.354,370.744,372.816,366.312,264.422,260.164,263.424,259.184,290.072,285.332,276.839,272.348,267.532,261.892,268.258,263.928,189.568,186.644,319.917,314.6,213.203,209.868,194.021,191.02,330.495,324.948,326.528,321.068,285.403,289.62,185.127,182.28,202.85,199.696,304.492,299.476,374.811,368.26,203.037,199.88,375.72,369.148,313.471,308.28,294.509,289.684,205.117,201.924,294.109,289.292,282.249,277.656
27/1/2026 11:35,463.453,454.708,426.463,418.664,443.173,434.952,433.245,425.276,437.739,429.656,426.188,418.396,422.041,414.352,441.33,433.156,435.441,427.416,426.804,418.996,427.563,419.736,272.99,268.572,436.816,428.756,460.315,451.652,274.62,270.172,446.314,438.012,431.591,420.292,454.566,446.052,278.297,273.78,457.001,448.424,440.32,432.172,441.063,432.896,448.284,439.932,433.643,425.664,443.403,435.176,442.664,434.456,460.537,451.868,455.65,447.108,435.954,427.916
27/1/2026 11:40,463.453,454.708,426.463,418.664,443.173,434.952,433.245,425.276,437.739,429.656,426.188,418.396,422.041,414.352,441.33,433.156,435.441,427.416,426.804,418.996,427.563,419.736,272.99,268.572,436.816,428.756,460.315,451.652,274.62,270.172,446.314,438.012,431.591,420.292,454.566,446.052,278.297,273.78,457.001,448.424,440.32,432.172,441.063,432.896,448.284,439.932,433.643,425.664,443.403,435.176,442.664,434.456,460.537,451.868,455.65,447.108,435.954,427.916
27/1/2026 11:45,463.453,454.708,426.463,418.664,443.173,434.952,433.245,425.276,437.739,429.656,426.188,418.396,422.041,414.352,441.33,433.156,435.441,427.416,426.804,418.996,427.563,419.736,272.99,268.572,436.816,428.756,460.315,451.652,274.62,270.172,446.314,438.012,431.591,420.292,454.566,446.052,278.297,273.78,457.001,448.424,440.32,432.172,441.063,432.896,448.284,439.932,433.643,425.664,443.403,435.176,442.664,434.456,460.537,451.868,455.65,447.108,435.954,427.916
27/1/2026 11:50,397.628,390.536,260.877,256.684,417.389,409.816,368.057,361.664,380.819,374.128,412.801,405.34,406.015,398.72,254.752,250.672,318.868,313.572,409.709,402.324,415.741,408.208,250.188,246.192,296.972,292.1,394.574,387.556,252.959,248.912,306.034,300.988,261.753,257.544,350.675,344.68,234.655,230.94,389.317,382.424,367.336,360.96,386.407,373.784,422.077,414.388,366.915,360.548,371.71,365.232,256.3,252.192,392.816,385.84,353.688,347.624,314.299,309.092
27/1/2026 11:55,397.628,390.536,260.877,256.684,417.389,409.816,368.057,361.664,380.819,374.128,412.801,405.34,406.015,398.72,254.752,250.672,318.868,313.572,409.709,402.324,415.741,408.208,250.188,246.192,296.972,292.1,394.574,387.556,252.959,248.912,306.034,300.988,261.753,257.544,350.675,344.68,234.655,230.94,389.317,382.424,367.336,360.96,386.407,373.784,422.077,414.388,366.915,360.548,371.71,365.232,256.3,252.192,392.816,385.84,353.688,347.624,314.299,309.092
27/1/2026 12:00,397.628,390.536,260.877,256.684,417.389,409.816,368.057,361.664,380.819,374.128,412.801,405.34,406.015,398.72,254.752,250.672,318.868,313.572,409.709,402.324,415.741,408.208,250.188,246.192,296.972,292.1,394.574,387.556,252.959,248.912,306.034,300.988,261.753,257.544,350.675,344.68,234.655,230.94,389.317,382.424,367.336,360.96,386.407,373.784,422.077,414.388,366.915,360.548,371.71,365.232,256.3,252.192,392.816,385.84,353.688,347.624,522.111,511.42
27/1/2026 12:05,456.886,448.312,380.328,373.648,435.12,427.104,407.532,400.2,395.394,388.356,457.432,448.844,458.056,449.452,382.032,375.312,730.794,714.6,462.426,453.708,458.409,449.796,287.393,282.704,0,0,453.802,445.308,286.145,281.48,0,0,382.79,376.052,412.259,404.812,285.179,280.532,451.807,443.364,398.091,390.988,399.677,392.536,439.815,431.68,405.248,397.972,400.456,393.296,383.99,377.224,456.044,447.492,415.327,407.804,729.922,713.748
27/1/2026 12:10,456.886,448.312,380.328,373.648,435.12,427.104,407.532,400.2,395.394,388.356,457.432,448.844,458.056,449.452,382.032,375.312,730.794,714.6,462.426,453.708,458.409,449.796,287.393,282.704,0,0,453.802,445.308,286.145,281.48,0,0,382.79,376.052,412.259,404.812,285.179,280.532,451.807,443.364,398.091,390.988,399.677,392.536,439.815,431.68,405.248,397.972,400.456,393.296,383.99,377.224,456.044,447.492,415.327,407.804,729.922,713.748
27/1/2026 12:15,456.886,448.312,380.328,373.648,435.12,427.104,407.532,400.2,395.394,388.356,457.432,448.844,458.056,449.452,382.032,375.312,730.794,714.6,462.426,453.708,458.409,449.796,287.393,282.704,0,0,453.802,445.308,286.145,281.48,0,0,382.79,376.052,412.259,404.812,285.179,280.532,451.807,443.364,398.091,390.988,399.677,392.536,439.815,431.68,405.248,397.972,400.456,393.296,383.99,377.224,456.044,447.492,415.327,407.804,729.922,713.748
27/1/2026 12:20,385.616,378.812,245.014,241.112,386.472,379.772,364.519,358.208,370.731,364.276,321.355,316.008,316.118,310.876,233.254,229.564,658.447,643.856,318.052,312.772,324.957,319.532,203.684,200.516,0,0,386.788,379.956,203.325,200.164,0,0,246.48,242.552,249.165,245.188,202.438,199.292,375.421,368.856,244.785,240.888,374.925,366.208,391.012,384.08,356.794,350.66,246.317,242.392,234.117,230.412,382.081,375.36,249.393,245.412,657.927,643.348
27/1/2026 12:25,385.616,378.812,245.014,241.112,386.472,379.772,364.519,358.208,370.731,364.276,321.355,316.008,316.118,310.876,233.254,229.564,658.447,643.856,318.052,312.772,324.957,319.532,203.684,200.516,0,0,386.788,379.956,203.325,200.164,0,0,246.48,242.552,249.165,245.188,202.438,199.292,375.421,368.856,244.785,240.888,374.925,366.208,391.012,384.08,356.794,350.66,246.317,242.392,234.117,230.412,382.081,375.36,249.393,245.412,657.927,643.348
27/1/2026 12:30,385.616,378.812,245.014,241.112,386.472,379.772,364.519,358.208,370.731,364.276,321.355,316.008,316.118,310.876,233.254,229.564,658.447,643.856,318.052,312.772,324.957,319.532,203.684,200.516,0,0,386.788,379.956,203.325,200.164,0,0,246.48,242.552,249.165,245.188,202.438,199.292,375.421,368.856,244.785,240.888,374.925,366.208,391.012,384.08,356.794,350.66,246.317,242.392,234.117,230.412,382.081,375.36,249.393,245.412,657.927,643.348
27/1/2026 12:35,345.122,339.252,291.919,287.144,264.778,260.396,449.746,441.356,392.062,385.104,424.92,417.16,423.858,416.124,288.661,283.948,0,0,429.569,421.692,430.188,422.296,241.808,237.964,0,0,343.121,337.02,241.942,238.096,0,0,293.868,289.056,339.046,297.86,242.052,238.204,346.714,340.808,304.288,299.276,401.427,394.244,267.108,262.932,448.965,440.596,309.036,303.932,289.945,285.208,349.525,343.556,301.192,296.24,0,0
27/1/2026 12:40,345.122,339.252,291.919,287.144,264.778,260.396,449.746,441.356,392.062,385.104,424.92,417.16,423.858,416.124,288.661,283.948,0,0,429.569,421.692,430.188,422.296,241.808,237.964,0,0,343.121,337.02,241.942,238.096,0,0,293.868,289.056,339.046,297.86,242.052,238.204,346.714,340.808,304.288,299.276,401.427,394.244,267.108,262.932,448.965,440.596,309.036,303.932,289.945,285.208,349.525,343.556,301.192,296.24,0,0
27/1/2026 12:45,345.122,339.252,291.919,287.144,264.778,260.396,449.746,441.356,392.062,385.104,424.92,417.16,423.858,416.124,288.661,283.948,0,0,429.569,421.692,430.188,422.296,241.808,237.964,0,0,343.121,337.02,241.942,238.096,0,0,293.868,289.056,339.046,297.86,242.052,238.204,346.714,340.808,304.288,299.276,401.427,394.244,267.108,262.932,448.965,440.596,309.036,303.932,289.945,285.208,349.525,343.556,301.192,296.24,0,0
27/1/2026 12:50,311.393,306.244,508.637,498.64,473.895,465.152,476.712,467.896,476.519,467.708,441.499,433.572,406.951,399.86,503.101,493.264,451.298,443.128,399.402,392.488,439.829,431.944,476.953,467.852,465.378,456.852,317.798,303.1,474.861,465.816,478.042,469.192,512.196,499.608,446.638,438.584,478.843,470.024,344.545,338.688,452.538,444.336,482.528,473.56,476.835,468.016,477.743,468.9,455.779,447.496,507.64,497.672,301.865,296.9,445.744,437.712,448.271,440.176
27/1/2026 12:55,311.393,306.244,508.637,498.64,473.895,465.152,476.712,467.896,476.519,467.708,441.499,433.572,406.951,399.86,503.101,493.264,451.298,443.128,399.402,392.488,439.829,431.944,476.953,467.852,465.378,456.852,317.798,303.1,474.861,465.816,478.042,469.192,512.196,499.608,446.638,438.584,478.843,470.024,344.545,338.688,452.538,444.336,482.528,473.56,476.835,468.016,477.743,468.9,455.779,447.496,507.64,497.672,301.865,296.9,445.744,437.712,448.271,440.176
27/1/2026 13:00,311.393,306.244,508.637,498.64,473.895,465.152,476.712,467.896,476.519,467.708,441.499,433.572,406.951,399.86,503.101,493.264,451.298,443.128,399.402,392.488,439.829,431.944,476.953,467.852,465.378,456.852,317.798,303.1,474.861,465.816,478.042,469.192,512.196,499.608,446.638,438.584,478.843,470.024,344.545,338.688,452.538,444.336,482.528,473.56,476.835,468.016,477.743,468.9,455.779,447.496,507.64,497.672,301.865,296.9,445.744,437.712,448.271,440.176
27/1/2026 13:05,517.133,506.888,489.083,479.648,496.67,487.316,458.429,450.08,425.696,418.156,517.026,507.104,515.503,505.624,486.424,477.064,448.087,439.996,520.863,510.832,517.977,508.028,474.508,465.472,411.012,403.824,514.009,503.856,475.338,466.28,416.183,408.872,489.866,481.504,513.96,504.124,477.15,468.044,511.286,501.212,510.379,500.644,427.967,421.844,502.902,493.376,449.891,441.756,511.573,501.804,490.804,481.32,515.435,505.24,513.05,503.24,449.272,441.152
27/1/2026 13:10,517.133,506.888,489.083,479.648,496.67,487.316,458.429,450.08,425.696,418.156,517.026,507.104,515.503,505.624,486.424,477.064,448.087,439.996,520.863,510.832,517.977,508.028,474.508,465.472,411.012,403.824,514.009,503.856,475.338,466.28,416.183,408.872,489.866,481.504,513.96,504.124,477.15,468.044,511.286,501.212,510.379,500.644,427.967,421.844,502.902,493.376,449.891,441.756,511.573,501.804,490.804,481.32,515.435,505.24,513.05,503.24,449.272,441.152
27/1/2026 13:15,517.133,506.888,489.083,479.648,496.67,487.316,458.429,450.08,425.696,418.156,517.026,507.104,515.503,505.624,486.424,477.064,448.087,439.996,520.863,510.832,517.977,508.028,474.508,465.472,411.012,403.824,514.009,503.856,475.338,466.28,416.183,408.872,489.866,481.504,513.96,504.124,477.15,468.044,511.286,501.212,510.379,500.644,427.967,421.844,502.902,493.376,449.891,441.756,511.573,501.804,490.804,481.32,515.435,505.24,513.05,503.24,449.272,441.152
27/1/2026 13:20,441.651,433.72,242.617,238.876,446.982,438.92,247.507,243.68,280.795,276.372,462.213,453.768,464.401,455.9,239.234,235.552,250.541,246.66,462.468,458.868,464.988,456.472,305.222,300.348,263.214,259.108,439.06,430.944,305.471,300.592,269.959,265.732,243.354,239.14,441.286,433.364,305.772,300.888,434.306,426.556,412.565,405.34,277.593,273.228,452.18,443.988,249.25,245.392,407.062,399.968,240.382,236.68,439.125,431.256,442.528,434.576,252.149,248.24
27/1/2026 13:25,441.651,433.72,242.617,238.876,446.982,438.92,247.507,243.68,280.795,276.372,462.213,453.768,464.401,455.9,239.234,235.552,250.541,246.66,462.468,458.868,464.988,456.472,305.222,300.348,263.214,259.108,439.06,430.944,305.471,300.592,269.959,265.732,243.354,239.14,441.286,433.364,305.772,300.888,434.306,426.556,412.565,405.34,277.593,273.228,452.18,443.988,249.25,245.392,407.062,399.968,240.382,236.68,439.125,431.256,442.528,434.576,252.149,248.24
27/1/2026 13:30,441.651,433.72,242.617,238.876,446.982,438.92,247.507,243.68,280.795,276.372,462.213,453.768,464.401,455.9,239.234,235.552,250.541,246.66,462.468,458.868,464.988,456.472,305.222,300.348,263.214,259.108,439.06,430.944,305.471,300.592,269.959,265.732,243.354,239.14,441.286,433.364,305.772,300.888,434.306,426.556,412.565,405.34,277.593,273.228,452.18,443.988,249.25,245.392,407.062,399.968,240.382,236.68,439.125,431.256,442.528,434.576,252.149,248.24
27/1/2026 13:35,401.835,394.864,391.551,384.82,318.862,313.732,347.161,341.428,329.97,324.608,408.574,401.444,407.611,400.504,377.001,370.604,382.31,375.792,411.078,403.888,409.14,401.996,370.58,364.328,378.479,372.048,400.185,395.876,370.518,364.268,386.2,379.592,391.993,385.252,405.227,398.176,372.749,366.952,403.99,396.968,402.982,395.984,334.262,328.808,325.536,320.268,345.864,340.16,406.476,399.396,380.304,373.832,407.8,400.688,405.28,398.228,382.118,375.604
27/1/2026 13:40,401.835,394.864,391.551,384.82,318.862,313.732,347.161,341.428,329.97,324.608,408.574,401.444,407.611,400.504,377.001,370.604,382.31,375.792,411.078,403.888,409.14,401.996,370.58,364.328,378.479,372.048,400.185,395.876,370.518,364.268,386.2,379.592,391.993,385.252,405.227,398.176,372.749,366.952,403.99,396.968,402.982,395.984,334.262,328.808,325.536,320.268,345.864,340.16,406.476,399.396,380.304,373.832,407.8,400.688,405.28,398.228,382.118,375.604
27/1/2026 13:45,401.835,394.864,391.551,384.82,318.862,313.732,347.161,341.428,329.97,324.608,408.574,401.444,407.611,400.504,377.001,370.604,382.31,375.792,411.078,403.888,409.14,401.996,370.58,364.328,378.479,372.048,400.185,395.876,370.518,364.268,386.2,379.592,391.993,385.252,405.227,398.176,372.749,366.952,403.99,396.968,402.982,395.984,334.262,328.808,325.536,320.268,345.864,340.16,406.476,399.396,380.304,373.832,407.8,400.688,405.28,398.228,382.118,375.604
27/1/2026 13:50,421.184,413.752,411.709,404.504,400.184,393.388,393.816,387.032,395.163,388.348,412.745,405.516,412.971,405.736,408.3,401.176,394.057,387.268,417.163,409.828,413.876,406.62,379.498,373.044,392.899,386.136,418.382,410.784,379.658,373.2,401.315,394.356,412.581,405.356,412.38,405.16,381.897,374.756,416.171,408.86,411.143,403.952,398.038,391.156,404.407,397.376,393.558,386.78,412.036,404.824,410.815,403.632,420.163,412.756,412.114,404.9,393.185,386.416
27/1/2026 13:55,421.184,413.752,411.709,404.504,400.184,393.388,393.816,387.032,395.163,388.348,412.745,405.516,412.971,405.736,408.3,401.176,394.057,387.268,417.163,409.828,413.876,406.62,379.498,373.044,392.899,386.136,418.382,410.784,379.658,373.2,401.315,394.356,412.581,405.356,412.38,405.16,381.897,374.756,416.171,408.86,411.143,403.952,398.038,391.156,404.407,397.376,393.558,386.78,412.036,404.824,410.815,403.632,420.163,412.756,412.114,404.9,393.185,386.416
27/1/2026 14:00,421.184,413.752,411.709,404.504,400.184,393.388,393.816,387.032,395.163,388.348,412.745,405.516,412.971,405.736,408.3,401.176,394.057,387.268,417.163,409.828,413.876,406.62,379.498,373.044,392.899,386.136,418.382,410.784,379.658,373.2,401.315,394.356,412.581,405.356,412.38,405.16,381.897,374.756,416.171,408.86,411.143,403.952,398.038,391.156,404.407,397.376,393.558,386.78,412.036,404.824,410.815,403.632,420.163,412.756,412.114,404.9,393.185,386.416
27/1/2026 14:05,444.243,436.248,429.944,422.3,423.372,416.012,415.15,407.864,416.568,409.248,442.697,434.74,442.393,434.444,427.291,419.712,410.061,402.896,447.147,439.08,443.722,435.74,405.1,398.052,408.635,401.504,441.104,432.936,404.604,397.568,417.458,410.116,430.645,422.984,440.371,432.472,406.726,399.644,440.601,432.696,437.558,429.728,419.634,412.308,428.947,421.328,415.06,407.776,439.05,431.184,429.538,421.904,443.726,435.744,439.235,431.364,409.443,402.292
27/1/2026 14:10,444.243,436.248,429.944,422.3,423.372,416.012,415.15,407.864,416.568,409.248,442.697,434.74,442.393,434.444,427.291,419.712,410.061,402.896,447.147,439.08,443.722,435.74,405.1,398.052,408.635,401.504,441.104,432.936,404.604,397.568,417.458,410.116,430.645,422.984,440.371,432.472,406.726,399.644,440.601,432.696,437.558,429.728,419.634,412.308,428.947,421.328,415.06,407.776,439.05,431.184,429.538,421.904,443.726,435.744,439.235,431.364,409.443,402.292
27/1/2026 14:15,444.243,436.248,429.944,422.3,423.372,416.012,415.15,407.864,416.568,409.248,442.697,434.74,442.393,434.444,427.291,419.712,410.061,402.896,447.147,439.08,443.722,435.74,405.1,398.052,408.635,401.504,441.104,432.936,404.604,397.568,417.458,410.116,430.645,422.984,440.371,432.472,406.726,399.644,440.601,432.696,437.558,429.728,419.634,412.308,428.947,421.328,415.06,407.776,439.05,431.184,429.538,421.904,443.726,435.744,439.235,431.364,409.443,402.292
27/1/2026 14:20,405.1,398.052,402.327,395.344,385.876,379.276,381.721,375.216,384.955,378.376,403.797,396.78,403.641,396.628,399.41,392.496,381.717,375.212,406.907,399.816,404.85,397.808,376.129,369.752,380.755,374.272,402.587,395.376,376.142,369.764,388.275,381.62,402.99,395.992,405.731,398.668,377.587,371.176,400.23,393.296,403.015,396.016,387.272,381.116,390.601,383.892,382.028,375.516,403.801,396.784,401.041,394.088,403.879,396.86,404.875,397.832,381.541,375.04
27/1/2026 14:25,405.1,398.052,402.327,395.344,385.876,379.276,381.721,375.216,384.955,378.376,403.797,396.78,403.641,396.628,399.41,392.496,381.717,375.212,406.907,399.816,404.85,397.808,376.129,369.752,380.755,374.272,402.587,395.376,376.142,369.764,388.275,381.62,402.99,395.992,405.731,398.668,377.587,371.176,400.23,393.296,403.015,396.016,387.272,381.116,390.601,383.892,382.028,375.516,403.801,396.784,401.041,394.088,403.879,396.86,404.875,397.832,381.541,375.04
27/1/2026 14:30,405.1,398.052,402.327,395.344,385.876,379.276,381.721,375.216,384.955,378.376,403.797,396.78,403.641,396.628,399.41,392.496,381.717,375.212,406.907,399.816,404.85,397.808,376.129,369.752,380.755,374.272,402.587,395.376,376.142,369.764,388.275,381.62,402.99,395.992,405.731,398.668,377.587,371.176,400.23,393.296,403.015,396.016,387.272,381.116,390.601,383.892,382.028,375.516,403.801,396.784,401.041,394.088,403.879,396.86,404.875,397.832,381.541,375.04
27/1/2026 14:35,443.427,435.452,439.539,431.66,363.337,357.248,380.927,374.44,363.407,357.316,412.573,405.348,414.106,406.844,434.704,426.944,418.667,411.296,420.388,412.976,414.237,406.972,409.807,402.648,417.769,410.42,441.823,430.808,409.922,402.76,426.779,419.212,440.117,432.168,445.506,437.48,412.053,404.556,443.058,435.092,438.763,430.904,362.355,365.04,369.029,362.812,383.616,377.068,439.838,431.952,437.074,429.256,447.074,439.008,442.533,434.58,418.286,410.924
27/1/2026 14:40,443.427,435.452,439.539,431.66,363.337,357.248,380.927,374.44,363.407,357.316,412.573,405.348,414.106,406.844,434.704,426.944,418.667,411.296,420.388,412.976,414.237,406.972,409.807,402.648,417.769,410.42,441.823,430.808,409.922,402.76,426.779,419.212,440.117,432.168,445.506,437.48,412.053,404.556,443.058,435.092,438.763,430.904,362.355,365.04,369.029,362.812,383.616,377.068,439.838,431.952,437.074,429.256,447.074,439.008,442.533,434.58,418.286,410.924
27/1/2026 14:45,443.427,435.452,439.539,431.66,363.337,357.248,380.927,374.44,363.407,357.316,412.573,405.348,414.106,406.844,434.704,426.944,418.667,411.296,420.388,412.976,414.237,406.972,409.807,402.648,417.769,410.42,441.823,430.808,409.922,402.76,426.779,419.212,440.117,432.168,445.506,437.48,412.053,404.556,443.058,435.092,438.763,430.904,362.355,365.04,369.029,362.812,383.616,377.068,439.838,431.952,437.074,429.256,447.074,439.008,442.533,434.58,418.286,410.924
27/1/2026 14:50,392.354,385.604,356.432,350.496,399.582,392.664,402.654,395.664,387.8,381.156,429.382,421.752,421.991,414.54,342.802,337.164,376.793,370.4,426.832,421.204,430.198,422.548,392.501,385.748,383.563,377.016,389.197,382.308,392.362,385.612,391.064,384.344,354.551,348.656,427.246,419.668,391.281,384.556,386.359,379.748,426.057,418.508,392.055,385.312,401.72,394.752,401.659,394.692,427.598,420.012,342.847,337.208,390.564,383.856,426.254,418.7,376.518,370.132
27/1/2026 14:55,392.354,385.604,356.432,350.496,399.582,392.664,402.654,395.664,387.8,381.156,429.382,421.752,421.991,414.54,342.802,337.164,376.793,370.4,426.832,421.204,430.198,422.548,392.501,385.748,383.563,377.016,389.197,382.308,392.362,385.612,391.064,384.344,354.551,348.656,427.246,419.668,391.281,384.556,386.359,379.748,426.057,418.508,392.055,385.312,401.72,394.752,401.659,394.692,427.598,420.012,342.847,337.208,390.564,383.856,426.254,418.7,376.518,370.132
27/1/2026 15:00,392.354,385.604,356.432,350.496,399.582,392.664,402.654,395.664,387.8,381.156,429.382,421.752,421.991,414.54,342.802,337.164,376.793,370.4,426.832,421.204,430.198,422.548,392.501,385.748,383.563,377.016,389.197,382.308,392.362,385.612,391.064,384.344,354.551,348.656,427.246,419.668,391.281,384.556,386.359,379.748,426.057,418.508,392.055,385.312,401.72,394.752,401.659,394.692,427.598,420.012,342.847,337.208,390.564,383.856,426.254,418.7,376.518,370.132
27/1/2026 15:05,412.553,405.328,408.259,401.136,398.558,390.028,392.878,386.116,394.213,387.42,406.751,399.664,406.636,399.552,404.69,397.652,385.573,378.98,412.262,405.044,407.886,400.772,376.035,369.66,384.861,378.284,409.737,401.028,375.847,369.476,393.205,386.436,409.406,402.332,407.259,400.16,377.41,371.004,407.96,400.844,404.956,397.912,397.063,390.204,403.199,396.196,392.73,385.972,403.338,396.332,404.953,397.908,411.553,404.352,406.91,399.82,385.463,378.872
27/1/2026 15:10,412.553,405.328,408.259,401.136,398.558,390.028,392.878,386.116,394.213,387.42,406.751,399.664,406.636,399.552,404.69,397.652,385.573,378.98,412.262,405.044,407.886,400.772,376.035,369.66,384.861,378.284,409.737,401.028,375.847,369.476,393.205,386.436,409.406,402.332,407.259,400.16,377.41,371.004,407.96,400.844,404.956,397.912,397.063,390.204,403.199,396.196,392.73,385.972,403.338,396.332,404.953,397.908,411.553,404.352,406.91,399.82,385.463,378.872
27/1/2026 15:15,412.553,405.328,408.259,401.136,398.558,390.028,392.878,386.116,394.213,387.42,406.751,399.664,406.636,399.552,404.69,397.652,385.573,378.98,412.262,405.044,407.886,400.772,376.035,369.66,384.861,378.284,409.737,401.028,375.847,369.476,393.205,386.436,409.406,402.332,407.259,400.16,377.41,371.004,407.96,400.844,404.956,397.912,397.063,390.204,403.199,396.196,392.73,385.972,403.338,396.332,404.953,397.908,411.553,404.352,406.91,399.82,385.463,378.872
27/1/2026 15:20,330.081,324.716,328.238,322.912,313.163,308.02,316.596,311.508,315.732,310.66,327.755,322.44,328.72,323.384,325.814,320.54,310.929,305.948,331.859,326.456,330.256,324.888,301.256,296.456,310.575,305.6,326.515,321.056,300.079,295.3,316.645,311.556,329.202,323.856,329.966,324.604,301.22,296.42,326.648,321.356,328.188,322.864,317.888,312.776,317.517,312.412,315.968,310.892,329.737,324.38,325.361,320.096,329.664,324.308,330.183,324.816,310.514,305.54
27/1/2026 15:25,330.081,324.716,328.238,322.912,313.163,308.02,316.596,311.508,315.732,310.66,327.755,322.44,328.72,323.384,325.814,320.54,310.929,305.948,331.859,326.456,330.256,324.888,301.256,296.456,310.575,305.6,326.515,321.056,300.079,295.3,316.645,311.556,329.202,323.856,329.966,324.604,301.22,296.42,326.648,321.356,328.188,322.864,317.888,312.776,317.517,312.412,315.968,310.892,329.737,324.38,325.361,320.096,329.664,324.308,330.183,324.816,310.514,305.54
27/1/2026 15:30,330.081,324.716,328.238,322.912,313.163,308.02,316.596,311.508,315.732,310.66,327.755,322.44,328.72,323.384,325.814,320.54,310.929,305.948,331.859,326.456,330.256,324.888,301.256,296.456,310.575,305.6,326.515,321.056,300.079,295.3,316.645,311.556,329.202,323.856,329.966,324.604,301.22,296.42,326.648,321.356,328.188,322.864,317.888,312.776,317.517,312.412,315.968,310.892,329.737,324.38,325.361,320.096,329.664,324.308,330.183,324.816,310.514,305.54
27/1/2026 15:35,303.535,298.692,306.727,301.824,296.529,291.204,296.741,292.024,298.51,293.76,295.139,290.452,292.906,288.26,303.682,298.836,286.146,281.624,295.913,291.212,296.239,291.532,279.24,274.844,284.451,279.96,301.874,296.908,279.317,274.92,290.64,286.036,307.575,302.656,301.493,296.688,280.935,276.508,299.08,294.32,299.471,294.704,300.376,295.592,299.039,294.28,296.464,291.752,301.595,296.788,305.08,300.208,302.056,297.24,300.462,295.676,286.513,281.984
27/1/2026 15:40,303.535,298.692,306.727,301.824,296.529,291.204,296.741,292.024,298.51,293.76,295.139,290.452,292.906,288.26,303.682,298.836,286.146,281.624,295.913,291.212,296.239,291.532,279.24,274.844,284.451,279.96,301.874,296.908,279.317,274.92,290.64,286.036,307.575,302.656,301.493,296.688,280.935,276.508,299.08,294.32,299.471,294.704,300.376,295.592,299.039,294.28,296.464,291.752,301.595,296.788,305.08,300.208,302.056,297.24,300.462,295.676,286.513,281.984
27/1/2026 15:45,303.535,298.692,306.727,301.824,296.529,291.204,296.741,292.024,298.51,293.76,295.139,290.452,292.906,288.26,303.682,298.836,286.146,281.624,295.913,291.212,296.239,291.532,279.24,274.844,284.451,279.96,301.874,296.908,279.317,274.92,290.64,286.036,307.575,302.656,301.493,296.688,280.935,276.508,299.08,294.32,299.471,294.704,300.376,295.592,299.039,294.28,296.464,291.752,301.595,296.788,305.08,300.208,302.056,297.24,300.462,295.676,286.513,281.984
27/1/2026 15:50,247.211,243.388,247.915,244.08,238.526,234.856,236.059,232.432,235.827,232.204,250.317,246.44,247.17,243.348,243.697,239.936,236.027,232.4,250.008,246.136,251.083,247.192,232.795,229.224,235.539,231.92,245.797,241.496,232.811,229.24,240.033,236.336,248.787,244.936,254.345,250.396,233.988,230.396,246.25,242.444,251.852,247.948,237.354,233.704,240.452,236.748,234.838,231.232,252.484,248.568,244.735,240.956,248.302,244.46,254.524,250.572,236.337,232.704
27/1/2026 15:55,247.211,243.388,247.915,244.08,238.526,234.856,236.059,232.432,235.827,232.204,250.317,246.44,247.17,243.348,243.697,239.936,236.027,232.4,250.008,246.136,251.083,247.192,232.795,229.224,235.539,231.92,245.797,241.496,232.811,229.24,240.033,236.336,248.787,244.936,254.345,250.396,233.988,230.396,246.25,242.444,251.852,247.948,237.354,233.704,240.452,236.748,234.838,231.232,252.484,248.568,244.735,240.956,248.302,244.46,254.524,250.572,236.337,232.704
27/1/2026 16:00,247.211,243.388,247.915,244.08,238.526,234.856,236.059,232.432,235.827,232.204,250.317,246.44,247.17,243.348,243.697,239.936,236.027,232.4,250.008,246.136,251.083,247.192,232.795,229.224,235.539,231.92,245.797,241.496,232.811,229.24,240.033,236.336,248.787,244.936,254.345,250.396,233.988,230.396,246.25,242.444,251.852,247.948,237.354,233.704,240.452,236.748,234.838,231.232,252.484,248.568,244.735,240.956,248.302,244.46,254.524,250.572,236.337,232.704
27/1/2026 16:05,311.382,306.392,282.414,277.96,299.182,294.42,282.825,278.364,283.795,279.316,304.974,300.104,304.147,299.292,277.843,273.472,279.387,274.988,307.269,302.356,306.242,301.348,254.145,250.2,280.096,275.684,308.98,303.876,254.504,250.552,285.319,280.812,283.241,278.772,297.809,293.072,256.682,252.692,307.787,302.864,295.767,291.068,285.633,281.12,302.064,297.248,282.292,277.84,297.177,292.452,279.566,275.164,310.966,305.984,298.094,293.352,279.542,275.572
27/1/2026 16:10,311.382,306.392,282.414,277.96,299.182,294.42,282.825,278.364,283.795,279.316,304.974,300.104,304.147,299.292,277.843,273.472,279.387,274.988,307.269,302.356,306.242,301.348,254.145,250.2,280.096,275.684,308.98,303.876,254.504,250.552,285.319,280.812,283.241,278.772,297.809,293.072,256.682,252.692,307.787,302.864,295.767,291.068,285.633,281.12,302.064,297.248,282.292,277.84,297.177,292.452,279.566,275.164,310.966,305.984,298.094,293.352,279.542,275.572
27/1/2026 16:15,311.382,306.392,282.414,277.96,299.182,294.42,282.825,278.364,283.795,279.316,304.974,300.104,304.147,299.292,277.843,273.472,279.387,274.988,307.269,302.356,306.242,301.348,254.145,250.2,280.096,275.684,308.98,303.876,254.504,250.552,285.319,280.812,283.241,278.772,297.809,293.072,256.682,252.692,307.787,302.864,295.767,291.068,285.633,281.12,302.064,297.248,282.292,277.84,297.177,292.452,279.566,275.164,310.966,305.984,298.094,293.352,279.542,275.572
27/1/2026 16:20,187.32,184.512,195.965,193.02,183.798,181.044,192.637,189.748,191.324,188.456,184.509,181.744,183.562,180.812,195.814,192.872,178.035,175.368,185.886,183.1,185.536,182.756,180.24,177.54,178.49,175.816,185.763,183.02,180.655,177.948,181.276,178.56,196.404,193.452,189.127,186.292,179.245,176.56,184.793,182.024,189.175,186.34,192.389,189.504,185.418,182.64,191.824,188.948,189.46,186.62,196.896,193.936,186.276,183.484,189.196,186.36,177.873,175.208
27/1/2026 16:25,187.32,184.512,195.965,193.02,183.798,181.044,192.637,189.748,191.324,188.456,184.509,181.744,183.562,180.812,195.814,192.872,178.035,175.368,185.886,183.1,185.536,182.756,180.24,177.54,178.49,175.816,185.763,183.02,180.655,177.948,181.276,178.56,196.404,193.452,189.127,186.292,179.245,176.56,184.793,182.024,189.175,186.34,192.389,189.504,185.418,182.64,191.824,188.948,189.46,186.62,196.896,193.936,186.276,183.484,189.196,186.36,177.873,175.208
27/1/2026 16:30,187.32,184.512,195.965,193.02,183.798,181.044,192.637,189.748,191.324,188.456,184.509,181.744,183.562,180.812,195.814,192.872,178.035,175.368,185.886,183.1,185.536,182.756,180.24,177.54,178.49,175.816,185.763,183.02,180.655,177.948,181.276,178.56,196.404,193.452,189.127,186.292,179.245,176.56,184.793,182.024,189.175,186.34,192.389,189.504,185.418,182.64,191.824,188.948,189.46,186.62,196.896,193.936,186.276,183.484,189.196,186.36,177.873,175.208
27/1/2026 16:35,201.678,198.544,187.175,184.292,184.74,182.12,179.798,177.104,179.379,176.692,216.56,213.268,222.636,219.24,186.085,183.296,186.914,184.112,225.391,221.948,218.074,214.756,177.924,175.2,186.325,183.532,199.346,197.156,177.774,175.052,189.838,186.992,187.289,184.976,204.378,200.844,177.653,174.992,193.631,190.636,201.314,198.28,180.736,178.028,186.389,183.596,178.604,175.928,201.985,198.94,185.906,183.12,202.598,199.448,204.386,201.3,187.265,184.38
27/1/2026 16:40,201.678,198.544,187.175,184.292,184.74,182.12,179.798,177.104,179.379,176.692,216.56,213.268,222.636,219.24,186.085,183.296,186.914,184.112,225.391,221.948,218.074,214.756,177.924,175.2,186.325,183.532,199.346,197.156,177.774,175.052,189.838,186.992,187.289,184.976,204.378,200.844,177.653,174.992,193.631,190.636,201.314,198.28,180.736,178.028,186.389,183.596,178.604,175.928,201.985,198.94,185.906,183.12,202.598,199.448,204.386,201.3,187.265,184.38
27/1/2026 16:45,201.678,198.544,187.175,184.292,184.74,182.12,179.798,177.104,179.379,176.692,216.56,213.268,222.636,219.24,186.085,183.296,186.914,184.112,225.391,221.948,218.074,214.756,177.924,175.2,186.325,183.532,199.346,197.156,177.774,175.052,189.838,186.992,187.289,184.976,204.378,200.844,177.653,174.992,193.631,190.636,201.314,198.28,180.736,178.028,186.389,183.596,178.604,175.928,201.985,198.94,185.906,183.12,202.598,199.448,204.386,201.3,187.265,184.38
27/1/2026 16:50,235.849,232.112,213.638,210.296,224.116,220.696,211.891,208.58,212.205,208.888,237.552,233.784,239.446,235.644,210.98,207.684,207.666,204.428,242.957,239.092,237.442,233.676,205.712,202.508,212.266,208.948,234.619,230.904,205.447,202.248,216.602,213.208,215.076,211.708,225.265,221.824,207.324,204.092,235.161,231.436,227.369,223.892,213.728,210.64,225.85,222.4,211.545,208.24,228.948,225.444,211.802,208.492,235.987,232.248,225.814,222.364,208.179,204.136
27/1/2026 16:55,235.849,232.112,213.638,210.296,224.116,220.696,211.891,208.58,212.205,208.888,237.552,233.784,239.446,235.644,210.98,207.684,207.666,204.428,242.957,239.092,237.442,233.676,205.712,202.508,212.266,208.948,234.619,230.904,205.447,202.248,216.602,213.208,215.076,211.708,225.265,221.824,207.324,204.092,235.161,231.436,227.369,223.892,213.728,210.64,225.85,222.4,211.545,208.24,228.948,225.444,211.802,208.492,235.987,232.248,225.814,222.364,208.179,204.136
27/1/2026 17:00,235.849,232.112,213.638,210.296,224.116,220.696,211.891,208.58,212.205,208.888,237.552,233.784,239.446,235.644,210.98,207.684,207.666,204.428,242.957,239.092,237.442,233.676,205.712,202.508,212.266,208.948,234.619,230.904,205.447,202.248,216.602,213.208,215.076,211.708,225.265,221.824,207.324,204.092,235.161,231.436,227.369,223.892,213.728,210.64,225.85,222.4,211.545,208.24,228.948,225.444,211.802,208.492,235.987,232.248,225.814,222.364,208.179,204.136
27/1/2026 17:05,195.719,192.688,201.658,198.524,168.62,166.096,181.676,178.888,178.795,176.056,206.445,203.228,207.552,204.316,193.094,190.108,184.041,181.212,210.239,206.956,208.301,205.052,195.654,192.624,184.982,182.136,195.076,192.056,195.695,192.664,188.633,185.724,202.391,199.364,211.942,208.728,197.168,195.016,188.421,185.516,213.121,209.888,178.99,176.248,171.078,168.516,181.103,178.324,212.91,209.68,194.612,191.6,189.756,186.828,212.531,209.308,182.946,181.272
27/1/2026 17:10,195.719,192.688,201.658,198.524,168.62,166.096,181.676,178.888,178.795,176.056,206.445,203.228,207.552,204.316,193.094,190.108,184.041,181.212,210.239,206.956,208.301,205.052,195.654,192.624,184.982,182.136,195.076,192.056,195.695,192.664,188.633,185.724,202.391,199.364,211.942,208.728,197.168,195.016,188.421,185.516,213.121,209.888,178.99,176.248,171.078,168.516,181.103,178.324,212.91,209.68,194.612,191.6,189.756,186.828,212.531,209.308,182.946,181.272
27/1/2026 17:15,195.719,192.688,201.658,198.524,168.62,166.096,181.676,178.888,178.795,176.056,206.445,203.228,207.552,204.316,193.094,190.108,184.041,181.212,210.239,206.956,208.301,205.052,195.654,192.624,184.982,182.136,195.076,192.056,195.695,192.664,188.633,185.724,202.391,199.364,211.942,208.728,197.168,195.016,188.421,185.516,213.121,209.888,178.99,176.248,171.078,168.516,181.103,178.324,212.91,209.68,194.612,191.6,189.756,186.828,212.531,209.308,182.946,181.272
27/1/2026 17:20,165.314,162.804,170.986,168.38,151.63,149.744,163.454,160.976,163.658,161.176,161.722,159.272,162.438,159.976,168.96,166.388,158.947,156.54,164.57,162.072,162.767,160.3,151.369,149.056,159.741,157.324,164.911,162.408,151.713,149.396,161.604,159.156,170.343,167.748,163.15,160.708,152.171,149.848,164.61,162.112,160.73,158.324,164.813,162.312,153.069,150.768,162.441,159.98,162.082,159.656,169.781,167.196,166.303,163.776,163.752,161.3,158.822,156.416
27/1/2026 17:25,165.314,162.804,170.986,168.38,151.63,149.744,163.454,160.976,163.658,161.176,161.722,159.272,162.438,159.976,168.96,166.388,158.947,156.54,164.57,162.072,162.767,160.3,151.369,149.056,159.741,157.324,164.911,162.408,151.713,149.396,161.604,159.156,170.343,167.748,163.15,160.708,152.171,149.848,164.61,162.112,160.73,158.324,164.813,162.312,153.069,150.768,162.441,159.98,162.082,159.656,169.781,167.196,166.303,163.776,163.752,161.3,158.822,156.416
27/1/2026 17:30,165.314,162.804,170.986,168.38,151.63,149.744,163.454,160.976,163.658,161.176,161.722,159.272,162.438,159.976,168.96,166.388,158.947,156.54,164.57,162.072,162.767,160.3,151.369,149.056,159.741,157.324,164.911,162.408,151.713,149.396,161.604,159.156,170.343,167.748,163.15,160.708,152.171,149.848,164.61,162.112,160.73,158.324,164.813,162.312,153.069,150.768,162.441,159.98,162.082,159.656,169.781,167.196,166.303,163.776,163.752,161.3,158.822,156.416
27/1/2026 17:35,97.32,95.692,95.114,93.516,93.859,92.336,92.194,90.636,91.797,90.244,95.613,94.008,95.074,93.476,93.837,92.256,90.966,89.424,96.542,94.756,95.876,94.268,85.826,84.356,90.727,89.188,96.667,95.048,85.36,83.896,91.915,90.36,95.029,93.404,95.157,93.46,85.717,84.248,96.424,94.808,94.646,93.112,92.596,91.032,94.366,92.836,91.079,89.536,94.885,93.348,94.619,93.028,97.283,95.656,95.323,93.78,91.039,89.496
27/1/2026 17:40,97.32,95.692,95.114,93.516,93.859,92.336,92.194,90.636,91.797,90.244,95.613,94.008,95.074,93.476,93.837,92.256,90.966,89.424,96.542,94.756,95.876,94.268,85.826,84.356,90.727,89.188,96.667,95.048,85.36,83.896,91.915,90.36,95.029,93.404,95.157,93.46,85.717,84.248,96.424,94.808,94.646,93.112,92.596,91.032,94.366,92.836,91.079,89.536,94.885,93.348,94.619,93.028,97.283,95.656,95.323,93.78,91.039,89.496
27/1/2026 17:45,97.32,95.692,95.114,93.516,93.859,92.336,92.194,90.636,91.797,90.244,95.613,94.008,95.074,93.476,93.837,92.256,90.966,89.424,96.542,94.756,95.876,94.268,85.826,84.356,90.727,89.188,96.667,95.048,85.36,83.896,91.915,90.36,95.029,93.404,95.157,93.46,85.717,84.248,96.424,94.808,94.646,93.112,92.596,91.032,94.366,92.836,91.079,89.536,94.885,93.348,94.619,93.028,97.283,95.656,95.323,93.78,91.039,89.496
27/1/2026 17:50,80.604,79.208,75.753,74.428,72.506,71.284,72.545,71.268,71.77,70.504,75.502,74.18,75.396,74.076,74.519,73.212,75.875,74.548,76.772,75.432,75.68,74.356,68.903,67.68,74.897,73.584,79.711,78.872,68.188,66.976,76.411,75.076,74.864,74.564,75.559,73.792,68.907,67.684,80.474,79.08,74.877,73.62,72.403,71.128,72.86,71.632,71.823,70.556,75.076,73.816,75.38,74.06,80.884,79.484,75.254,73.992,72.919,74.568
27/1/2026 17:55,80.604,79.208,75.753,74.428,72.506,71.284,72.545,71.268,71.77,70.504,75.502,74.18,75.396,74.076,74.519,73.212,75.875,74.548,76.772,75.432,75.68,74.356,68.903,67.68,74.897,73.584,79.711,78.872,68.188,66.976,76.411,75.076,74.864,74.564,75.559,73.792,68.907,67.684,80.474,79.08,74.877,73.62,72.403,71.128,72.86,71.632,71.823,70.556,75.076,73.816,75.38,74.06,80.884,79.484,75.254,73.992,72.919,74.568
27/1/2026 18:00,80.604,79.208,75.753,74.428,72.506,71.284,72.545,71.268,71.77,70.504,75.502,74.18,75.396,74.076,74.519,73.212,75.875,74.548,76.772,75.432,75.68,74.356,68.903,67.68,74.897,73.584,79.711,78.872,68.188,66.976,76.411,75.076,74.864,74.564,75.559,73.792,68.907,67.684,80.474,79.08,74.877,73.62,72.403,71.128,72.86,71.632,71.823,70.556,75.076,73.816,75.38,74.06,80.884,79.484,75.254,73.992,72.919,74.568
27/1/2026 18:05,50.162,49.084,49.613,48.54,47.953,46.912,47.905,46.848,47.303,46.252,49.735,48.66,49.387,48.316,48.467,47.404,47.102,46.052,49.888,48.808,49.88,48.804,45.695,44.66,47.207,46.156,49.856,48.78,45.193,44.164,47.385,46.332,49.133,48.064,49.86,48.816,45.294,44.264,49.561,48.488,49.473,48.432,47.74,46.684,48.159,47.128,47.101,46.052,49.57,48.528,49.129,48.06,49.952,48.876,49.764,48.72,47.227,46.176
27/1/2026 18:10,50.162,49.084,49.613,48.54,47.953,46.912,47.905,46.848,47.303,46.252,49.735,48.66,49.387,48.316,48.467,47.404,47.102,46.052,49.888,48.808,49.88,48.804,45.695,44.66,47.207,46.156,49.856,48.78,45.193,44.164,47.385,46.332,49.133,48.064,49.86,48.816,45.294,44.264,49.561,48.488,49.473,48.432,47.74,46.684,48.159,47.128,47.101,46.052,49.57,48.528,49.129,48.06,49.952,48.876,49.764,48.72,47.227,46.176
27/1/2026 18:15,50.162,49.084,49.613,48.54,47.953,46.912,47.905,46.848,47.303,46.252,49.735,48.66,49.387,48.316,48.467,47.404,47.102,46.052,49.888,48.808,49.88,48.804,45.695,44.66,47.207,46.156,49.856,48.78,45.193,44.164,47.385,46.332,49.133,48.064,49.86,48.816,45.294,44.264,49.561,48.488,49.473,48.432,47.74,46.684,48.159,47.128,47.101,46.052,49.57,48.528,49.129,48.06,49.952,48.876,49.764,48.72,47.227,46.176
27/1/2026 18:20,27.608,26.892,26.459,25.772,25.942,25.268,25.204,24.548,24.551,23.912,27.936,27.212,27.759,27.04,25.368,24.708,25.352,24.692,27.956,27.232,28.005,27.28,24.909,24.26,25.528,24.864,27.349,26.64,24.552,23.912,25.34,24.68,25.831,25.16,27.595,26.88,24.699,24.056,27.23,26.524,27.164,26.46,25.183,24.528,25.909,25.236,24.428,23.792,27.333,26.624,26.053,25.376,27.407,26.696,27.439,26.728,25.463,24.8
27/1/2026 18:25,27.608,26.892,26.459,25.772,25.942,25.268,25.204,24.548,24.551,23.912,27.936,27.212,27.759,27.04,25.368,24.708,25.352,24.692,27.956,27.232,28.005,27.28,24.909,24.26,25.528,24.864,27.349,26.64,24.552,23.912,25.34,24.68,25.831,25.16,27.595,26.88,24.699,24.056,27.23,26.524,27.164,26.46,25.183,24.528,25.909,25.236,24.428,23.792,27.333,26.624,26.053,25.376,27.407,26.696,27.439,26.728,25.463,24.8
27/1/2026 18:30,27.608,26.892,26.459,25.772,25.942,25.268,25.204,24.548,24.551,23.912,27.936,27.212,27.759,27.04,25.368,24.708,25.352,24.692,27.956,27.232,28.005,27.28,24.909,24.26,25.528,24.864,27.349,26.64,24.552,23.912,25.34,24.68,25.831,25.16,27.595,26.88,24.699,24.056,27.23,26.524,27.164,26.46,25.183,24.528,25.909,25.236,24.428,23.792,27.333,26.624,26.053,25.376,27.407,26.696,27.439,26.728,25.463,24.8
27/1/2026 18:35,21.057,20.504,20.815,20.268,19.85,19.328,19.617,19.1,19.075,18.572,20.934,20.384,20.897,20.348,19.707,19.188,20.811,20.264,20.942,20.392,21.114,20.56,19.022,18.52,21.008,20.456,20.897,20.348,18.793,18.296,20.671,20.128,20.031,19.504,20.966,20.424,18.834,18.312,20.717,20.172,20.646,20.104,19.846,19.324,19.711,19.192,19.112,18.608,20.778,20.232,20.38,19.844,20.807,20.26,20.769,20.224,20.905,20.332
27/1/2026 18:40,21.057,20.504,20.815,20.268,19.85,19.328,19.617,19.1,19.075,18.572,20.934,20.384,20.897,20.348,19.707,19.188,20.811,20.264,20.942,20.392,21.114,20.56,19.022,18.52,21.008,20.456,20.897,20.348,18.793,18.296,20.671,20.128,20.031,19.504,20.966,20.424,18.834,18.312,20.717,20.172,20.646,20.104,19.846,19.324,19.711,19.192,19.112,18.608,20.778,20.232,20.38,19.844,20.807,20.26,20.769,20.224,20.905,20.332
27/1/2026 18:45,21.057,20.504,20.815,20.268,19.85,19.328,19.617,19.1,19.075,18.572,20.934,20.384,20.897,20.348,19.707,19.188,20.811,20.264,20.942,20.392,21.114,20.56,19.022,18.52,21.008,20.456,20.897,20.348,18.793,18.296,20.671,20.128,20.031,19.504,20.966,20.424,18.834,18.312,20.717,20.172,20.646,20.104,19.846,19.324,19.711,19.192,19.112,18.608,20.778,20.232,20.38,19.844,20.807,20.26,20.769,20.224,20.905,20.332
27/1/2026 18:50,13.735,13.364,13.607,13.24,12.713,12.368,12.462,12.124,12.114,11.784,13.796,13.424,13.722,13.352,12.512,12.172,13.497,13.132,13.731,13.36,13.903,13.528,12.447,12.108,13.599,13.232,13.566,13.2,12.328,11.992,13.263,12.904,12.836,12.488,13.714,13.344,12.43,12.092,13.427,13.064,13.5,13.136,12.754,12.408,12.516,12.176,12.097,11.768,13.599,13.232,13.119,12.764,13.456,13.092,13.521,13.156,13.64,13.216
27/1/2026 18:55,13.735,13.364,13.607,13.24,12.713,12.368,12.462,12.124,12.114,11.784,13.796,13.424,13.722,13.352,12.512,12.172,13.497,13.132,13.731,13.36,13.903,13.528,12.447,12.108,13.599,13.232,13.566,13.2,12.328,11.992,13.263,12.904,12.836,12.488,13.714,13.344,12.43,12.092,13.427,13.064,13.5,13.136,12.754,12.408,12.516,12.176,12.097,11.768,13.599,13.232,13.119,12.764,13.456,13.092,13.521,13.156,13.64,13.216
27/1/2026 19:00,13.735,13.364,13.607,13.24,12.713,12.368,12.462,12.124,12.114,11.784,13.796,13.424,13.722,13.352,12.512,12.172,13.497,13.132,13.731,13.36,13.903,13.528,12.447,12.108,13.599,13.232,13.566,13.2,12.328,11.992,13.263,12.904,12.836,12.488,13.714,13.344,12.43,12.092,13.427,13.064,13.5,13.136,12.754,12.408,12.516,12.176,12.097,11.768,13.599,13.232,13.119,12.764,13.456,13.092,13.521,13.156,13.64,13.216
27/1/2026 19:05,8.204,7.972,8.299,8.064,7.616,7.416,7.51,7.312,7.121,6.932,7.938,7.712,7.959,7.732,7.372,7.16,8.061,7.832,7.889,7.664,8.061,7.832,7.335,7.124,8.275,8.04,8.077,7.848,7.286,7.076,7.799,7.576,7.622,7.404,8.04,7.812,7.245,7.036,7.954,7.728,7.737,7.516,7.751,7.548,7.42,7.208,7.248,7.056,7.823,7.6,7.917,7.692,7.958,7.732,7.831,7.608,8.082,7.852
27/1/2026 19:10,8.204,7.972,8.299,8.064,7.616,7.416,7.51,7.312,7.121,6.932,7.938,7.712,7.959,7.732,7.372,7.16,8.061,7.832,7.889,7.664,8.061,7.832,7.335,7.124,8.275,8.04,8.077,7.848,7.286,7.076,7.799,7.576,7.622,7.404,8.04,7.812,7.245,7.036,7.954,7.728,7.737,7.516,7.751,7.548,7.42,7.208,7.248,7.056,7.823,7.6,7.917,7.692,7.958,7.732,7.831,7.608,8.082,7.852
27/1/2026 19:15,8.204,7.972,8.299,8.064,7.616,7.416,7.51,7.312,7.121,6.932,7.938,7.712,7.959,7.732,7.372,7.16,8.061,7.832,7.889,7.664,8.061,7.832,7.335,7.124,8.275,8.04,8.077,7.848,7.286,7.076,7.799,7.576,7.622,7.404,8.04,7.812,7.245,7.036,7.954,7.728,7.737,7.516,7.751,7.548,7.42,7.208,7.248,7.056,7.823,7.6,7.917,7.692,7.958,7.732,7.831,7.608,8.082,7.852
27/1/2026 19:20,1.517,1.456,1.034,0.984,0.601,0.56,0.556,0.516,0.322,0.288,0.826,0.78,0.854,0.808,0.339,0.304,0.871,0.824,0.724,0.68,0.916,0.868,0.625,0.584,0.998,0.948,1.264,1.208,0.58,0.54,0.507,0.468,0.331,0.296,0.846,0.8,0.613,0.572,0,0,0.613,0.572,0.83,0.784,0.38,0.344,0.416,0.38,0.683,0.64,0.719,0.676,1.161,1.108,0.662,0.62,0.92,0.872
27/1/2026 19:25,1.517,1.456,1.034,0.984,0.601,0.56,0.556,0.516,0.322,0.288,0.826,0.78,0.854,0.808,0.339,0.304,0.871,0.824,0.724,0.68,0.916,0.868,0.625,0.584,0.998,0.948,1.264,1.208,0.58,0.54,0.507,0.468,0.331,0.296,0.846,0.8,0.613,0.572,0,0,0.613,0.572,0.83,0.784,0.38,0.344,0.416,0.38,0.683,0.64,0.719,0.676,1.161,1.108,0.662,0.62,0.92,0.872
27/1/2026 19:30,1.517,1.456,1.034,0.984,0.601,0.56,0.556,0.516,0.322,0.288,0.826,0.78,0.854,0.808,0.339,0.304,0.871,0.824,0.724,0.68,0.916,0.868,0.625,0.584,0.998,0.948,1.264,1.208,0.58,0.54,0.507,0.468,0.331,0.296,0.846,0.8,0.613,0.572,0,0,0.613,0.572,0.83,0.784,0.38,0.344,0.416,0.38,0.683,0.64,0.719,0.676,1.161,1.108,0.662,0.62,0.92,0.872
27/1/2026 19:35,0,0,0,0,0,0,0,0,0,0,0,0,0,0,0,0,0,0,0,0,0,0,0,0,0,0,0,0,0,0,0,0,0,0,0,0,0,0,0,0,0,0,0,0,0,0,0,0,0,0,0,0,0,0,0,0,0,0
27/1/2026 19:40,0,0,0,0,0,0,0,0,0,0,0,0,0,0,0,0,0,0,0,0,0,0,0,0,0,0,0,0,0,0,0,0,0,0,0,0,0,0,0,0,0,0,0,0,0,0,0,0,0,0,0,0,0,0,0,0,0,0
27/1/2026 19:45,0,0,0,0,0,0,0,0,0,0,0,0,0,0,0,0,0,0,0,0,0,0,0,0,0,0,0,0,0,0,0,0,0,0,0,0,0,0,0,0,0,0,0,0,0,0,0,0,0,0,0,0,0,0,0,0,0,0
27/1/2026 19:50,0,0,0,0,0,0,0,0,0,0,0,0,0,0,0,0,0,0,0,0,0,0,0,0,0,0,0,0,0,0,0,0,0,0,0,0,0,0,0,0,0,0,0,0,0,0,0,0,0,0,0,0,0,0,0,0,0,0
27/1/2026 19:55,0,0,0,0,0,0,0,0,0,0,0,0,0,0,0,0,0,0,0,0,0,0,0,0,0,0,0,0,0,0,0,0,0,0,0,0,0,0,0,0,0,0,0,0,0,0,0,0,0,0,0,0,0,0,0,0,0,0
27/1/2026 20:00,0,0,0,0,0,0,0,0,0,0,0,0,0,0,0,0,0,0,0,0,0,0,0,0,0,0,0,0,0,0,0,0,0,0,0,0,0,0,0,0,0,0,0,0,0,0,0,0,0,0,0,0,0,0,0,0,0,0
27/1/2026 20:05,0,0,0,0,0,0,0,0,0,0,0,0,0,0,0,0,0,0,0,0,0,0,0,0,0,0,0,0,0,0,0,0,0,0,0,0,0,0,0,0,0,0,0,0,0,0,0,0,0,0,0,0,0,0,0,0,0,0
27/1/2026 20:10,0,0,0,0,0,0,0,0,0,0,0,0,0,0,0,0,0,0,0,0,0,0,0,0,0,0,0,0,0,0,0,0,0,0,0,0,0,0,0,0,0,0,0,0,0,0,0,0,0,0,0,0,0,0,0,0,0,0
27/1/2026 20:15,0,0,0,0,0,0,0,0,0,0,0,0,0,0,0,0,0,0,0,0,0,0,0,0,0,0,0,0,0,0,0,0,0,0,0,0,0,0,0,0,0,0,0,0,0,0,0,0,0,0,0,0,0,0,0,0,0,0
27/1/2026 20:20,0,0,0,0,0,0,0,0,0,0,0,0,0,0,0,0,0,0,0,0,0,0,0,0,0,0,0,0,0,0,0,0,0,0,0,0,0,0,0,0,0,0,0,0,0,0,0,0,0,0,0,0,0,0,0,0,0,0
27/1/2026 20:25,0,0,0,0,0,0,0,0,0,0,0,0,0,0,0,0,0,0,0,0,0,0,0,0,0,0,0,0,0,0,0,0,0,0,0,0,0,0,0,0,0,0,0,0,0,0,0,0,0,0,0,0,0,0,0,0,0,0
27/1/2026 20:30,0,0,0,0,0,0,0,0,0,0,0,0,0,0,0,0,0,0,0,0,0,0,0,0,0,0,0,0,0,0,0,0,0,0,0,0,0,0,0,0,0,0,0,0,0,0,0,0,0,0,0,0,0,0,0,0,0,0
27/1/2026 20:35,0,0,0,0,0,0,0,0,0,0,0,0,0,0,0,0,0,0,0,0,0,0,0,0,0,0,0,0,0,0,0,0,0,0,0,0,0,0,0,0,0,0,0,0,0,0,0,0,0,0,0,0,0,0,0,0,0,0
27/1/2026 20:40,0,0,0,0,--,--,0,0,0,0,0,0,0,0,0,0,0,0,0,0,0,0,0,0,0,0,0,0,0,0,0,0,0,0,0,0,0,0,0,0,0,0,0,0,--,--,0,0,0,0,0,0,0,0,0,0,0,0
27/1/2026 20:45,0,0,0,0,--,--,0,0,0,0,0,0,0,0,0,0,0,0,0,0,0,0,0,0,0,0,0,0,0,0,0,0,0,0,0,0,0,0,0,0,0,0,0,0,--,--,0,0,0,0,0,0,0,0,0,0,0,0
27/1/2026 20:50,0,0,0,0,--,--,0,0,0,0,0,0,0,0,0,0,0,0,0,0,0,0,0,0,0,0,0,0,0,0,0,0,0,0,0,0,0,0,0,0,0,0,0,0,--,--,0,0,0,0,0,0,0,0,0,0,0,0
27/1/2026 20:55,0,0,0,0,--,--,0,0,0,0,0,0,0,0,0,0,0,0,0,0,0,0,0,0,0,0,0,0,0,0,0,0,0,0,0,0,0,0,0,0,0,0,0,0,--,--,0,0,0,0,0,0,0,0,0,0,0,0
27/1/2026 21:00,0,0,0,0,--,--,0,0,0,0,0,0,0,0,0,0,0,0,0,0,0,0,0,0,0,0,0,0,0,0,0,0,0,0,0,0,0,0,0,0,0,0,0,0,--,--,0,0,0,0,0,0,0,0,0,0,0,0
27/1/2026 21:05,0,0,0,0,--,--,0,0,0,0,0,0,0,0,0,0,0,0,0,0,0,0,0,0,0,0,0,0,0,0,0,0,0,0,0,0,0,0,0,0,0,0,0,0,--,--,0,0,0,0,0,0,0,0,0,0,0,0
27/1/2026 21:10,0,0,0,0,--,--,0,0,0,0,0,0,0,0,0,0,0,0,0,0,0,0,0,0,0,0,0,0,0,0,0,0,0,0,0,0,0,0,0,0,0,0,0,0,--,--,0,0,0,0,0,0,0,0,0,0,0,0
27/1/2026 21:15,0,0,0,0,--,--,0,0,0,0,0,0,0,0,0,0,0,0,0,0,0,0,0,0,0,0,0,0,0,0,0,0,0,0,0,0,0,0,0,0,0,0,0,0,--,--,0,0,0,0,0,0,0,0,0,0,0,0
27/1/2026 21:20,0,0,0,0,--,--,0,0,0,0,0,0,0,0,0,0,0,0,0,0,0,0,0,0,0,0,0,0,0,0,0,0,0,0,0,0,0,0,0,0,0,0,0,0,--,--,0,0,0,0,0,0,0,0,0,0,0,0
27/1/2026 21:25,0,0,0,0,--,--,0,0,0,0,0,0,0,0,0,0,0,0,0,0,0,0,0,0,0,0,0,0,0,0,0,0,0,0,0,0,0,0,0,0,0,0,0,0,--,--,0,0,0,0,0,0,0,0,0,0,0,0
27/1/2026 21:30,0,0,0,0,--,--,0,0,0,0,0,0,0,0,0,0,0,0,0,0,0,0,0,0,0,0,0,0,0,0,0,0,0,0,0,0,0,0,0,0,0,0,0,0,--,--,0,0,0,0,0,0,0,0,0,0,0,0
27/1/2026 21:35,0,0,0,0,--,--,0,0,0,0,0,0,0,0,0,0,0,0,0,0,0,0,0,0,0,0,0,0,0,0,0,0,0,0,0,0,0,0,0,0,0,0,0,0,--,--,0,0,0,0,0,0,0,0,0,0,0,0
27/1/2026 21:40,0,0,0,0,--,--,0,0,0,0,0,0,0,0,0,0,0,0,0,0,0,0,0,0,0,0,0,0,0,0,0,0,0,0,0,0,0,0,0,0,0,0,0,0,--,--,0,0,0,0,0,0,0,0,0,0,0,0
27/1/2026 21:45,0,0,0,0,--,--,0,0,0,0,0,0,0,0,0,0,0,0,0,0,0,0,0,0,0,0,0,0,0,0,0,0,0,0,0,0,0,0,0,0,0,0,0,0,--,--,0,0,0,0,0,0,0,0,0,0,0,0
27/1/2026 21:50,0,0,0,0,--,--,0,0,0,0,0,0,0,0,0,0,0,0,0,0,0,0,0,0,0,0,0,0,0,0,0,0,0,0,0,0,0,0,0,0,0,0,0,0,--,--,0,0,0,0,0,0,0,0,0,0,0,0
27/1/2026 21:55,0,0,0,0,--,--,0,0,0,0,0,0,0,0,0,0,0,0,0,0,0,0,0,0,0,0,0,0,0,0,0,0,0,0,0,0,0,0,0,0,0,0,0,0,--,--,0,0,0,0,0,0,0,0,0,0,0,0
27/1/2026 22:00,0,0,0,0,--,--,0,0,0,0,0,0,0,0,0,0,0,0,0,0,0,0,0,0,0,0,0,0,0,0,0,0,0,0,0,0,0,0,0,0,0,0,0,0,--,--,0,0,0,0,0,0,0,0,0,0,0,0
27/1/2026 22:05,0,0,0,0,--,--,0,0,0,0,0,0,0,0,0,0,0,0,0,0,0,0,0,0,0,0,0,0,0,0,0,0,0,0,0,0,0,0,0,0,0,0,0,0,--,--,0,0,0,0,0,0,0,0,0,0,0,0
27/1/2026 22:10,0,0,0,0,--,--,0,0,0,0,0,0,0,0,0,0,0,0,0,0,0,0,0,0,0,0,0,0,0,0,0,0,0,0,0,0,0,0,0,0,0,0,0,0,--,--,0,0,0,0,0,0,0,0,0,0,0,0
27/1/2026 22:15,0,0,0,0,--,--,0,0,0,0,0,0,0,0,0,0,0,0,0,0,0,0,0,0,0,0,0,0,0,0,0,0,0,0,0,0,0,0,0,0,0,0,0,0,--,--,0,0,0,0,0,0,0,0,0,0,0,0
27/1/2026 22:20,0,0,0,0,--,--,0,0,0,0,0,0,0,0,0,0,0,0,0,0,0,0,0,0,0,0,0,0,0,0,0,0,0,0,0,0,0,0,0,0,0,0,0,0,--,--,0,0,0,0,0,0,0,0,0,0,0,0
27/1/2026 22:25,0,0,0,0,--,--,0,0,0,0,0,0,0,0,0,0,0,0,0,0,0,0,0,0,0,0,0,0,0,0,0,0,0,0,0,0,0,0,0,0,0,0,0,0,--,--,0,0,0,0,0,0,0,0,0,0,0,0
27/1/2026 22:30,0,0,0,0,--,--,0,0,0,0,0,0,0,0,0,0,0,0,0,0,0,0,0,0,0,0,0,0,0,0,0,0,0,0,0,0,0,0,0,0,0,0,0,0,--,--,0,0,0,0,0,0,0,0,0,0,0,0
27/1/2026 22:35,0,0,0,0,--,--,0,0,0,0,0,0,0,0,0,0,0,0,0,0,0,0,0,0,0,0,0,0,0,0,0,0,0,0,0,0,0,0,0,0,0,0,0,0,--,--,0,0,0,0,0,0,0,0,0,0,0,0
27/1/2026 22:40,0,0,0,0,--,--,0,0,0,0,0,0,0,0,0,0,0,0,0,0,0,0,0,0,0,0,0,0,0,0,0,0,0,0,0,0,0,0,0,0,0,0,0,0,--,--,0,0,0,0,0,0,0,0,0,0,0,0
27/1/2026 22:45,0,0,0,0,--,--,0,0,0,0,0,0,0,0,0,0,0,0,0,0,0,0,0,0,0,0,0,0,0,0,0,0,0,0,0,0,0,0,0,0,0,0,0,0,--,--,0,0,0,0,0,0,0,0,0,0,0,0
27/1/2026 22:50,0,0,0,0,--,--,0,0,0,0,0,0,0,0,0,0,0,0,0,0,0,0,0,0,0,0,0,0,0,0,0,0,0,0,0,0,0,0,0,0,0,0,0,0,--,--,0,0,0,0,0,0,0,0,0,0,0,0
27/1/2026 22:55,0,0,0,0,--,--,0,0,0,0,0,0,0,0,0,0,0,0,0,0,0,0,0,0,0,0,0,0,0,0,0,0,0,0,0,0,0,0,0,0,0,0,0,0,--,--,0,0,0,0,0,0,0,0,0,0,0,0
27/1/2026 23:00,0,0,0,0,--,--,0,0,0,0,0,0,0,0,0,0,0,0,0,0,0,0,0,0,0,0,0,0,0,0,0,0,0,0,0,0,0,0,0,0,0,0,0,0,--,--,0,0,0,0,0,0,0,0,0,0,0,0
27/1/2026 23:05,0,0,0,0,--,--,0,0,0,0,0,0,0,0,0,0,0,0,0,0,0,0,0,0,0,0,0,0,0,0,0,0,0,0,0,0,0,0,0,0,0,0,0,0,--,--,0,0,0,0,0,0,0,0,0,0,0,0
27/1/2026 23:10,0,0,0,0,--,--,0,0,0,0,0,0,0,0,0,0,0,0,0,0,0,0,0,0,0,0,0,0,0,0,0,0,0,0,0,0,0,0,0,0,0,0,0,0,--,--,0,0,0,0,0,0,0,0,0,0,0,0
27/1/2026 23:15,0,0,0,0,--,--,0,0,0,0,0,0,0,0,0,0,0,0,0,0,0,0,0,0,0,0,0,0,0,0,0,0,0,0,0,0,0,0,0,0,0,0,0,0,--,--,0,0,0,0,0,0,0,0,0,0,0,0
27/1/2026 23:20,0,0,0,0,--,--,0,0,0,0,0,0,0,0,0,0,0,0,0,0,0,0,0,0,0,0,0,0,0,0,0,0,0,0,0,0,0,0,0,0,0,0,0,0,--,--,0,0,0,0,0,0,0,0,0,0,0,0
27/1/2026 23:25,0,0,0,0,--,--,0,0,0,0,0,0,0,0,0,0,0,0,0,0,0,0,0,0,0,0,0,0,0,0,0,0,0,0,0,0,0,0,0,0,0,0,0,0,--,--,0,0,0,0,0,0,0,0,0,0,0,0
27/1/2026 23:30,0,0,0,0,--,--,0,0,0,0,0,0,0,0,0,0,0,0,0,0,0,0,0,0,0,0,0,0,0,0,0,0,0,0,0,0,0,0,0,0,0,0,0,0,--,--,0,0,0,0,0,0,0,0,0,0,0,0
27/1/2026 23:35,0,0,0,0,--,--,0,0,0,0,0,0,0,0,0,0,0,0,0,0,0,0,0,0,0,0,0,0,0,0,0,0,0,0,0,0,0,0,0,0,0,0,0,0,--,--,0,0,0,0,0,0,0,0,0,0,0,0
27/1/2026 23:40,0,0,0,0,--,--,0,0,0,0,0,0,0,0,0,0,0,0,0,0,0,0,0,0,0,0,0,0,0,0,0,0,0,0,0,0,0,0,0,0,0,0,0,0,--,--,0,0,0,0,0,0,0,0,0,0,0,0
27/1/2026 23:45,0,0,0,0,--,--,0,0,0,0,0,0,0,0,0,0,0,0,0,0,0,0,0,0,0,0,0,0,0,0,0,0,0,0,0,0,0,0,0,0,0,0,0,0,--,--,0,0,0,0,0,0,0,0,0,0,0,0
27/1/2026 23:50,0,0,0,0,--,--,0,0,0,0,0,0,0,0,0,0,0,0,0,0,0,0,0,0,0,0,0,0,0,0,0,0,0,0,0,0,0,0,0,0,0,0,0,0,--,--,0,0,0,0,0,0,0,0,0,0,0,0
27/1/2026 23:55,0,0,0,0,--,--,0,0,0,0,0,0,0,0,0,0,0,0,0,0,0,0,0,0,0,0,0,0,0,0,0,0,0,0,0,0,0,0,0,0,0,0,0,0,--,--,0,0,0,0,0,0,0,0,0,0,0,0
28/1/2026 0:00,--,--,--,--,--,--,--,--,--,--,--,--,--,--,--,--,--,--,--,--,--,--,--,--,--,--,--,--,--,--,--,--,--,--,--,--,--,--,--,--,--,--,--,--,--,--,--,--,--,--,--,--,--,--,--,--,--,--
28/1/2026 0:05,--,--,--,--,--,--,--,--,--,--,--,--,--,--,--,--,--,--,--,--,--,--,--,--,--,--,--,--,--,--,--,--,--,--,--,--,--,--,--,--,--,--,--,--,--,--,--,--,--,--,--,--,--,--,--,--,--,--
28/1/2026 0:10,--,--,--,--,--,--,--,--,--,--,--,--,--,--,--,--,--,--,--,--,--,--,--,--,--,--,--,--,--,--,--,--,--,--,--,--,--,--,--,--,--,--,--,--,--,--,--,--,--,--,--,--,--,--,--,--,--,--
28/1/2026 0:15,--,--,--,--,--,--,--,--,--,--,--,--,--,--,--,--,--,--,--,--,--,--,--,--,--,--,--,--,--,--,--,--,--,--,--,--,--,--,--,--,--,--,--,--,--,--,--,--,--,--,--,--,--,--,--,--,--,--
28/1/2026 0:20,0,0,0,0,--,--,0,0,0,0,0,0,0,0,0,0,0,0,0,0,0,0,0,0,0,0,0,0,0,0,0,0,0,0,0,0,0,0,0,0,0,0,0,0,--,--,0,0,0,0,0,0,0,0,0,0,0,0
28/1/2026 0:25,0,0,0,0,--,--,0,0,0,0,0,0,0,0,0,0,0,0,0,0,0,0,0,0,0,0,0,0,0,0,0,0,0,0,0,0,0,0,0,0,0,0,0,0,--,--,0,0,0,0,0,0,0,0,0,0,0,0
28/1/2026 0:30,0,0,0,0,--,--,0,0,0,0,0,0,0,0,0,0,0,0,0,0,0,0,0,0,0,0,0,0,0,0,0,0,0,0,0,0,0,0,0,0,0,0,0,0,--,--,0,0,0,0,0,0,0,0,0,0,0,0
28/1/2026 0:35,0,0,0,0,--,--,0,0,0,0,0,0,0,0,0,0,0,0,0,0,0,0,0,0,0,0,0,0,0,0,0,0,0,0,0,0,0,0,0,0,0,0,0,0,--,--,0,0,0,0,0,0,0,0,0,0,0,0
28/1/2026 0:40,0,0,0,0,--,--,0,0,0,0,0,0,0,0,0,0,0,0,0,0,0,0,0,0,0,0,0,0,0,0,0,0,0,0,0,0,0,0,0,0,0,0,0,0,--,--,0,0,0,0,0,0,0,0,0,0,0,0
28/1/2026 0:45,0,0,0,0,--,--,0,0,0,0,0,0,0,0,0,0,0,0,0,0,0,0,0,0,0,0,0,0,0,0,0,0,0,0,0,0,0,0,0,0,0,0,0,0,--,--,0,0,0,0,0,0,0,0,0,0,0,0
28/1/2026 0:50,0,0,0,0,--,--,0,0,0,0,0,0,0,0,0,0,0,0,0,0,0,0,0,0,0,0,0,0,0,0,0,0,0,0,0,0,0,0,0,0,0,0,0,0,--,--,0,0,0,0,0,0,0,0,0,0,0,0
28/1/2026 0:55,0,0,0,0,--,--,0,0,0,0,0,0,0,0,0,0,0,0,0,0,0,0,0,0,0,0,0,0,0,0,0,0,0,0,0,0,0,0,0,0,0,0,0,0,--,--,0,0,0,0,0,0,0,0,0,0,0,0
28/1/2026 1:00,0,0,0,0,--,--,0,0,0,0,0,0,0,0,0,0,0,0,0,0,0,0,0,0,0,0,0,0,0,0,0,0,0,0,0,0,0,0,0,0,0,0,0,0,--,--,0,0,0,0,0,0,0,0,0,0,0,0
28/1/2026 1:05,0,0,0,0,--,--,0,0,0,0,0,0,0,0,0,0,0,0,0,0,0,0,0,0,0,0,0,0,0,0,0,0,0,0,0,0,0,0,0,0,0,0,0,0,--,--,0,0,0,0,0,0,0,0,0,0,0,0
28/1/2026 1:10,0,0,0,0,--,--,0,0,0,0,0,0,0,0,0,0,0,0,0,0,0,0,0,0,0,0,0,0,0,0,0,0,0,0,0,0,0,0,0,0,0,0,0,0,--,--,0,0,0,0,0,0,0,0,0,0,0,0
28/1/2026 1:15,0,0,0,0,--,--,0,0,0,0,0,0,0,0,0,0,0,0,0,0,0,0,0,0,0,0,0,0,0,0,0,0,0,0,0,0,0,0,0,0,0,0,0,0,--,--,0,0,0,0,0,0,0,0,0,0,0,0
28/1/2026 1:20,0,0,0,0,--,--,0,0,0,0,0,0,0,0,0,0,0,0,0,0,0,0,0,0,0,0,0,0,0,0,0,0,0,0,0,0,0,0,0,0,0,0,0,0,--,--,0,0,0,0,0,0,0,0,0,0,0,0
28/1/2026 1:25,0,0,0,0,--,--,0,0,0,0,0,0,0,0,0,0,0,0,0,0,0,0,0,0,0,0,0,0,0,0,0,0,0,0,0,0,0,0,0,0,0,0,0,0,--,--,0,0,0,0,0,0,0,0,0,0,0,0
28/1/2026 1:30,0,0,0,0,--,--,0,0,0,0,0,0,0,0,0,0,0,0,0,0,0,0,0,0,0,0,0,0,0,0,0,0,0,0,0,0,0,0,0,0,0,0,0,0,--,--,0,0,0,0,0,0,0,0,0,0,0,0
28/1/2026 1:35,0,0,0,0,--,--,0,0,0,0,0,0,0,0,0,0,0,0,0,0,0,0,0,0,0,0,0,0,0,0,0,0,0,0,0,0,0,0,0,0,0,0,0,0,--,--,0,0,0,0,0,0,0,0,0,0,0,0
28/1/2026 1:40,0,0,0,0,--,--,0,0,0,0,0,0,0,0,0,0,0,0,0,0,0,0,0,0,0,0,0,0,0,0,0,0,0,0,0,0,0,0,0,0,0,0,0,0,--,--,0,0,0,0,0,0,0,0,0,0,0,0
28/1/2026 1:45,0,0,0,0,--,--,0,0,0,0,0,0,0,0,0,0,0,0,0,0,0,0,0,0,0,0,0,0,0,0,0,0,0,0,0,0,0,0,0,0,0,0,0,0,--,--,0,0,0,0,0,0,0,0,0,0,0,0
28/1/2026 1:50,0,0,0,0,--,--,0,0,0,0,0,0,0,0,0,0,0,0,0,0,0,0,0,0,0,0,0,0,0,0,0,0,0,0,0,0,0,0,0,0,0,0,0,0,--,--,0,0,0,0,0,0,0,0,0,0,0,0
28/1/2026 1:55,0,0,0,0,--,--,0,0,0,0,0,0,0,0,0,0,0,0,0,0,0,0,0,0,0,0,0,0,0,0,0,0,0,0,0,0,0,0,0,0,0,0,0,0,--,--,0,0,0,0,0,0,0,0,0,0,0,0
28/1/2026 2:00,0,0,0,0,--,--,0,0,0,0,0,0,0,0,0,0,0,0,0,0,0,0,0,0,0,0,0,0,0,0,0,0,0,0,0,0,0,0,0,0,0,0,0,0,--,--,0,0,0,0,0,0,0,0,0,0,0,0
28/1/2026 2:05,0,0,0,0,--,--,0,0,0,0,0,0,0,0,0,0,0,0,0,0,0,0,0,0,0,0,0,0,0,0,0,0,0,0,0,0,0,0,0,0,0,0,0,0,--,--,0,0,0,0,0,0,0,0,0,0,0,0
28/1/2026 2:10,0,0,0,0,--,--,0,0,0,0,0,0,0,0,0,0,0,0,0,0,0,0,0,0,0,0,0,0,0,0,0,0,0,0,0,0,0,0,0,0,0,0,0,0,--,--,0,0,0,0,0,0,0,0,0,0,0,0
28/1/2026 2:15,0,0,0,0,--,--,0,0,0,0,0,0,0,0,0,0,0,0,0,0,0,0,0,0,0,0,0,0,0,0,0,0,0,0,0,0,0,0,0,0,0,0,0,0,--,--,0,0,0,0,0,0,0,0,0,0,0,0
28/1/2026 2:20,0,0,0,0,--,--,0,0,0,0,0,0,0,0,0,0,0,0,0,0,0,0,0,0,0,0,0,0,0,0,0,0,0,0,0,0,0,0,0,0,0,0,0,0,--,--,0,0,0,0,0,0,0,0,0,0,0,0
28/1/2026 2:25,0,0,0,0,--,--,0,0,0,0,0,0,0,0,0,0,0,0,0,0,0,0,0,0,0,0,0,0,0,0,0,0,0,0,0,0,0,0,0,0,0,0,0,0,--,--,0,0,0,0,0,0,0,0,0,0,0,0
28/1/2026 2:30,0,0,0,0,--,--,0,0,0,0,0,0,0,0,0,0,0,0,0,0,0,0,0,0,0,0,0,0,0,0,0,0,0,0,0,0,0,0,0,0,0,0,0,0,--,--,0,0,0,0,0,0,0,0,0,0,0,0
28/1/2026 2:35,0,0,0,0,--,--,0,0,0,0,0,0,0,0,0,0,0,0,0,0,0,0,0,0,0,0,0,0,0,0,0,0,0,0,0,0,0,0,0,0,0,0,0,0,--,--,0,0,0,0,0,0,0,0,0,0,0,0
28/1/2026 2:40,0,0,0,0,--,--,0,0,0,0,0,0,0,0,0,0,0,0,0,0,0,0,0,0,0,0,0,0,0,0,0,0,0,0,0,0,0,0,0,0,0,0,0,0,--,--,0,0,0,0,0,0,0,0,0,0,0,0
28/1/2026 2:45,0,0,0,0,--,--,0,0,0,0,0,0,0,0,0,0,0,0,0,0,0,0,0,0,0,0,0,0,0,0,0,0,0,0,0,0,0,0,0,0,0,0,0,0,--,--,0,0,0,0,0,0,0,0,0,0,0,0
28/1/2026 2:50,0,0,0,0,--,--,0,0,0,0,0,0,0,0,0,0,0,0,0,0,0,0,0,0,0,0,0,0,0,0,0,0,0,0,0,0,0,0,0,0,0,0,0,0,--,--,0,0,0,0,0,0,0,0,0,0,0,0
28/1/2026 2:55,0,0,0,0,--,--,0,0,0,0,0,0,0,0,0,0,0,0,0,0,0,0,0,0,0,0,0,0,0,0,0,0,0,0,0,0,0,0,0,0,0,0,0,0,--,--,0,0,0,0,0,0,0,0,0,0,0,0
28/1/2026 3:00,0,0,0,0,--,--,0,0,0,0,0,0,0,0,0,0,0,0,0,0,0,0,0,0,0,0,0,0,0,0,0,0,0,0,0,0,0,0,0,0,0,0,0,0,--,--,0,0,0,0,0,0,0,0,0,0,0,0
28/1/2026 3:05,0,0,0,0,--,--,0,0,0,0,0,0,0,0,0,0,0,0,0,0,0,0,0,0,0,0,0,0,0,0,0,0,0,0,0,0,0,0,0,0,0,0,0,0,--,--,0,0,0,0,0,0,0,0,0,0,0,0
28/1/2026 3:10,0,0,0,0,--,--,0,0,0,0,0,0,0,0,0,0,0,0,0,0,0,0,0,0,0,0,0,0,0,0,0,0,0,0,0,0,0,0,0,0,0,0,0,0,--,--,0,0,0,0,0,0,0,0,0,0,0,0
28/1/2026 3:15,0,0,0,0,--,--,0,0,0,0,0,0,0,0,0,0,0,0,0,0,0,0,0,0,0,0,0,0,0,0,0,0,0,0,0,0,0,0,0,0,0,0,0,0,--,--,0,0,0,0,0,0,0,0,0,0,0,0
28/1/2026 3:20,0,0,0,0,--,--,0,0,0,0,0,0,0,0,0,0,0,0,0,0,0,0,0,0,0,0,0,0,0,0,0,0,0,0,0,0,0,0,0,0,0,0,0,0,--,--,0,0,0,0,0,0,0,0,0,0,0,0
28/1/2026 3:25,0,0,0,0,--,--,0,0,0,0,0,0,0,0,0,0,0,0,0,0,0,0,0,0,0,0,0,0,0,0,0,0,0,0,0,0,0,0,0,0,0,0,0,0,--,--,0,0,0,0,0,0,0,0,0,0,0,0
28/1/2026 3:30,0,0,0,0,--,--,0,0,0,0,0,0,0,0,0,0,0,0,0,0,0,0,0,0,0,0,0,0,0,0,0,0,0,0,0,0,0,0,0,0,0,0,0,0,--,--,0,0,0,0,0,0,0,0,0,0,0,0
28/1/2026 3:35,0,0,0,0,--,--,0,0,0,0,0,0,0,0,0,0,0,0,0,0,0,0,0,0,0,0,0,0,0,0,0,0,0,0,0,0,0,0,0,0,0,0,0,0,--,--,0,0,0,0,0,0,0,0,0,0,0,0
28/1/2026 3:40,0,0,0,0,--,--,0,0,0,0,0,0,0,0,0,0,0,0,0,0,0,0,0,0,0,0,0,0,0,0,0,0,0,0,0,0,0,0,0,0,0,0,0,0,--,--,0,0,0,0,0,0,0,0,0,0,0,0
28/1/2026 3:45,0,0,0,0,--,--,0,0,0,0,0,0,0,0,0,0,0,0,0,0,0,0,0,0,0,0,0,0,0,0,0,0,0,0,0,0,0,0,0,0,0,0,0,0,--,--,0,0,0,0,0,0,0,0,0,0,0,0
28/1/2026 3:50,0,0,0,0,--,--,0,0,0,0,0,0,0,0,0,0,0,0,0,0,0,0,0,0,0,0,0,0,0,0,0,0,0,0,0,0,0,0,0,0,0,0,0,0,--,--,0,0,0,0,0,0,0,0,0,0,0,0
28/1/2026 3:55,0,0,0,0,--,--,0,0,0,0,0,0,0,0,0,0,0,0,0,0,0,0,0,0,0,0,0,0,0,0,0,0,0,0,0,0,0,0,0,0,0,0,0,0,--,--,0,0,0,0,0,0,0,0,0,0,0,0
28/1/2026 4:00,0,0,0,0,--,--,0,0,0,0,0,0,0,0,0,0,0,0,0,0,0,0,0,0,0,0,0,0,0,0,0,0,0,0,0,0,0,0,0,0,0,0,0,0,--,--,0,0,0,0,0,0,0,0,0,0,0,0
28/1/2026 4:05,0,0,0,0,--,--,0,0,0,0,0,0,0,0,0,0,0,0,0,0,0,0,0,0,0,0,0,0,0,0,0,0,0,0,0,0,0,0,0,0,0,0,0,0,--,--,0,0,0,0,0,0,0,0,0,0,0,0
28/1/2026 4:10,0,0,0,0,--,--,0,0,0,0,0,0,0,0,0,0,0,0,0,0,0,0,0,0,0,0,0,0,0,0,0,0,0,0,0,0,0,0,0,0,0,0,0,0,--,--,0,0,0,0,0,0,0,0,0,0,0,0
28/1/2026 4:15,0,0,0,0,--,--,0,0,0,0,0,0,0,0,0,0,0,0,0,0,0,0,0,0,0,0,0,0,0,0,0,0,0,0,0,0,0,0,0,0,0,0,0,0,--,--,0,0,0,0,0,0,0,0,0,0,0,0
28/1/2026 4:20,0,0,0,0,--,--,0,0,0,0,0,0,0,0,0,0,0,0,0,0,0,0,0,0,0,0,0,0,0,0,0,0,0,0,0,0,0,0,0,0,0,0,0,0,--,--,0,0,0,0,0,0,0,0,0,0,0,0
28/1/2026 4:25,0,0,0,0,--,--,0,0,0,0,0,0,0,0,0,0,0,0,0,0,0,0,0,0,0,0,0,0,0,0,0,0,0,0,0,0,0,0,0,0,0,0,0,0,--,--,0,0,0,0,0,0,0,0,0,0,0,0
28/1/2026 4:30,0,0,0,0,--,--,0,0,0,0,0,0,0,0,0,0,0,0,0,0,0,0,0,0,0,0,0,0,0,0,0,0,0,0,0,0,0,0,0,0,0,0,0,0,--,--,0,0,0,0,0,0,0,0,0,0,0,0
28/1/2026 4:35,0,0,0,0,--,--,0,0,0,0,0,0,0,0,0,0,0,0,0,0,0,0,0,0,0,0,0,0,0,0,0,0,0,0,0,0,0,0,0,0,0,0,0,0,--,--,0,0,0,0,0,0,0,0,0,0,0,0
28/1/2026 4:40,0,0,0,0,--,--,0,0,0,0,0,0,0,0,0,0,0,0,0,0,0,0,0,0,0,0,0,0,0,0,0,0,0,0,0,0,0,0,0,0,0,0,0,0,--,--,0,0,0,0,0,0,0,0,0,0,0,0
28/1/2026 4:45,0,0,0,0,--,--,0,0,0,0,0,0,0,0,0,0,0,0,0,0,0,0,0,0,0,0,0,0,0,0,0,0,0,0,0,0,0,0,0,0,0,0,0,0,--,--,0,0,0,0,0,0,0,0,0,0,0,0
28/1/2026 4:50,0,0,0,0,--,--,0,0,0,0,0,0,0,0,0,0,0,0,0,0,0,0,0,0,0,0,0,0,0,0,0,0,0,0,0,0,0,0,0,0,0,0,0,0,--,--,0,0,0,0,0,0,0,0,0,0,0,0
28/1/2026 4:55,0,0,0,0,--,--,0,0,0,0,0,0,0,0,0,0,0,0,0,0,0,0,0,0,0,0,0,0,0,0,0,0,0,0,0,0,0,0,0,0,0,0,0,0,--,--,0,0,0,0,0,0,0,0,0,0,0,0
28/1/2026 5:00,0,0,0,0,--,--,0,0,0,0,0,0,0,0,0,0,0,0,0,0,0,0,0,0,0,0,0,0,0,0,0,0,0,0,0,0,0,0,0,0,0,0,0,0,--,--,0,0,0,0,0,0,0,0,0,0,0,0
28/1/2026 5:05,0,0,0,0,--,--,0,0,0,0,0,0,0,0,0,0,0,0,0,0,0,0,0,0,0,0,0,0,0,0,0,0,0,0,0,0,0,0,0,0,0,0,0,0,--,--,0,0,0,0,0,0,0,0,0,0,0,0
28/1/2026 5:10,0,0,0,0,--,--,0,0,0,0,0,0,0,0,0,0,0,0,0,0,0,0,0,0,0,0,0,0,0,0,0,0,0,0,0,0,0,0,0,0,0,0,0,0,--,--,0,0,0,0,0,0,0,0,0,0,0,0
28/1/2026 5:15,0,0,0,0,--,--,0,0,0,0,0,0,0,0,0,0,0,0,0,0,0,0,0,0,0,0,0,0,0,0,0,0,0,0,0,0,0,0,0,0,0,0,0,0,--,--,0,0,0,0,0,0,0,0,0,0,0,0
28/1/2026 5:20,0,0,0,0,--,--,0,0,0,0,0,0,0,0,0,0,0,0,0,0,0,0,0,0,0,0,0,0,0,0,0,0,0,0,0,0,0,0,0,0,0,0,0,0,--,--,0,0,0,0,0,0,0,0,0,0,0,0
28/1/2026 5:25,0,0,0,0,--,--,0,0,0,0,0,0,0,0,0,0,0,0,0,0,0,0,0,0,0,0,0,0,0,0,0,0,0,0,0,0,0,0,0,0,0,0,0,0,--,--,0,0,0,0,0,0,0,0,0,0,0,0
28/1/2026 5:30,0,0,0,0,--,--,0,0,0,0,0,0,0,0,0,0,0,0,0,0,0,0,0,0,0,0,0,0,0,0,0,0,0,0,0,0,0,0,0,0,0,0,0,0,--,--,0,0,0,0,0,0,0,0,0,0,0,0
28/1/2026 5:35,0,0,0,0,--,--,0,0,0,0,0,0,0,0,0,0,0,0,0,0,0,0,0,0,0,0,0,0,0,0,0,0,0,0,0,0,0,0,0,0,0,0,0,0,--,--,0,0,0,0,0,0,0,0,0,0,0,0
28/1/2026 5:40,0,0,0,0,--,--,0,0,0,0,0,0,0,0,0,0,0,0,0,0,0,0,0,0,0,0,0,0,0,0,0,0,0,0,0,0,0,0,0,0,0,0,0,0,--,--,0,0,0,0,0,0,0,0,0,0,0,0
28/1/2026 5:45,0,0,0,0,--,--,0,0,0,0,0,0,0,0,0,0,0,0,0,0,0,0,0,0,0,0,0,0,0,0,0,0,0,0,0,0,0,0,0,0,0,0,0,0,--,--,0,0,0,0,0,0,0,0,0,0,0,0
28/1/2026 5:50,0,0,0,0,--,--,0,0,0,0,0,0,0,0,0,0,0,0,0,0,0,0,0,0,0,0,0,0,0,0,0,0,0,0,0,0,0,0,0,0,0,0,0,0,--,--,0,0,0,0,0,0,0,0,0,0,0,0
28/1/2026 5:55,0,0,0,0,--,--,0,0,0,0,0,0,0,0,0,0,0,0,0,0,0,0,0,0,0,0,0,0,0,0,0,0,0,0,0,0,0,0,0,0,0,0,0,0,--,--,0,0,0,0,0,0,0,0,0,0,0,0
28/1/2026 6:00,0,0,0,0,--,--,0,0,0,0,0,0,0,0,0,0,0,0,0,0,0,0,0,0,0,0,0,0,0,0,0,0,0,0,0,0,0,0,0,0,0,0,0,0,--,--,0,0,0,0,0,0,0,0,0,0,0,0
28/1/2026 6:05,0,0,0,0,--,--,0,0,0,0,0,0,0,0,0,0,0,0,0,0,0,0,0,0,0,0,0,0,0,0,0,0,0,0,0,0,0,0,0,0,0,0,0,0,--,--,0,0,0,0,0,0,0,0,0,0,0,0
28/1/2026 6:10,0,0,0,0,--,--,0,0,0,0,0,0,0,0,0,0,0,0,0,0,0,0,0,0,0,0,0,0,0,0,0,0,0,0,0,0,0,0,0,0,0,0,0,0,--,--,0,0,0,0,0,0,0,0,0,0,0,0
28/1/2026 6:15,0,0,0,0,--,--,0,0,0,0,0,0,0,0,0,0,0,0,0,0,0,0,0,0,0,0,0,0,0,0,0,0,0,0,0,0,0,0,0,0,0,0,0,0,--,--,0,0,0,0,0,0,0,0,0,0,0,0
28/1/2026 6:20,0,0,0,0,--,--,0,0,0,0,0,0,0,0,0,0,0,0,0,0,0,0,0,0,0,0,0,0,0,0,0,0,0,0,0,0,0,0,0,0,0,0,0,0,--,--,0,0,0,0,0,0,0,0,0,0,0,0
28/1/2026 6:25,0,0,0,0,--,--,0,0,0,0,0,0,0,0,0,0,0,0,0,0,0,0,0,0,0,0,0,0,0,0,0,0,0,0,0,0,0,0,0,0,0,0,0,0,--,--,0,0,0,0,0,0,0,0,0,0,0,0
28/1/2026 6:30,0,0,0,0,--,--,0,0,0,0,0,0,0,0,0,0,0,0,0,0,0,0,0,0,0,0,0,0,0,0,0,0,0,0,0,0,0,0,0,0,0,0,0,0,--,--,0,0,0,0,0,0,0,0,0,0,0,0
28/1/2026 6:35,0,0,0,0,--,--,0,0,0,0,0,0,0,0,0,0,0,0,0,0,0,0,0,0,0,0,0,0,0,0,0,0,0,0,0,0,0,0,0,0,0,0,0,0,--,--,0,0,0,0,0,0,0,0,0,0,0,0
28/1/2026 6:40,0,0,0,0,--,--,0,0,0,0,0,0,0,0,0,0,0,0,0,0,0,0,0,0,0,0,0,0,0,0,0,0,0,0,0,0,0,0,0,0,0,0,0,0,--,--,0,0,0,0,0,0,0,0,0,0,0,0
28/1/2026 6:45,0,0,0,0,--,--,0,0,0,0,0,0,0,0,0,0,0,0,0,0,0,0,0,0,0,0,0,0,0,0,0,0,0,0,0,0,0,0,0,0,0,0,0,0,--,--,0,0,0,0,0,0,0,0,0,0,0,0
28/1/2026 6:50,0,0,0,0,--,--,0,0,0,0,0,0,0,0,0,0,0,0,0,0,0,0,0,0,0,0,0,0,0,0,0,0,0,0,0,0,0,0,0,0,0,0,0,0,--,--,0,0,0,0,0,0,0,0,0,0,0,0
28/1/2026 6:55,0,0,0,0,--,--,0,0,0,0,0,0,0,0,0,0,0,0,0,0,0,0,0,0,0,0,0,0,0,0,0,0,0,0,0,0,0,0,0,0,0,0,0,0,--,--,0,0,0,0,0,0,0,0,0,0,0,0
28/1/2026 7:00,0,0,0,0,--,--,0,0,0,0,0,0,0,0,0,0,0,0,0,0,0,0,0,0,0,0,0,0,0,0,0,0,0,0,0,0,0,0,0,0,0,0,0,0,--,--,0,0,0,0,0,0,0,0,0,0,0,0
28/1/2026 7:05,0,0,0,0,--,--,0,0,0,0,0,0,0,0,0,0,0,0,0,0,0,0,0,0,0,0,0,0,0,0,0,0,0,0,0,0,0,0,0,0,0,0,0,0,--,--,0,0,0,0,0,0,0,0,0,0,0,0
28/1/2026 7:10,0,0,0,0,--,--,0,0,0,0,0,0,0,0,0,0,0,0,0,0,0,0,0,0,0,0,0,0,0,0,0,0,0,0,0,0,0,0,0,0,0,0,0,0,--,--,0,0,0,0,0,0,0,0,0,0,0,0
28/1/2026 7:15,0,0,0,0,--,--,0,0,0,0,0,0,0,0,0,0,0,0,0,0,0,0,0,0,0,0,0,0,0,0,0,0,0,0,0,0,0,0,0,0,0,0,0,0,--,--,0,0,0,0,0,0,0,0,0,0,0,0
28/1/2026 7:20,0,0,0,0,0,0,0,0,0,0,0,0,0,0,0,0,0,0,0,0,0,0,0,0,0,0,0,0,0,0,0,0,0,0,0,0,0,0,0,0,0,0,0,0,0,0,0,0,0,0,0,0,0,0,0,0,0,0
28/1/2026 7:25,0,0,0,0,0,0,0,0,0,0,0,0,0,0,0,0,0,0,0,0,0,0,0,0,0,0,0,0,0,0,0,0,0,0,0,0,0,0,0,0,0,0,0,0,0,0,0,0,0,0,0,0,0,0,0,0,0,0
28/1/2026 7:30,0,0,0,0,0,0,0,0,0,0,0,0,0,0,0,0,0,0,0,0,0,0,0,0,0,0,0,0,0,0,0,0,0,0,0,0,0,0,0,0,0,0,0,0,0,0,0,0,0,0,0,0,0,0,0,0,0,0
28/1/2026 7:35,0,0,0,0,5.428,5.28,0,0,0,0,0,0,0,0,0,0,0,0,13.994,13.652,0,0,0,0,0,0,13.302,12.976,0,0,0,0,12.098,11.8,13.404,13.076,12.119,11.82,0,0,0,0,11.124,10.848,0,0,0,0,0,0,0,0,0,0,0,0,13.363,13.036
28/1/2026 7:40,0,0,0,0,5.428,5.28,0,0,0,0,0,0,0,0,0,0,0,0,13.994,13.652,0,0,0,0,0,0,13.302,12.976,0,0,0,0,12.098,11.8,13.404,13.076,12.119,11.82,0,0,0,0,11.124,10.848,0,0,0,0,0,0,0,0,0,0,0,0,13.363,13.036
28/1/2026 7:45,0,0,0,0,5.428,5.28,0,0,0,0,0,0,0,0,0,0,0,0,13.994,13.652,0,0,0,0,0,0,13.302,12.976,0,0,0,0,12.098,11.8,13.404,13.076,12.119,11.82,0,0,0,0,11.124,10.848,0,0,0,0,0,0,0,0,0,0,0,0,13.363,13.036
28/1/2026 7:50,0,0,0,0,23.776,23.212,0,0,0,0,0,0,0,0,0,0,0,0,48.419,47.388,0,0,0,0,0,0,50,48.972,0,0,0,0,49.159,48.164,47.965,47.148,44.874,43.96,0,0,0,0,47.518,46.58,0,0,0,0,0,0,0,0,0,0,0,0,50.257,49.212
28/1/2026 7:55,0,0,0,0,23.776,23.212,0,0,0,0,0,0,0,0,0,0,0,0,48.419,47.388,0,0,0,0,0,0,50,48.972,0,0,0,0,49.159,48.164,47.965,47.148,44.874,43.96,0,0,0,0,47.518,46.58,0,0,0,0,0,0,0,0,0,0,0,0,50.257,49.212
28/1/2026 8:00,0,0,0,0,23.776,23.212,0,0,0,0,0,0,0,0,0,0,0,0,48.419,47.388,0,0,0,0,0,0,50,48.972,0,0,0,0,49.159,48.164,47.965,47.148,44.874,43.96,0,0,0,0,47.518,46.58,0,0,0,0,0,0,0,0,0,0,0,0,50.257,49.212
28/1/2026 8:05,0,0,0,0,38.114,37.276,0,0,0,0,0,0,0,0,0,0,0,0,84.196,82.808,0,0,0,0,0,0,82.82,81.452,0,0,0,0,80.789,79.56,83.96,82.692,77.635,76.34,0,0,0,0,75.86,74.692,0,0,0,0,0,0,0,0,0,0,0,0,81.928,80.572
28/1/2026 8:10,0,0,0,0,38.114,37.276,0,0,0,0,0,0,0,0,0,0,0,0,84.196,82.808,0,0,0,0,0,0,82.82,81.452,0,0,0,0,80.789,79.56,83.96,82.692,77.635,76.34,0,0,0,0,75.86,74.692,0,0,0,0,0,0,0,0,0,0,0,0,81.928,80.572
28/1/2026 8:15,0,0,0,0,38.114,37.276,0,0,0,0,0,0,0,0,0,0,0,0,84.196,82.808,0,0,0,0,0,0,82.82,81.452,0,0,0,0,80.789,79.56,83.96,82.692,77.635,76.34,0,0,0,0,75.86,74.692,0,0,0,0,0,0,0,0,0,0,0,0,81.928,80.572
28/1/2026 8:20,0,0,0,0,67.881,66.728,0,0,0,0,0,0,0,0,0,0,0,0,144.718,142.532,0,0,0,0,0,0,144.41,142.228,0,0,0,0,140.127,138.004,144.037,141.86,132.194,130.504,0,0,0,0,133.061,131.328,0,0,0,0,0,0,0,0,0,0,0,0,144.362,140.568
28/1/2026 8:25,0,0,0,0,67.881,66.728,0,0,0,0,0,0,0,0,0,0,0,0,144.718,142.532,0,0,0,0,0,0,144.41,142.228,0,0,0,0,140.127,138.004,144.037,141.86,132.194,130.504,0,0,0,0,133.061,131.328,0,0,0,0,0,0,0,0,0,0,0,0,144.362,140.568
28/1/2026 8:30,0,0,0,0,67.881,66.728,0,0,0,0,0,0,0,0,0,0,0,0,144.718,142.532,0,0,0,0,0,0,144.41,142.228,0,0,0,0,140.127,138.004,144.037,141.86,132.194,130.504,0,0,0,0,133.061,131.328,0,0,0,0,0,0,0,0,0,0,0,0,144.362,140.568
28/1/2026 8:35,155.508,153.316,159.297,157.04,145.851,143.712,0,0,154.27,152.1,0,0,154.889,152.708,0,0,158.255,155.856,156.366,154.02,0,0,0,0,0,0,154.922,152.596,0,0,0,0,159.472,157.084,160.705,160.516,155.977,153.636,0,0,0,0,155.267,152.936,0,0,0,0,0,0,0,0,0,0,162.891,160.576,158.81,156.404
28/1/2026 8:40,155.508,153.316,159.297,157.04,145.851,143.712,0,0,154.27,152.1,0,0,154.889,152.708,0,0,158.255,155.856,156.366,154.02,0,0,0,0,0,0,154.922,152.596,0,0,0,0,159.472,157.084,160.705,160.516,155.977,153.636,0,0,0,0,155.267,152.936,0,0,0,0,0,0,0,0,0,0,162.891,160.576,158.81,156.404
28/1/2026 8:45,155.508,153.316,159.297,157.04,145.851,143.712,0,0,154.27,152.1,0,0,154.889,152.708,0,0,158.255,155.856,156.366,154.02,0,0,0,0,0,0,154.922,152.596,0,0,0,0,159.472,157.084,160.705,160.516,155.977,153.636,0,0,0,0,155.267,152.936,0,0,0,0,0,0,0,0,0,0,162.891,160.576,158.81,156.404
28/1/2026 8:50,186.073,183.208,180.488,177.72,133.98,131.94,172.728,170.092,173.086,170.444,185.124,182.276,184.172,181.34,178.425,175.692,183.407,180.588,186.651,183.776,0,0,166.877,164.34,0,0,184.839,181.996,0,0,186.004,183.14,181.188,178.408,186.427,182.984,167.939,165.384,0,0,185.959,183.096,174.449,172.584,133.854,131.768,0,0,0,0,0,0,185.576,182.72,186.178,183.312,184.209,181.376
28/1/2026 8:55,186.073,183.208,180.488,177.72,133.98,131.94,172.728,170.092,173.086,170.444,185.124,182.276,184.172,181.34,178.425,175.692,183.407,180.588,186.651,183.776,0,0,166.877,164.34,0,0,184.839,181.996,0,0,186.004,183.14,181.188,178.408,186.427,182.984,167.939,165.384,0,0,185.959,183.096,174.449,172.584,133.854,131.768,0,0,0,0,0,0,185.576,182.72,186.178,183.312,184.209,181.376
28/1/2026 9:00,186.073,183.208,180.488,177.72,133.98,131.94,172.728,170.092,173.086,170.444,185.124,182.276,184.172,181.34,178.425,175.692,183.407,180.588,186.651,183.776,0,0,166.877,164.34,0,0,184.839,181.996,0,0,186.004,183.14,181.188,178.408,186.427,182.984,167.939,165.384,0,0,185.959,183.096,174.449,172.584,133.854,131.768,0,0,0,0,0,0,185.576,182.72,186.178,183.312,184.209,181.376
28/1/2026 9:05,193.571,190.576,111.669,109.856,112.187,110.368,104.778,103.052,98.329,96.688,196.172,193.132,194.137,191.132,121.076,119.148,181.506,178.72,196.257,193.216,197.087,194.032,155.153,152.792,181.783,178.992,192.598,189.62,156.716,154.336,184.372,181.536,154.362,106.996,161.124,158.684,143.006,139.768,190.302,187.364,162.104,159.648,99.416,97.76,114.949,113.096,103.274,101.568,161.311,158.868,127.341,125.34,192.211,189.24,161.584,159.136,180.883,178.916
28/1/2026 9:10,193.571,190.576,111.669,109.856,112.187,110.368,104.778,103.052,98.329,96.688,196.172,193.132,194.137,191.132,121.076,119.148,181.506,178.72,196.257,193.216,197.087,194.032,155.153,152.792,181.783,178.992,192.598,189.62,156.716,154.336,184.372,181.536,154.362,106.996,161.124,158.684,143.006,139.768,190.302,187.364,162.104,159.648,99.416,97.76,114.949,113.096,103.274,101.568,161.311,158.868,127.341,125.34,192.211,189.24,161.584,159.136,180.883,178.916
28/1/2026 9:15,193.571,190.576,111.669,109.856,112.187,110.368,104.778,103.052,98.329,96.688,196.172,193.132,194.137,191.132,121.076,119.148,181.506,178.72,196.257,193.216,197.087,194.032,155.153,152.792,181.783,178.992,192.598,189.62,156.716,154.336,184.372,181.536,154.362,106.996,161.124,158.684,143.006,139.768,190.302,187.364,162.104,159.648,99.416,97.76,114.949,113.096,103.274,101.568,161.311,158.868,127.341,125.34,192.211,189.24,161.584,159.136,180.883,178.916
28/1/2026 9:20,239.736,235.928,229.7,226.072,226.396,222.828,223.896,220.372,223.212,219.7,238.505,234.72,236.542,232.792,226.482,222.912,235.764,232.028,239.214,235.912,239.328,235.528,196.224,193.184,236.453,232.704,238.758,234.968,193.965,190.964,239.919,236.108,229.83,226.2,230.424,226.784,207.467,204.232,237.398,233.632,239.19,235.392,224.706,221.164,228.09,224.492,223.644,220.124,239.528,235.724,227.655,224.064,239.389,235.588,233.23,229.54,235.797,232.208
28/1/2026 9:25,239.736,235.928,229.7,226.072,226.396,222.828,223.896,220.372,223.212,219.7,238.505,234.72,236.542,232.792,226.482,222.912,235.764,232.028,239.214,235.912,239.328,235.528,196.224,193.184,236.453,232.704,238.758,234.968,193.965,190.964,239.919,236.108,229.83,226.2,230.424,226.784,207.467,204.232,237.398,233.632,239.19,235.392,224.706,221.164,228.09,224.492,223.644,220.124,239.528,235.724,227.655,224.064,239.389,235.588,233.23,229.54,235.797,232.208
28/1/2026 9:30,239.736,235.928,229.7,226.072,226.396,222.828,223.896,220.372,223.212,219.7,238.505,234.72,236.542,232.792,226.482,222.912,235.764,232.028,239.214,235.912,239.328,235.528,196.224,193.184,236.453,232.704,238.758,234.968,193.965,190.964,239.919,236.108,229.83,226.2,230.424,226.784,207.467,204.232,237.398,233.632,239.19,235.392,224.706,221.164,228.09,224.492,223.644,220.124,239.528,235.724,227.655,224.064,239.389,235.588,233.23,229.54,235.797,232.208
28/1/2026 9:35,177.42,174.704,280.447,275.888,125.037,122.404,253.959,249.892,258.074,253.932,158.676,156.272,162.296,159.836,276.224,271.744,267.709,263.388,167.975,165.42,158.672,156.268,196.696,193.648,262.227,258.008,172.78,170.144,191.076,188.124,266.364,262.068,280.834,276.268,215.426,212.052,211.375,203.712,182.8,179.992,193.119,190.132,259.089,254.928,125.39,123.412,254.15,250.08,188.271,185.368,277.43,272.928,181.836,179.044,207.475,204.24,267.636,263.316
28/1/2026 9:40,177.42,174.704,280.447,275.888,125.037,122.404,253.959,249.892,258.074,253.932,158.676,156.272,162.296,159.836,276.224,271.744,267.709,263.388,167.975,165.42,158.672,156.268,196.696,193.648,262.227,258.008,172.78,170.144,191.076,188.124,266.364,262.068,280.834,276.268,215.426,212.052,211.375,203.712,182.8,179.992,193.119,190.132,259.089,254.928,125.39,123.412,254.15,250.08,188.271,185.368,277.43,272.928,181.836,179.044,207.475,204.24,267.636,263.316
28/1/2026 9:45,177.42,174.704,280.447,275.888,125.037,122.404,253.959,249.892,258.074,253.932,158.676,156.272,162.296,159.836,276.224,271.744,267.709,263.388,167.975,165.42,158.672,156.268,196.696,193.648,262.227,258.008,172.78,170.144,191.076,188.124,266.364,262.068,280.834,276.268,215.426,212.052,211.375,203.712,182.8,179.992,193.119,190.132,259.089,254.928,125.39,123.412,254.15,250.08,188.271,185.368,277.43,272.928,181.836,179.044,207.475,204.24,267.636,263.316
28/1/2026 9:50,262.533,258.308,260.674,256.484,189.821,186.892,213.961,210.612,201.247,198.12,319.094,313.792,310.074,304.948,283.272,278.66,247.374,243.428,314.667,306.916,320.31,314.984,327.24,321.764,208.338,205.088,259.199,255.036,329.53,324.004,205.635,202.432,260.617,256.428,380.354,373.672,330.99,325.432,231.822,228.156,361.97,355.716,205.334,198.14,190.924,187.976,213.973,210.624,367.592,361.208,285.984,281.32,232.722,229.04,382.185,375.46,248.915,244.94
28/1/2026 9:55,262.533,258.308,260.674,256.484,189.821,186.892,213.961,210.612,201.247,198.12,319.094,313.792,310.074,304.948,283.272,278.66,247.374,243.428,314.667,306.916,320.31,314.984,327.24,321.764,208.338,205.088,259.199,255.036,329.53,324.004,205.635,202.432,260.617,256.428,380.354,373.672,330.99,325.432,231.822,228.156,361.97,355.716,205.334,198.14,190.924,187.976,213.973,210.624,367.592,361.208,285.984,281.32,232.722,229.04,382.185,375.46,248.915,244.94
28/1/2026 10:00,262.533,258.308,260.674,256.484,189.821,186.892,213.961,210.612,201.247,198.12,319.094,313.792,310.074,304.948,283.272,278.66,247.374,243.428,314.667,306.916,320.31,314.984,327.24,321.764,208.338,205.088,259.199,255.036,329.53,324.004,205.635,202.432,260.617,256.428,380.354,373.672,330.99,325.432,231.822,228.156,361.97,355.716,205.334,198.14,190.924,187.976,213.973,210.624,367.592,361.208,285.984,281.32,232.722,229.04,382.185,375.46,248.915,244.94
28/1/2026 10:05,257.067,252.944,154.726,152.372,294.749,289.252,148.13,145.86,149.237,146.952,146.126,143.88,169.277,166.7,169.719,167.136,232.729,229.048,173.004,170.364,146.494,144.244,321.912,316.552,255.07,250.984,254.737,250.656,322.48,317.108,253.135,249.084,152.607,150.28,350.046,330.272,320.738,317.424,247.403,243.456,305.088,300.06,150.979,148.672,296.527,291.664,148.09,145.82,310.367,305.236,171.538,168.924,248.674,244.704,342.983,337.16,229.52,225.896
28/1/2026 10:10,257.067,252.944,154.726,152.372,294.749,289.252,148.13,145.86,149.237,146.952,146.126,143.88,169.277,166.7,169.719,167.136,232.729,229.048,173.004,170.364,146.494,144.244,321.912,316.552,255.07,250.984,254.737,250.656,322.48,317.108,253.135,249.084,152.607,150.28,350.046,330.272,320.738,317.424,247.403,243.456,305.088,300.06,150.979,148.672,296.527,291.664,148.09,145.82,310.367,305.236,171.538,168.924,248.674,244.704,342.983,337.16,229.52,225.896
28/1/2026 10:15,257.067,252.944,154.726,152.372,294.749,289.252,148.13,145.86,149.237,146.952,146.126,143.88,169.277,166.7,169.719,167.136,232.729,229.048,173.004,170.364,146.494,144.244,321.912,316.552,255.07,250.984,254.737,250.656,322.48,317.108,253.135,249.084,152.607,150.28,350.046,330.272,320.738,317.424,247.403,243.456,305.088,300.06,150.979,148.672,296.527,291.664,148.09,145.82,310.367,305.236,171.538,168.924,248.674,244.704,342.983,337.16,229.52,225.896
28/1/2026 10:20,298.571,293.668,290.309,285.564,285.909,280.2,284.642,280.004,282.093,277.504,292.898,288.104,303.29,298.296,290.33,285.584,292.78,287.988,306.386,301.332,296.051,291.196,261.293,257.092,295.839,290.988,295.835,292.216,262.332,258.112,300.651,295.708,290.44,285.692,301.181,296.228,270.479,266.108,299.313,294.396,291.903,287.128,286.57,278.608,287.283,282.596,284.874,280.232,293.327,288.524,292.817,288.024,301.508,296.548,301.96,296.992,293.482,288.676
28/1/2026 10:25,298.571,293.668,290.309,285.564,285.909,280.2,284.642,280.004,282.093,277.504,292.898,288.104,303.29,298.296,290.33,285.584,292.78,287.988,306.386,301.332,296.051,291.196,261.293,257.092,295.839,290.988,295.835,292.216,262.332,258.112,300.651,295.708,290.44,285.692,301.181,296.228,270.479,266.108,299.313,294.396,291.903,287.128,286.57,278.608,287.283,282.596,284.874,280.232,293.327,288.524,292.817,288.024,301.508,296.548,301.96,296.992,293.482,288.676
28/1/2026 10:30,298.571,293.668,290.309,285.564,285.909,280.2,284.642,280.004,282.093,277.504,292.898,288.104,303.29,298.296,290.33,285.584,292.78,287.988,306.386,301.332,296.051,291.196,261.293,257.092,295.839,290.988,295.835,292.216,262.332,258.112,300.651,295.708,290.44,285.692,301.181,296.228,270.479,266.108,299.313,294.396,291.903,287.128,286.57,278.608,287.283,282.596,284.874,280.232,293.327,288.524,292.817,288.024,301.508,296.548,301.96,296.992,293.482,288.676
28/1/2026 10:35,401.649,394.46,398.374,391.264,384.055,377.288,385.756,378.948,385.301,378.504,399.931,392.784,395.894,388.844,398.87,391.748,399.62,392.48,399.075,391.948,399.48,392.344,367.349,360.972,400.718,393.552,398.767,391.648,367.635,361.252,409.279,401.904,399.685,392.544,401.284,394.9,367.312,360.936,397.579,390.488,401.046,393.872,388.046,381.184,388.034,381.172,387.178,380.336,402.641,395.428,401.214,394.036,400.677,393.512,401.915,394.72,399.841,392.696
28/1/2026 10:40,401.649,394.46,398.374,391.264,384.055,377.288,385.756,378.948,385.301,378.504,399.931,392.784,395.894,388.844,398.87,391.748,399.62,392.48,399.075,391.948,399.48,392.344,367.349,360.972,400.718,393.552,398.767,391.648,367.635,361.252,409.279,401.904,399.685,392.544,401.284,394.9,367.312,360.936,397.579,390.488,401.046,393.872,388.046,381.184,388.034,381.172,387.178,380.336,402.641,395.428,401.214,394.036,400.677,393.512,401.915,394.72,399.841,392.696
28/1/2026 10:45,401.649,394.46,398.374,391.264,384.055,377.288,385.756,378.948,385.301,378.504,399.931,392.784,395.894,388.844,398.87,391.748,399.62,392.48,399.075,391.948,399.48,392.344,367.349,360.972,400.718,393.552,398.767,391.648,367.635,361.252,409.279,401.904,399.685,392.544,401.284,394.9,367.312,360.936,397.579,390.488,401.046,393.872,388.046,381.184,388.034,381.172,387.178,380.336,402.641,395.428,401.214,394.036,400.677,393.512,401.915,394.72,399.841,392.696
28/1/2026 10:50,174.882,172.212,323.652,318.256,202.635,197.724,347.013,341.1,379.917,373.248,349.843,344.052,330.644,325.268,268.383,264.052,172.51,169.928,330.73,333.392,359.246,353.248,299.504,294.584,170.577,168.024,174.272,171.612,300.246,295.312,174.159,171.552,316.591,311.34,442.975,278.336,324.298,318.888,172.205,169.58,331.514,326.12,387.89,367.688,202.858,199.8,341.796,336,357.724,351.76,276.234,271.756,173.93,171.276,307.064,302.156,173.741,171.14
28/1/2026 10:55,174.882,172.212,323.652,318.256,202.635,197.724,347.013,341.1,379.917,373.248,349.843,344.052,330.644,325.268,268.383,264.052,172.51,169.928,330.73,333.392,359.246,353.248,299.504,294.584,170.577,168.024,174.272,171.612,300.246,295.312,174.159,171.552,316.591,311.34,442.975,278.336,324.298,318.888,172.205,169.58,331.514,326.12,387.89,367.688,202.858,199.8,341.796,336,357.724,351.76,276.234,271.756,173.93,171.276,307.064,302.156,173.741,171.14
28/1/2026 11:00,174.882,172.212,323.652,318.256,202.635,197.724,347.013,341.1,379.917,373.248,349.843,344.052,330.644,325.268,268.383,264.052,172.51,169.928,330.73,333.392,359.246,353.248,299.504,294.584,170.577,168.024,174.272,171.612,300.246,295.312,174.159,171.552,316.591,311.34,442.975,278.336,324.298,318.888,172.205,169.58,331.514,326.12,387.89,367.688,202.858,199.8,341.796,336,357.724,351.76,276.234,271.756,173.93,171.276,307.064,302.156,173.741,171.14
28/1/2026 11:05,200.456,197.344,225.067,221.524,192.087,189.14,217.1,213.8,223.013,219.612,200.109,197.096,200.174,197.16,235.901,232.164,207.518,204.38,202.485,199.432,201.012,197.984,206.757,203.536,210.012,206.832,199.1,196.012,206.993,203.768,210.911,207.716,225.173,219.908,208.197,205.048,208.858,205.008,199.613,196.516,207.766,204.624,230.307,218.66,193.633,190.728,249.392,245.532,208.229,205.08,235.738,232.004,199.357,196.264,208.441,205.288,207.929,204.784
28/1/2026 11:10,200.456,197.344,225.067,221.524,192.087,189.14,217.1,213.8,223.013,219.612,200.109,197.096,200.174,197.16,235.901,232.164,207.518,204.38,202.485,199.432,201.012,197.984,206.757,203.536,210.012,206.832,199.1,196.012,206.993,203.768,210.911,207.716,225.173,219.908,208.197,205.048,208.858,205.008,199.613,196.516,207.766,204.624,230.307,218.66,193.633,190.728,249.392,245.532,208.229,205.08,235.738,232.004,199.357,196.264,208.441,205.288,207.929,204.784
28/1/2026 11:15,200.456,197.344,225.067,221.524,192.087,189.14,217.1,213.8,223.013,219.612,200.109,197.096,200.174,197.16,235.901,232.164,207.518,204.38,202.485,199.432,201.012,197.984,206.757,203.536,210.012,206.832,199.1,196.012,206.993,203.768,210.911,207.716,225.173,219.908,208.197,205.048,208.858,205.008,199.613,196.516,207.766,204.624,230.307,218.66,193.633,190.728,249.392,245.532,208.229,205.08,235.738,232.004,199.357,196.264,208.441,205.288,207.929,204.784
28/1/2026 11:20,177.944,175.22,248.25,244.288,166.924,164.388,193.967,191.056,196.046,193.1,178.319,175.648,177.755,175.092,227.622,224.032,200.16,197.052,179.915,177.22,179.193,176.508,195.926,192.892,196.604,193.648,176.634,173.932,194.624,191.612,199.651,196.552,243.536,239.66,196.933,192.908,190.782,194.404,176.739,174.036,193.87,190.96,197.157,194.192,168.494,165.932,194.948,192.02,194.15,191.236,231.222,227.568,178.327,175.596,196.383,193.432,201.422,196.932
28/1/2026 11:25,177.944,175.22,248.25,244.288,166.924,164.388,193.967,191.056,196.046,193.1,178.319,175.648,177.755,175.092,227.622,224.032,200.16,197.052,179.915,177.22,179.193,176.508,195.926,192.892,196.604,193.648,176.634,173.932,194.624,191.612,199.651,196.552,243.536,239.66,196.933,192.908,190.782,194.404,176.739,174.036,193.87,190.96,197.157,194.192,168.494,165.932,194.948,192.02,194.15,191.236,231.222,227.568,178.327,175.596,196.383,193.432,201.422,196.932
28/1/2026 11:30,177.944,175.22,248.25,244.288,166.924,164.388,193.967,191.056,196.046,193.1,178.319,175.648,177.755,175.092,227.622,224.032,200.16,197.052,179.915,177.22,179.193,176.508,195.926,192.892,196.604,193.648,176.634,173.932,194.624,191.612,199.651,196.552,243.536,239.66,196.933,192.908,190.782,194.404,176.739,174.036,193.87,190.96,197.157,194.192,168.494,165.932,194.948,192.02,194.15,191.236,231.222,227.568,178.327,175.596,196.383,193.432,201.422,196.932
28/1/2026 11:35,222.678,219.176,212.005,208.692,200.806,197.888,199.846,196.744,199.414,196.32,490.164,480.696,432.483,424.532,209.852,206.576,216.114,212.728,428.126,420.284,483.969,474.676,222.474,218.976,217.844,214.428,221.851,218.364,228.575,224.968,222.446,218.948,212.217,208.28,369.79,363.356,314.291,309.084,231.104,227.452,310.84,305.86,201.083,197.96,202.715,199.564,198.909,195.824,307.974,303.048,212.258,208.94,236.843,233.088,360.901,354.672,216.423,214.324
28/1/2026 11:40,222.678,219.176,212.005,208.692,200.806,197.888,199.846,196.744,199.414,196.32,490.164,480.696,432.483,424.532,209.852,206.576,216.114,212.728,428.126,420.284,483.969,474.676,222.474,218.976,217.844,214.428,221.851,218.364,228.575,224.968,222.446,218.948,212.217,208.28,369.79,363.356,314.291,309.084,231.104,227.452,310.84,305.86,201.083,197.96,202.715,199.564,198.909,195.824,307.974,303.048,212.258,208.94,236.843,233.088,360.901,354.672,216.423,214.324
28/1/2026 11:45,222.678,219.176,212.005,208.692,200.806,197.888,199.846,196.744,199.414,196.32,490.164,480.696,432.483,424.532,209.852,206.576,216.114,212.728,428.126,420.284,483.969,474.676,222.474,218.976,217.844,214.428,221.851,218.364,228.575,224.968,222.446,218.948,212.217,208.28,369.79,363.356,314.291,309.084,231.104,227.452,310.84,305.86,201.083,197.96,202.715,199.564,198.909,195.824,307.974,303.048,212.258,208.94,236.843,233.088,360.901,354.672,216.423,214.324
28/1/2026 11:50,89.501,87.98,87.761,86.264,84.096,82.764,83.768,82.328,83.456,82.02,90.511,88.976,89.529,88.008,86.706,85.224,88.552,87.044,90.738,89.404,90.31,88.836,81.76,80.348,88.503,86.996,88.957,87.444,79.799,78.416,89.736,88.212,87.505,86.012,89.803,88.436,81.281,79.876,88.357,86.852,89.848,88.38,84.223,82.776,84.725,83.328,83.289,81.856,90.055,88.584,87.481,85.988,89.111,87.596,90.132,88.66,89.014,87.5
28/1/2026 11:55,89.501,87.98,87.761,86.264,84.096,82.764,83.768,82.328,83.456,82.02,90.511,88.976,89.529,88.008,86.706,85.224,88.552,87.044,90.738,89.404,90.31,88.836,81.76,80.348,88.503,86.996,88.957,87.444,79.799,78.416,89.736,88.212,87.505,86.012,89.803,88.436,81.281,79.876,88.357,86.852,89.848,88.38,84.223,82.776,84.725,83.328,83.289,81.856,90.055,88.584,87.481,85.988,89.111,87.596,90.132,88.66,89.014,87.5
28/1/2026 12:00,89.501,87.98,87.761,86.264,84.096,82.764,83.768,82.328,83.456,82.02,90.511,88.976,89.529,88.008,86.706,85.224,88.552,87.044,90.738,89.404,90.31,88.836,81.76,80.348,88.503,86.996,88.957,87.444,79.799,78.416,89.736,88.212,87.505,86.012,89.803,88.436,81.281,79.876,88.357,86.852,89.848,88.38,84.223,82.776,84.725,83.328,83.289,81.856,90.055,88.584,87.481,85.988,89.111,87.596,90.132,88.66,89.014,87.5
28/1/2026 12:05,231.565,227.904,218.325,214.9,260.47,256.412,233.247,229.556,231.605,227.944,180.818,178.044,181.636,178.848,214.103,210.752,218.973,215.536,183.911,181.084,182.095,179.3,185.104,182.256,211.798,208.488,236.457,232.708,183.516,180.696,215.956,212.572,218.199,214.776,186.74,188.4,181.021,178.244,208.077,204.832,190.118,187.184,232.591,230.552,263.231,259.124,232.892,229.208,189.589,186.664,215.259,211.888,217.254,213.848,192.072,189.104,222.161,216.84
28/1/2026 12:10,231.565,227.904,218.325,214.9,260.47,256.412,233.247,229.556,231.605,227.944,180.818,178.044,181.636,178.848,214.103,210.752,218.973,215.536,183.911,181.084,182.095,179.3,185.104,182.256,211.798,208.488,236.457,232.708,183.516,180.696,215.956,212.572,218.199,214.776,186.74,188.4,181.021,178.244,208.077,204.832,190.118,187.184,232.591,230.552,263.231,259.124,232.892,229.208,189.589,186.664,215.259,211.888,217.254,213.848,192.072,189.104,222.161,216.84
28/1/2026 12:15,231.565,227.904,218.325,214.9,260.47,256.412,233.247,229.556,231.605,227.944,180.818,178.044,181.636,178.848,214.103,210.752,218.973,215.536,183.911,181.084,182.095,179.3,185.104,182.256,211.798,208.488,236.457,232.708,183.516,180.696,215.956,212.572,218.199,214.776,186.74,188.4,181.021,178.244,208.077,204.832,190.118,187.184,232.591,230.552,263.231,259.124,232.892,229.208,189.589,186.664,215.259,211.888,217.254,213.848,192.072,189.104,222.161,216.84
28/1/2026 12:20,74.71,73.4,76,74.672,72.659,71.38,75.838,74.512,73.434,72.144,73.666,72.372,72.773,71.492,75.948,74.62,75.412,74.092,73.337,72.048,73.601,72.308,69.195,67.968,76.488,75.152,74.665,73.356,67.778,66.572,77.576,76.224,75.728,74.404,74.6,73.264,69.272,68.044,75.233,73.916,74.246,72.944,74.267,72.764,73.211,71.924,74.993,73.68,74.384,73.08,76.553,75.216,76.212,74.88,75.03,73.716,75.956,74.628
28/1/2026 12:25,74.71,73.4,76,74.672,72.659,71.38,75.838,74.512,73.434,72.144,73.666,72.372,72.773,71.492,75.948,74.62,75.412,74.092,73.337,72.048,73.601,72.308,69.195,67.968,76.488,75.152,74.665,73.356,67.778,66.572,77.576,76.224,75.728,74.404,74.6,73.264,69.272,68.044,75.233,73.916,74.246,72.944,74.267,72.764,73.211,71.924,74.993,73.68,74.384,73.08,76.553,75.216,76.212,74.88,75.03,73.716,75.956,74.628
28/1/2026 12:30,74.71,73.4,76,74.672,72.659,71.38,75.838,74.512,73.434,72.144,73.666,72.372,72.773,71.492,75.948,74.62,75.412,74.092,73.337,72.048,73.601,72.308,69.195,67.968,76.488,75.152,74.665,73.356,67.778,66.572,77.576,76.224,75.728,74.404,74.6,73.264,69.272,68.044,75.233,73.916,74.246,72.944,74.267,72.764,73.211,71.924,74.993,73.68,74.384,73.08,76.553,75.216,76.212,74.88,75.03,73.716,75.956,74.628
28/1/2026 12:35,251.379,247.36,290.889,286.132,263.408,258.692,254.639,250.56,254.692,250.612,264.957,260.688,258.265,254.12,287.141,282.456,270.199,265.832,261.147,256.948,266.64,262.34,350.12,344.136,278.959,274.428,251.302,247.284,344.04,338.192,280.904,276.336,291.305,286.54,341.27,335.484,361.97,353.484,244.172,240.284,351.692,345.672,256.383,252.272,265.923,261.636,254.109,250.04,351.147,345.14,287.439,282.748,247.668,243.716,341.032,335.252,268.915,267.028
28/1/2026 12:40,251.379,247.36,290.889,286.132,263.408,258.692,254.639,250.56,254.692,250.612,264.957,260.688,258.265,254.12,287.141,282.456,270.199,265.832,261.147,256.948,266.64,262.34,350.12,344.136,278.959,274.428,251.302,247.284,344.04,338.192,280.904,276.336,291.305,286.54,341.27,335.484,361.97,353.484,244.172,240.284,351.692,345.672,256.383,252.272,265.923,261.636,254.109,250.04,351.147,345.14,287.439,282.748,247.668,243.716,341.032,335.252,268.915,267.028
28/1/2026 12:45,251.379,247.36,290.889,286.132,263.408,258.692,254.639,250.56,254.692,250.612,264.957,260.688,258.265,254.12,287.141,282.456,270.199,265.832,261.147,256.948,266.64,262.34,350.12,344.136,278.959,274.428,251.302,247.284,344.04,338.192,280.904,276.336,291.305,286.54,341.27,335.484,361.97,353.484,244.172,240.284,351.692,345.672,256.383,252.272,265.923,261.636,254.109,250.04,351.147,345.14,287.439,282.748,247.668,243.716,341.032,335.252,268.915,267.028
28/1/2026 12:50,124.386,122.42,116.852,114.976,121.605,119.672,115.661,113.8,115.216,113.36,120.37,118.452,119.379,117.472,115.665,113.804,120.395,118.476,120.917,118.992,121.018,119.092,105.94,104.2,120.557,118.636,123.629,121.62,104.732,103.008,122.5,120.556,116.876,115,118.237,116.176,105.863,104.124,123.066,121.116,117.71,115.824,116.208,114.34,122.341,120.4,114.669,112.82,117.864,115.976,116.467,114.596,124.24,122.276,118.479,116.584,120.913,118.988
28/1/2026 12:55,124.386,122.42,116.852,114.976,121.605,119.672,115.661,113.8,115.216,113.36,120.37,118.452,119.379,117.472,115.665,113.804,120.395,118.476,120.917,118.992,121.018,119.092,105.94,104.2,120.557,118.636,123.629,121.62,104.732,103.008,122.5,120.556,116.876,115,118.237,116.176,105.863,104.124,123.066,121.116,117.71,115.824,116.208,114.34,122.341,120.4,114.669,112.82,117.864,115.976,116.467,114.596,124.24,122.276,118.479,116.584,120.913,118.988
28/1/2026 13:00,124.386,122.42,116.852,114.976,121.605,119.672,115.661,113.8,115.216,113.36,120.37,118.452,119.379,117.472,115.665,113.804,120.395,118.476,120.917,118.992,121.018,119.092,105.94,104.2,120.557,118.636,123.629,121.62,104.732,103.008,122.5,120.556,116.876,115,118.237,116.176,105.863,104.124,123.066,121.116,117.71,115.824,116.208,114.34,122.341,120.4,114.669,112.82,117.864,115.976,116.467,114.596,124.24,122.276,118.479,116.584,120.913,118.988
28/1/2026 13:05,165.477,162.964,160.281,157.856,159.656,157.24,156.197,153.824,156.375,154,160.635,158.204,160.468,158.04,159.146,156.736,162.792,160.324,163.41,160.608,161.327,158.884,147.171,144.912,161.453,159.008,163.707,161.224,145.571,143.332,165.204,162.696,161.294,158.852,160.745,158.312,147.362,145.1,162.84,160.372,159.875,157.456,158.133,155.736,161.624,159.176,155.853,153.484,160.997,158.56,159.405,156.992,163.837,161.352,161.172,158.732,163.512,160.924
28/1/2026 13:10,165.477,162.964,160.281,157.856,159.656,157.24,156.197,153.824,156.375,154,160.635,158.204,160.468,158.04,159.146,156.736,162.792,160.324,163.41,160.608,161.327,158.884,147.171,144.912,161.453,159.008,163.707,161.224,145.571,143.332,165.204,162.696,161.294,158.852,160.745,158.312,147.362,145.1,162.84,160.372,159.875,157.456,158.133,155.736,161.624,159.176,155.853,153.484,160.997,158.56,159.405,156.992,163.837,161.352,161.172,158.732,163.512,160.924
28/1/2026 13:15,165.477,162.964,160.281,157.856,159.656,157.24,156.197,153.824,156.375,154,160.635,158.204,160.468,158.04,159.146,156.736,162.792,160.324,163.41,160.608,161.327,158.884,147.171,144.912,161.453,159.008,163.707,161.224,145.571,143.332,165.204,162.696,161.294,158.852,160.745,158.312,147.362,145.1,162.84,160.372,159.875,157.456,158.133,155.736,161.624,159.176,155.853,153.484,160.997,158.56,159.405,156.992,163.837,161.352,161.172,158.732,163.512,160.924
28/1/2026 13:20,162.425,159.964,157.234,154.848,153.855,151.512,150.789,148.484,150.25,147.952,162.93,160.46,161.974,159.52,155.533,153.168,159.786,157.368,163.992,161.504,163.548,161.068,147.159,144.9,159.417,157.004,161.404,158.96,146.357,144.108,162.385,159.924,157.554,155.016,162.726,160.292,147.24,144.98,160.745,158.312,162.165,159.708,151.068,148.76,155.01,152.652,149.075,146.792,162.344,159.884,156.412,154.036,162.039,159.584,163.214,160.74,160.302,157.928
28/1/2026 13:25,162.425,159.964,157.234,154.848,153.855,151.512,150.789,148.484,150.25,147.952,162.93,160.46,161.974,159.52,155.533,153.168,159.786,157.368,163.992,161.504,163.548,161.068,147.159,144.9,159.417,157.004,161.404,158.96,146.357,144.108,162.385,159.924,157.554,155.016,162.726,160.292,147.24,144.98,160.745,158.312,162.165,159.708,151.068,148.76,155.01,152.652,149.075,146.792,162.344,159.884,156.412,154.036,162.039,159.584,163.214,160.74,160.302,157.928
28/1/2026 13:30,162.425,159.964,157.234,154.848,153.855,151.512,150.789,148.484,150.25,147.952,162.93,160.46,161.974,159.52,155.533,153.168,159.786,157.368,163.992,161.504,163.548,161.068,147.159,144.9,159.417,157.004,161.404,158.96,146.357,144.108,162.385,159.924,157.554,155.016,162.726,160.292,147.24,144.98,160.745,158.312,162.165,159.708,151.068,148.76,155.01,152.652,149.075,146.792,162.344,159.884,156.412,154.036,162.039,159.584,163.214,160.74,160.302,157.928
28/1/2026 13:35,267.728,263.408,247.675,243.724,265.041,259.684,252.825,248.78,255.204,251.116,247.381,243.436,249.357,245.376,244.509,240.616,255.755,251.656,252.014,247.984,248.779,244.808,217.575,214.164,254.377,250.304,266.248,261.956,218.088,214.668,259.891,255.716,248.759,244.788,245.417,241.508,220.01,216.556,261.293,257.092,244.126,240.24,257.971,252.288,266.818,262.516,251.203,247.188,244.293,240.404,246.196,242.272,263.705,259.46,246.538,242.608,256.513,252.4
28/1/2026 13:40,267.728,263.408,247.675,243.724,265.041,259.684,252.825,248.78,255.204,251.116,247.381,243.436,249.357,245.376,244.509,240.616,255.755,251.656,252.014,247.984,248.779,244.808,217.575,214.164,254.377,250.304,266.248,261.956,218.088,214.668,259.891,255.716,248.759,244.788,245.417,241.508,220.01,216.556,261.293,257.092,244.126,240.24,257.971,252.288,266.818,262.516,251.203,247.188,244.293,240.404,246.196,242.272,263.705,259.46,246.538,242.608,256.513,252.4
28/1/2026 13:45,267.728,263.408,247.675,243.724,265.041,259.684,252.825,248.78,255.204,251.116,247.381,243.436,249.357,245.376,244.509,240.616,255.755,251.656,252.014,247.984,248.779,244.808,217.575,214.164,254.377,250.304,266.248,261.956,218.088,214.668,259.891,255.716,248.759,244.788,245.417,241.508,220.01,216.556,261.293,257.092,244.126,240.24,257.971,252.288,266.818,262.516,251.203,247.188,244.293,240.404,246.196,242.272,263.705,259.46,246.538,242.608,256.513,252.4
28/1/2026 13:50,121.946,120.008,120.112,118.196,118.132,116.088,117.1,115.22,116.925,115.048,119.444,117.536,117.598,115.712,118.379,116.484,121.019,119.092,119.189,117.284,119.468,117.56,109.721,107.932,120.311,118.392,121.258,119.328,108.659,106.884,122.432,120.488,120.298,118.332,119.262,117.356,108.882,107.104,119.894,117.98,119.646,117.736,117.926,115.904,118.938,117.036,115.889,114.024,119.95,118.036,119.225,117.32,121.165,119.236,119.529,117.62,121.699,119.764
28/1/2026 13:55,121.946,120.008,120.112,118.196,118.132,116.088,117.1,115.22,116.925,115.048,119.444,117.536,117.598,115.712,118.379,116.484,121.019,119.092,119.189,117.284,119.468,117.56,109.721,107.932,120.311,118.392,121.258,119.328,108.659,106.884,122.432,120.488,120.298,118.332,119.262,117.356,108.882,107.104,119.894,117.98,119.646,117.736,117.926,115.904,118.938,117.036,115.889,114.024,119.95,118.036,119.225,117.32,121.165,119.236,119.529,117.62,121.699,119.764
28/1/2026 14:00,121.946,120.008,120.112,118.196,118.132,116.088,117.1,115.22,116.925,115.048,119.444,117.536,117.598,115.712,118.379,116.484,121.019,119.092,119.189,117.284,119.468,117.56,109.721,107.932,120.311,118.392,121.258,119.328,108.659,106.884,122.432,120.488,120.298,118.332,119.262,117.356,108.882,107.104,119.894,117.98,119.646,117.736,117.926,115.904,118.938,117.036,115.889,114.024,119.95,118.036,119.225,117.32,121.165,119.236,119.529,117.62,121.699,119.764
28/1/2026 14:05,145.21,142.976,134.73,132.632,136.659,134.536,129.95,127.916,129.817,127.784,145.044,142.812,144.866,142.636,134.134,132.044,139.683,137.52,146.632,144.344,145.567,143.328,127.729,125.724,140.83,138.652,144.132,141.912,126.386,124.396,143.298,141.088,134.592,132.496,143.026,140.696,126.463,124.472,142.434,140.236,142.057,139.864,130.936,128.888,137.591,135.456,128.73,126.712,142.361,140.164,134.973,132.872,144.023,141.804,142.957,140.752,140.538,138.364
28/1/2026 14:10,145.21,142.976,134.73,132.632,136.659,134.536,129.95,127.916,129.817,127.784,145.044,142.812,144.866,142.636,134.134,132.044,139.683,137.52,146.632,144.344,145.567,143.328,127.729,125.724,140.83,138.652,144.132,141.912,126.386,124.396,143.298,141.088,134.592,132.496,143.026,140.696,126.463,124.472,142.434,140.236,142.057,139.864,130.936,128.888,137.591,135.456,128.73,126.712,142.361,140.164,134.973,132.872,144.023,141.804,142.957,140.752,140.538,138.364
28/1/2026 14:15,145.21,142.976,134.73,132.632,136.659,134.536,129.95,127.916,129.817,127.784,145.044,142.812,144.866,142.636,134.134,132.044,139.683,137.52,146.632,144.344,145.567,143.328,127.729,125.724,140.83,138.652,144.132,141.912,126.386,124.396,143.298,141.088,134.592,132.496,143.026,140.696,126.463,124.472,142.434,140.236,142.057,139.864,130.936,128.888,137.591,135.456,128.73,126.712,142.361,140.164,134.973,132.872,144.023,141.804,142.957,140.752,140.538,138.364
28/1/2026 14:20,211.497,208.192,210.821,207.528,199.687,196.588,197.953,194.884,197.73,194.664,231.548,227.888,223.643,220.124,208.362,205.112,219.84,216.388,221.069,223.7,239.165,235.368,199.399,196.304,224.657,221.12,209.946,206.668,198.898,195.812,227.264,223.68,211.68,208.372,235.637,227.932,203.135,198.04,211.644,208.336,253.078,249.028,199.02,195.932,201.303,198.176,197.147,194.092,252.764,248.72,209.209,205.944,212.551,209.228,232.175,228.504,218.484,215.056
28/1/2026 14:25,211.497,208.192,210.821,207.528,199.687,196.588,197.953,194.884,197.73,194.664,231.548,227.888,223.643,220.124,208.362,205.112,219.84,216.388,221.069,223.7,239.165,235.368,199.399,196.304,224.657,221.12,209.946,206.668,198.898,195.812,227.264,223.68,211.68,208.372,235.637,227.932,203.135,198.04,211.644,208.336,253.078,249.028,199.02,195.932,201.303,198.176,197.147,194.092,252.764,248.72,209.209,205.944,212.551,209.228,232.175,228.504,218.484,215.056
28/1/2026 14:30,211.497,208.192,210.821,207.528,199.687,196.588,197.953,194.884,197.73,194.664,231.548,227.888,223.643,220.124,208.362,205.112,219.84,216.388,221.069,223.7,239.165,235.368,199.399,196.304,224.657,221.12,209.946,206.668,198.898,195.812,227.264,223.68,211.68,208.372,235.637,227.932,203.135,198.04,211.644,208.336,253.078,249.028,199.02,195.932,201.303,198.176,197.147,194.092,252.764,248.72,209.209,205.944,212.551,209.228,232.175,228.504,218.484,215.056
28/1/2026 14:35,149.517,147.228,142.851,140.648,144.541,142.316,141.113,138.932,141.489,139.304,143.086,140.88,140.938,138.76,140.704,138.528,145.716,143.476,142.693,140.492,143.52,141.308,127.418,125.416,145.579,143.34,148.516,146.24,126.078,124.092,147.604,145.34,142.855,140.652,141.538,139.352,127.887,125.88,147.053,144.796,141.923,139.732,142.272,140.076,145.841,143.6,140.253,138.084,142.235,140.04,141.619,139.432,148.808,146.528,142.369,140.172,146.344,144.096
28/1/2026 14:40,149.517,147.228,142.851,140.648,144.541,142.316,141.113,138.932,141.489,139.304,143.086,140.88,140.938,138.76,140.704,138.528,145.716,143.476,142.693,140.492,143.52,141.308,127.418,125.416,145.579,143.34,148.516,146.24,126.078,124.092,147.604,145.34,142.855,140.652,141.538,139.352,127.887,125.88,147.053,144.796,141.923,139.732,142.272,140.076,145.841,143.6,140.253,138.084,142.235,140.04,141.619,139.432,148.808,146.528,142.369,140.172,146.344,144.096
28/1/2026 14:45,149.517,147.228,142.851,140.648,144.541,142.316,141.113,138.932,141.489,139.304,143.086,140.88,140.938,138.76,140.704,138.528,145.716,143.476,142.693,140.492,143.52,141.308,127.418,125.416,145.579,143.34,148.516,146.24,126.078,124.092,147.604,145.34,142.855,140.652,141.538,139.352,127.887,125.88,147.053,144.796,141.923,139.732,142.272,140.076,145.841,143.6,140.253,138.084,142.235,140.04,141.619,139.432,148.808,146.528,142.369,140.172,146.344,144.096
28/1/2026 14:50,174.107,171.448,169.903,167.316,167.714,165.212,164.398,161.904,163.951,161.464,169.476,166.896,168.98,166.408,167.653,165.104,171.796,169.176,170.933,168.328,170.371,167.776,156.837,154.456,171.604,168.988,173.11,170.468,155.764,153.396,175.132,172.456,170.086,167.496,171.787,169.168,156.72,154.34,171.991,169.368,170.701,168.1,165.082,162.476,169.02,166.448,163.141,160.668,171.201,168.592,168.675,166.108,173.379,170.732,171.84,169.22,172.67,170.036
28/1/2026 14:55,174.107,171.448,169.903,167.316,167.714,165.212,164.398,161.904,163.951,161.464,169.476,166.896,168.98,166.408,167.653,165.104,171.796,169.176,170.933,168.328,170.371,167.776,156.837,154.456,171.604,168.988,173.11,170.468,155.764,153.396,175.132,172.456,170.086,167.496,171.787,169.168,156.72,154.34,171.991,169.368,170.701,168.1,165.082,162.476,169.02,166.448,163.141,160.668,171.201,168.592,168.675,166.108,173.379,170.732,171.84,169.22,172.67,170.036
28/1/2026 15:00,174.107,171.448,169.903,167.316,167.714,165.212,164.398,161.904,163.951,161.464,169.476,166.896,168.98,166.408,167.653,165.104,171.796,169.176,170.933,168.328,170.371,167.776,156.837,154.456,171.604,168.988,173.11,170.468,155.764,153.396,175.132,172.456,170.086,167.496,171.787,169.168,156.72,154.34,171.991,169.368,170.701,168.1,165.082,162.476,169.02,166.448,163.141,160.668,171.201,168.592,168.675,166.108,173.379,170.732,171.84,169.22,172.67,170.036
28/1/2026 15:05,197.795,194.728,206.449,203.232,175.083,172.408,179.67,176.916,178.494,175.76,217.832,214.416,216.187,212.8,205.342,202.144,202.655,199.504,222.14,214.52,219.265,215.824,212.983,209.652,202.032,198.892,196.407,193.632,211.554,208.248,205.92,202.712,207.198,203.968,227.316,223.732,211.92,208.608,196.094,193.056,227.218,223.636,178.803,176.064,177.276,174.564,178.082,175.356,224.942,221.4,207.597,204.36,198.434,195.356,228.355,224.752,203.07,199.912
28/1/2026 15:10,197.795,194.728,206.449,203.232,175.083,172.408,179.67,176.916,178.494,175.76,217.832,214.416,216.187,212.8,205.342,202.144,202.655,199.504,222.14,214.52,219.265,215.824,212.983,209.652,202.032,198.892,196.407,193.632,211.554,208.248,205.92,202.712,207.198,203.968,227.316,223.732,211.92,208.608,196.094,193.056,227.218,223.636,178.803,176.064,177.276,174.564,178.082,175.356,224.942,221.4,207.597,204.36,198.434,195.356,228.355,224.752,203.07,199.912
28/1/2026 15:15,197.795,194.728,206.449,203.232,175.083,172.408,179.67,176.916,178.494,175.76,217.832,214.416,216.187,212.8,205.342,202.144,202.655,199.504,222.14,214.52,219.265,215.824,212.983,209.652,202.032,198.892,196.407,193.632,211.554,208.248,205.92,202.712,207.198,203.968,227.316,223.732,211.92,208.608,196.094,193.056,227.218,223.636,178.803,176.064,177.276,174.564,178.082,175.356,224.942,221.4,207.597,204.36,198.434,195.356,228.355,224.752,203.07,199.912
28/1/2026 15:20,119.918,118.004,113.273,111.44,114.321,112.476,109.157,107.376,109.194,107.412,119.958,118.044,119.755,117.844,113.233,111.4,115.849,113.984,121.29,119.252,120.723,118.8,107.302,105.544,116.448,114.576,119.043,117.14,106.402,104.656,118.392,116.496,113.467,111.632,119.703,117.792,106.56,104.812,118.015,116.124,118.905,117.004,109.931,108.14,115.148,113.292,108.019,106.252,119.12,117.216,113.795,111.956,118.942,117.04,119.836,117.924,116.335,114.464
28/1/2026 15:25,119.918,118.004,113.273,111.44,114.321,112.476,109.157,107.376,109.194,107.412,119.958,118.044,119.755,117.844,113.233,111.4,115.849,113.984,121.29,119.252,120.723,118.8,107.302,105.544,116.448,114.576,119.043,117.14,106.402,104.656,118.392,116.496,113.467,111.632,119.703,117.792,106.56,104.812,118.015,116.124,118.905,117.004,109.931,108.14,115.148,113.292,108.019,106.252,119.12,117.216,113.795,111.956,118.942,117.04,119.836,117.924,116.335,114.464
28/1/2026 15:30,119.918,118.004,113.273,111.44,114.321,112.476,109.157,107.376,109.194,107.412,119.958,118.044,119.755,117.844,113.233,111.4,115.849,113.984,121.29,119.252,120.723,118.8,107.302,105.544,116.448,114.576,119.043,117.14,106.402,104.656,118.392,116.496,113.467,111.632,119.703,117.792,106.56,104.812,118.015,116.124,118.905,117.004,109.931,108.14,115.148,113.292,108.019,106.252,119.12,117.216,113.795,111.956,118.942,117.04,119.836,117.924,116.335,114.464
28/1/2026 15:35,206.518,203.3,211.216,207.916,189.808,186.88,194.587,191.576,194.343,191.336,216.029,212.644,214.396,211.04,209.258,205.992,209.079,205.816,216.827,213.428,217.372,213.964,208.179,204.932,208.261,205.012,205.053,202.004,207.959,204.716,212.316,208.996,211.855,208.544,230.294,226.656,208.428,205.176,204.467,201.284,233.699,230,195.454,192.428,191.681,188.72,193.664,190.668,222.397,218.9,209.421,206.152,206.685,203.464,231.027,227.376,208.684,205.604
28/1/2026 15:40,206.518,203.3,211.216,207.916,189.808,186.88,194.587,191.576,194.343,191.336,216.029,212.644,214.396,211.04,209.258,205.992,209.079,205.816,216.827,213.428,217.372,213.964,208.179,204.932,208.261,205.012,205.053,202.004,207.959,204.716,212.316,208.996,211.855,208.544,230.294,226.656,208.428,205.176,204.467,201.284,233.699,230,195.454,192.428,191.681,188.72,193.664,190.668,222.397,218.9,209.421,206.152,206.685,203.464,231.027,227.376,208.684,205.604
28/1/2026 15:45,206.518,203.3,211.216,207.916,189.808,186.88,194.587,191.576,194.343,191.336,216.029,212.644,214.396,211.04,209.258,205.992,209.079,205.816,216.827,213.428,217.372,213.964,208.179,204.932,208.261,205.012,205.053,202.004,207.959,204.716,212.316,208.996,211.855,208.544,230.294,226.656,208.428,205.176,204.467,201.284,233.699,230,195.454,192.428,191.681,188.72,193.664,190.668,222.397,218.9,209.421,206.152,206.685,203.464,231.027,227.376,208.684,205.604
28/1/2026 15:50,124.108,122.144,121.209,119.28,117.088,115.028,116.979,115.1,115.432,113.572,123.613,121.656,123.277,121.324,119.853,117.94,121.489,119.556,125.265,123.288,125.694,123.712,114.245,112.4,122.788,120.84,123.217,121.264,112.799,110.972,124.189,122.224,121.586,119.472,125.378,123.252,112.783,110.816,121.57,119.636,124.119,122.156,116.092,114.224,117.513,115.628,115.995,114.128,124.269,122.304,120.379,118.46,123.254,121.3,125.471,123.492,122.663,120.716
28/1/2026 15:55,124.108,122.144,121.209,119.28,117.088,115.028,116.979,115.1,115.432,113.572,123.613,121.656,123.277,121.324,119.853,117.94,121.489,119.556,125.265,123.288,125.694,123.712,114.245,112.4,122.788,120.84,123.217,121.264,112.799,110.972,124.189,122.224,121.586,119.472,125.378,123.252,112.783,110.816,121.57,119.636,124.119,122.156,116.092,114.224,117.513,115.628,115.995,114.128,124.269,122.304,120.379,118.46,123.254,121.3,125.471,123.492,122.663,120.716
28/1/2026 16:00,124.108,122.144,121.209,119.28,117.088,115.028,116.979,115.1,115.432,113.572,123.613,121.656,123.277,121.324,119.853,117.94,121.489,119.556,125.265,123.288,125.694,123.712,114.245,112.4,122.788,120.84,123.217,121.264,112.799,110.972,124.189,122.224,121.586,119.472,125.378,123.252,112.783,110.816,121.57,119.636,124.119,122.156,116.092,114.224,117.513,115.628,115.995,114.128,124.269,122.304,120.379,118.46,123.254,121.3,125.471,123.492,122.663,120.716
28/1/2026 16:05,94.112,92.528,93.066,91.496,87.866,86.492,89.424,87.904,88.426,86.92,93.374,91.8,92.519,90.956,92.413,90.852,93.455,91.88,93.451,91.876,93.946,92.364,88.264,86.76,93.942,92.36,93.362,91.956,87.351,85.86,95.467,93.864,94.826,91.628,95.629,94.024,87.599,86.104,91.858,90.304,94.351,92.764,88.913,87.4,88.482,86.976,88.414,86.908,94.538,92.948,93.261,91.688,92.336,90.776,95.921,94.312,94.141,92.556
28/1/2026 16:10,94.112,92.528,93.066,91.496,87.866,86.492,89.424,87.904,88.426,86.92,93.374,91.8,92.519,90.956,92.413,90.852,93.455,91.88,93.451,91.876,93.946,92.364,88.264,86.76,93.942,92.36,93.362,91.956,87.351,85.86,95.467,93.864,94.826,91.628,95.629,94.024,87.599,86.104,91.858,90.304,94.351,92.764,88.913,87.4,88.482,86.976,88.414,86.908,94.538,92.948,93.261,91.688,92.336,90.776,95.921,94.312,94.141,92.556
28/1/2026 16:15,94.112,92.528,93.066,91.496,87.866,86.492,89.424,87.904,88.426,86.92,93.374,91.8,92.519,90.956,92.413,90.852,93.455,91.88,93.451,91.876,93.946,92.364,88.264,86.76,93.942,92.36,93.362,91.956,87.351,85.86,95.467,93.864,94.826,91.628,95.629,94.024,87.599,86.104,91.858,90.304,94.351,92.764,88.913,87.4,88.482,86.976,88.414,86.908,94.538,92.948,93.261,91.688,92.336,90.776,95.921,94.312,94.141,92.556
28/1/2026 16:20,160.896,158.46,155.407,153.044,155.407,153.192,152.389,150.064,151.486,149.172,157.562,155.172,156.468,154.092,153.791,151.448,158.069,155.672,158.396,155.996,158.364,155.964,142.58,140.38,157.797,155.404,159.798,157.38,141.745,139.556,160.497,158.068,155.691,153.324,157.781,155.388,142.763,140.372,158.502,156.1,156.813,154.432,152.462,150.136,156.857,154.476,151.376,149.064,156.946,154.564,154.617,152.264,160.249,157.824,157.882,155.488,158.048,156.376
28/1/2026 16:25,160.896,158.46,155.407,153.044,155.407,153.192,152.389,150.064,151.486,149.172,157.562,155.172,156.468,154.092,153.791,151.448,158.069,155.672,158.396,155.996,158.364,155.964,142.58,140.38,157.797,155.404,159.798,157.38,141.745,139.556,160.497,158.068,155.691,153.324,157.781,155.388,142.763,140.372,158.502,156.1,156.813,154.432,152.462,150.136,156.857,154.476,151.376,149.064,156.946,154.564,154.617,152.264,160.249,157.824,157.882,155.488,158.048,156.376
28/1/2026 16:30,160.896,158.46,155.407,153.044,155.407,153.192,152.389,150.064,151.486,149.172,157.562,155.172,156.468,154.092,153.791,151.448,158.069,155.672,158.396,155.996,158.364,155.964,142.58,140.38,157.797,155.404,159.798,157.38,141.745,139.556,160.497,158.068,155.691,153.324,157.781,155.388,142.763,140.372,158.502,156.1,156.813,154.432,152.462,150.136,156.857,154.476,151.376,149.064,156.946,154.564,154.617,152.264,160.249,157.824,157.882,155.488,158.048,156.376
28/1/2026 16:35,114.768,112.916,110.632,108.832,114.172,112.008,109.656,107.868,108.303,106.532,110.681,108.88,110.993,109.188,109.214,107.432,112.386,110.564,112.568,110.416,111.531,109.72,99.886,98.224,111.86,110.044,114.027,112.184,98.958,97.308,113.816,111.976,110.952,109.148,110.361,109.836,99.935,98.112,114.594,112.744,110.851,109.048,109.016,107.236,115.002,113.148,108.809,107.032,111.11,109.304,109.911,108.12,115.602,113.74,111.871,110.056,113.051,111.22
28/1/2026 16:40,114.768,112.916,110.632,108.832,114.172,112.008,109.656,107.868,108.303,106.532,110.681,108.88,110.993,109.188,109.214,107.432,112.386,110.564,112.568,110.416,111.531,109.72,99.886,98.224,111.86,110.044,114.027,112.184,98.958,97.308,113.816,111.976,110.952,109.148,110.361,109.836,99.935,98.112,114.594,112.744,110.851,109.048,109.016,107.236,115.002,113.148,108.809,107.032,111.11,109.304,109.911,108.12,115.602,113.74,111.871,110.056,113.051,111.22
28/1/2026 16:45,114.768,112.916,110.632,108.832,114.172,112.008,109.656,107.868,108.303,106.532,110.681,108.88,110.993,109.188,109.214,107.432,112.386,110.564,112.568,110.416,111.531,109.72,99.886,98.224,111.86,110.044,114.027,112.184,98.958,97.308,113.816,111.976,110.952,109.148,110.361,109.836,99.935,98.112,114.594,112.744,110.851,109.048,109.016,107.236,115.002,113.148,108.809,107.032,111.11,109.304,109.911,108.12,115.602,113.74,111.871,110.056,113.051,111.22
28/1/2026 16:50,95.131,93.532,92.872,91.304,91.586,90.012,90.523,88.988,90.333,88.8,92.556,90.992,91.558,90.008,91.57,90.02,93.48,91.904,92.766,91.132,93.046,91.476,84.755,83.3,93.991,92.408,94.559,92.952,83.66,82.22,95.431,93.828,92.941,91.372,92.957,91.304,84.71,83.256,93.683,92.104,92.332,90.772,91.018,89.476,92.194,90.636,89.923,88.396,92.766,91.2,92.308,90.748,94.441,92.852,92.92,91.352,94.457,92.396
28/1/2026 16:55,95.131,93.532,92.872,91.304,91.586,90.012,90.523,88.988,90.333,88.8,92.556,90.992,91.558,90.008,91.57,90.02,93.48,91.904,92.766,91.132,93.046,91.476,84.755,83.3,93.991,92.408,94.559,92.952,83.66,82.22,95.431,93.828,92.941,91.372,92.957,91.304,84.71,83.256,93.683,92.104,92.332,90.772,91.018,89.476,92.194,90.636,89.923,88.396,92.766,91.2,92.308,90.748,94.441,92.852,92.92,91.352,94.457,92.396
28/1/2026 17:00,95.131,93.532,92.872,91.304,91.586,90.012,90.523,88.988,90.333,88.8,92.556,90.992,91.558,90.008,91.57,90.02,93.48,91.904,92.766,91.132,93.046,91.476,84.755,83.3,93.991,92.408,94.559,92.952,83.66,82.22,95.431,93.828,92.941,91.372,92.957,91.304,84.71,83.256,93.683,92.104,92.332,90.772,91.018,89.476,92.194,90.636,89.923,88.396,92.766,91.2,92.308,90.748,94.441,92.852,92.92,91.352,94.457,92.396
28/1/2026 17:05,117.432,115.548,116.193,114.324,111.211,109.84,110.182,108.388,110.125,108.332,118.124,116.232,116.739,114.864,114.476,112.628,116.966,115.088,118.65,116.752,118.079,116.188,109.32,107.536,117.132,115.252,116.618,114.508,107.274,105.516,119.007,117.104,116.189,114.436,118.658,116.76,108.42,107.304,115.792,113.928,118.48,116.584,110.782,108.98,111.907,110.092,109.287,107.504,118.181,116.288,115.812,113.948,117.395,115.512,118.602,116.704,117.241,115.36
28/1/2026 17:10,117.432,115.548,116.193,114.324,111.211,109.84,110.182,108.388,110.125,108.332,118.124,116.232,116.739,114.864,114.476,112.628,116.966,115.088,118.65,116.752,118.079,116.188,109.32,107.536,117.132,115.252,116.618,114.508,107.274,105.516,119.007,117.104,116.189,114.436,118.658,116.76,108.42,107.304,115.792,113.928,118.48,116.584,110.782,108.98,111.907,110.092,109.287,107.504,118.181,116.288,115.812,113.948,117.395,115.512,118.602,116.704,117.241,115.36
28/1/2026 17:15,117.432,115.548,116.193,114.324,111.211,109.84,110.182,108.388,110.125,108.332,118.124,116.232,116.739,114.864,114.476,112.628,116.966,115.088,118.65,116.752,118.079,116.188,109.32,107.536,117.132,115.252,116.618,114.508,107.274,105.516,119.007,117.104,116.189,114.436,118.658,116.76,108.42,107.304,115.792,113.928,118.48,116.584,110.782,108.98,111.907,110.092,109.287,107.504,118.181,116.288,115.812,113.948,117.395,115.512,118.602,116.704,117.241,115.36
28/1/2026 17:20,339.863,334.108,267.342,263.028,303.527,298.528,307.793,302.712,312.558,307.384,342.194,336.388,342.616,336.8,323.061,317.676,335.698,330.036,347.927,341.992,344.977,339.108,266.241,261.948,335.297,329.644,338.116,332.4,265.817,261.532,342.403,336.592,276.003,260.92,316.707,311.452,271.886,267.488,337.813,332.104,300.949,296,312.925,307.744,307.214,302.144,304.441,299.424,341.589,335.796,319.02,313.72,340.493,334.724,320.816,315.48,320.485,330.704
28/1/2026 17:25,339.863,334.108,267.342,263.028,303.527,298.528,307.793,302.712,312.558,307.384,342.194,336.388,342.616,336.8,323.061,317.676,335.698,330.036,347.927,341.992,344.977,339.108,266.241,261.948,335.297,329.644,338.116,332.4,265.817,261.532,342.403,336.592,276.003,260.92,316.707,311.452,271.886,267.488,337.813,332.104,300.949,296,312.925,307.744,307.214,302.144,304.441,299.424,341.589,335.796,319.02,313.72,340.493,334.724,320.816,315.48,320.485,330.704
28/1/2026 17:30,339.863,334.108,267.342,263.028,303.527,298.528,307.793,302.712,312.558,307.384,342.194,336.388,342.616,336.8,323.061,317.676,335.698,330.036,347.927,341.992,344.977,339.108,266.241,261.948,335.297,329.644,338.116,332.4,265.817,261.532,342.403,336.592,276.003,260.92,316.707,311.452,271.886,267.488,337.813,332.104,300.949,296,312.925,307.744,307.214,302.144,304.441,299.424,341.589,335.796,319.02,313.72,340.493,334.724,320.816,315.48,320.485,330.704
28/1/2026 17:35,112.835,111.008,110.352,108.556,106.142,104.456,104.433,102.712,104.173,102.456,113.994,112.152,113.471,111.636,108.975,107.196,111.321,109.512,114.735,112.884,114.528,112.68,104.64,102.916,110.911,109.108,112.086,110.268,103.623,101.912,112.937,111.108,110.198,108.404,114.755,112.904,104.251,102.532,111.353,109.544,114.232,112.388,104.976,103.248,106.928,105.232,103.614,101.904,114.544,112.696,109.749,107.96,112.726,110.9,114.743,112.892,111.612,109.8
28/1/2026 17:40,112.835,111.008,110.352,108.556,106.142,104.456,104.433,102.712,104.173,102.456,113.994,112.152,113.471,111.636,108.975,107.196,111.321,109.512,114.735,112.884,114.528,112.68,104.64,102.916,110.911,109.108,112.086,110.268,103.623,101.912,112.937,111.108,110.198,108.404,114.755,112.904,104.251,102.532,111.353,109.544,114.232,112.388,104.976,103.248,106.928,105.232,103.614,101.904,114.544,112.696,109.749,107.96,112.726,110.9,114.743,112.892,111.612,109.8
28/1/2026 17:45,112.835,111.008,110.352,108.556,106.142,104.456,104.433,102.712,104.173,102.456,113.994,112.152,113.471,111.636,108.975,107.196,111.321,109.512,114.735,112.884,114.528,112.68,104.64,102.916,110.911,109.108,112.086,110.268,103.623,101.912,112.937,111.108,110.198,108.404,114.755,112.904,104.251,102.532,111.353,109.544,114.232,112.388,104.976,103.248,106.928,105.232,103.614,101.904,114.544,112.696,109.749,107.96,112.726,110.9,114.743,112.892,111.612,109.8
28/1/2026 17:50,73.711,72.416,72.005,70.736,69.656,68.476,68.98,67.756,68.513,67.296,72.996,71.712,72.675,71.396,70.88,69.628,72.623,71.344,73.341,72.052,73.313,72.024,66.754,65.564,72.533,71.256,73.589,72.296,65.791,64.616,73.561,72.268,71.855,70.588,73.41,72.12,66.555,65.284,72.631,71.352,73.085,71.8,69.146,67.92,70.164,68.976,68.155,66.944,73.207,71.92,71.599,70.336,73.268,71.98,73.41,72.12,73.073,71.788
28/1/2026 17:55,73.711,72.416,72.005,70.736,69.656,68.476,68.98,67.756,68.513,67.296,72.996,71.712,72.675,71.396,70.88,69.628,72.623,71.344,73.341,72.052,73.313,72.024,66.754,65.564,72.533,71.256,73.589,72.296,65.791,64.616,73.561,72.268,71.855,70.588,73.41,72.12,66.555,65.284,72.631,71.352,73.085,71.8,69.146,67.92,70.164,68.976,68.155,66.944,73.207,71.92,71.599,70.336,73.268,71.98,73.41,72.12,73.073,71.788
28/1/2026 18:00,73.711,72.416,72.005,70.736,69.656,68.476,68.98,67.756,68.513,67.296,72.996,71.712,72.675,71.396,70.88,69.628,72.623,71.344,73.341,72.052,73.313,72.024,66.754,65.564,72.533,71.256,73.589,72.296,65.791,64.616,73.561,72.268,71.855,70.588,73.41,72.12,66.555,65.284,72.631,71.352,73.085,71.8,69.146,67.92,70.164,68.976,68.155,66.944,73.207,71.92,71.599,70.336,73.268,71.98,73.41,72.12,73.073,71.788
28/1/2026 18:05,69.76,68.524,67.542,66.34,66.619,65.484,65.129,63.964,64.747,63.588,69.236,68.008,68.318,67.104,67.266,66.068,68.367,67.152,68.96,67.736,69.589,68.356,62.848,61.7,68.838,67.616,69.309,68.08,61.809,60.664,69.76,68.524,67.266,66.068,68.886,67.664,62.727,61.52,69.378,68.148,68.35,67.136,65.421,64.224,66.993,65.852,64.126,62.976,69.256,68.028,67.745,66.54,69.276,68.048,68.894,67.672,68.769,67.548
28/1/2026 18:10,69.76,68.524,67.542,66.34,66.619,65.484,65.129,63.964,64.747,63.588,69.236,68.008,68.318,67.104,67.266,66.068,68.367,67.152,68.96,67.736,69.589,68.356,62.848,61.7,68.838,67.616,69.309,68.08,61.809,60.664,69.76,68.524,67.266,66.068,68.886,67.664,62.727,61.52,69.378,68.148,68.35,67.136,65.421,64.224,66.993,65.852,64.126,62.976,69.256,68.028,67.745,66.54,69.276,68.048,68.894,67.672,68.769,67.548
28/1/2026 18:15,69.76,68.524,67.542,66.34,66.619,65.484,65.129,63.964,64.747,63.588,69.236,68.008,68.318,67.104,67.266,66.068,68.367,67.152,68.96,67.736,69.589,68.356,62.848,61.7,68.838,67.616,69.309,68.08,61.809,60.664,69.76,68.524,67.266,66.068,68.886,67.664,62.727,61.52,69.378,68.148,68.35,67.136,65.421,64.224,66.993,65.852,64.126,62.976,69.256,68.028,67.745,66.54,69.276,68.048,68.894,67.672,68.769,67.548
28/1/2026 18:20,40.5,39.528,40.017,39.072,37.775,36.86,37.857,36.94,37.536,36.624,40.755,39.78,40.577,39.604,38.668,37.74,40.025,39.06,40.844,39.848,40.909,39.932,36.909,35.988,39.839,38.876,40.216,39.248,36.263,35.352,40.098,39.132,39.523,38.584,40.86,39.904,36.766,35.848,39.904,38.94,40.572,39.62,38.27,37.22,37.909,36.992,37.151,36.244,40.69,39.736,39.406,38.468,40.321,39.352,40.73,39.776,40.131,39.164
28/1/2026 18:25,40.5,39.528,40.017,39.072,37.775,36.86,37.857,36.94,37.536,36.624,40.755,39.78,40.577,39.604,38.668,37.74,40.025,39.06,40.844,39.848,40.909,39.932,36.909,35.988,39.839,38.876,40.216,39.248,36.263,35.352,40.098,39.132,39.523,38.584,40.86,39.904,36.766,35.848,39.904,38.94,40.572,39.62,38.27,37.22,37.909,36.992,37.151,36.244,40.69,39.736,39.406,38.468,40.321,39.352,40.73,39.776,40.131,39.164
28/1/2026 18:30,40.5,39.528,40.017,39.072,37.775,36.86,37.857,36.94,37.536,36.624,40.755,39.78,40.577,39.604,38.668,37.74,40.025,39.06,40.844,39.848,40.909,39.932,36.909,35.988,39.839,38.876,40.216,39.248,36.263,35.352,40.098,39.132,39.523,38.584,40.86,39.904,36.766,35.848,39.904,38.94,40.572,39.62,38.27,37.22,37.909,36.992,37.151,36.244,40.69,39.736,39.406,38.468,40.321,39.352,40.73,39.776,40.131,39.164
28/1/2026 18:35,18.706,18.212,18.259,17.776,17.594,17.128,17.389,16.928,16.819,16.372,18.321,17.836,18.255,17.772,17.291,16.832,18.51,18.02,18.313,17.784,18.493,18.004,16.467,16.028,18.502,18.012,18.481,17.992,16.11,15.68,18.276,17.792,17.513,17.048,18.275,17.792,16.446,16.008,18.555,18.064,18.087,17.608,17.524,17.06,17.483,17.02,16.909,16.46,18.169,17.688,17.968,17.492,18.6,18.108,18.074,17.596,18.616,18.064
28/1/2026 18:40,18.706,18.212,18.259,17.776,17.594,17.128,17.389,16.928,16.819,16.372,18.321,17.836,18.255,17.772,17.291,16.832,18.51,18.02,18.313,17.784,18.493,18.004,16.467,16.028,18.502,18.012,18.481,17.992,16.11,15.68,18.276,17.792,17.513,17.048,18.275,17.792,16.446,16.008,18.555,18.064,18.087,17.608,17.524,17.06,17.483,17.02,16.909,16.46,18.169,17.688,17.968,17.492,18.6,18.108,18.074,17.596,18.616,18.064
28/1/2026 18:45,18.706,18.212,18.259,17.776,17.594,17.128,17.389,16.928,16.819,16.372,18.321,17.836,18.255,17.772,17.291,16.832,18.51,18.02,18.313,17.784,18.493,18.004,16.467,16.028,18.502,18.012,18.481,17.992,16.11,15.68,18.276,17.792,17.513,17.048,18.275,17.792,16.446,16.008,18.555,18.064,18.087,17.608,17.524,17.06,17.483,17.02,16.909,16.46,18.169,17.688,17.968,17.492,18.6,18.108,18.074,17.596,18.616,18.064
28/1/2026 18:50,10.703,10.408,10.522,10.232,9.812,9.544,9.562,9.296,9.266,9.008,10.481,10.192,10.445,10.156,9.558,9.292,10.506,10.216,10.412,10.124,10.645,10.352,9.443,9.18,10.666,10.372,10.547,10.256,9.292,9.032,10.256,9.972,9.841,9.552,10.526,10.236,9.415,9.152,10.453,10.164,10.255,9.972,9.869,9.596,9.635,9.368,9.279,9.02,10.346,10.06,10.161,9.88,10.469,10.18,10.313,10.028,10.576,10.264
28/1/2026 18:55,10.703,10.408,10.522,10.232,9.812,9.544,9.562,9.296,9.266,9.008,10.481,10.192,10.445,10.156,9.558,9.292,10.506,10.216,10.412,10.124,10.645,10.352,9.443,9.18,10.666,10.372,10.547,10.256,9.292,9.032,10.256,9.972,9.841,9.552,10.526,10.236,9.415,9.152,10.453,10.164,10.255,9.972,9.869,9.596,9.635,9.368,9.279,9.02,10.346,10.06,10.161,9.88,10.469,10.18,10.313,10.028,10.576,10.264
28/1/2026 19:00,10.703,10.408,10.522,10.232,9.812,9.544,9.562,9.296,9.266,9.008,10.481,10.192,10.445,10.156,9.558,9.292,10.506,10.216,10.412,10.124,10.645,10.352,9.443,9.18,10.666,10.372,10.547,10.256,9.292,9.032,10.256,9.972,9.841,9.552,10.526,10.236,9.415,9.152,10.453,10.164,10.255,9.972,9.869,9.596,9.635,9.368,9.279,9.02,10.346,10.06,10.161,9.88,10.469,10.18,10.313,10.028,10.576,10.264
28/1/2026 19:05,3.261,3.16,3.392,3.288,2.659,2.572,2.618,2.532,2.364,2.284,3.228,3.128,3.253,3.152,2.622,2.536,3.257,3.156,3.106,3.008,3.343,3.24,2.843,2.752,3.323,3.22,3.109,3.012,2.839,2.748,2.873,2.78,2.712,2.624,3.277,3.18,2.917,2.824,3.15,3.052,3.089,2.992,2.892,2.8,2.442,2.36,2.454,2.372,3.171,3.072,3.06,2.964,3.081,2.984,3.085,2.988,3.29,3.184
28/1/2026 19:10,3.261,3.16,3.392,3.288,2.659,2.572,2.618,2.532,2.364,2.284,3.228,3.128,3.253,3.152,2.622,2.536,3.257,3.156,3.106,3.008,3.343,3.24,2.843,2.752,3.323,3.22,3.109,3.012,2.839,2.748,2.873,2.78,2.712,2.624,3.277,3.18,2.917,2.824,3.15,3.052,3.089,2.992,2.892,2.8,2.442,2.36,2.454,2.372,3.171,3.072,3.06,2.964,3.081,2.984,3.085,2.988,3.29,3.184
28/1/2026 19:15,3.261,3.16,3.392,3.288,2.659,2.572,2.618,2.532,2.364,2.284,3.228,3.128,3.253,3.152,2.622,2.536,3.257,3.156,3.106,3.008,3.343,3.24,2.843,2.752,3.323,3.22,3.109,3.012,2.839,2.748,2.873,2.78,2.712,2.624,3.277,3.18,2.917,2.824,3.15,3.052,3.089,2.992,2.892,2.8,2.442,2.36,2.454,2.372,3.171,3.072,3.06,2.964,3.081,2.984,3.085,2.988,3.29,3.184
28/1/2026 19:20,1.868,1.8,0.06,0.032,0,0,0,0,0,0,0,0,0,0,0,0,1.774,1.708,1.704,1.64,0,0,0,0,0,0,0,0,0,0,0,0,0,0,0,0,0,0,0,0,0,0,0.689,0.648,0,0,0,0,0,0,0,0,0,0,0,0,0,0
28/1/2026 19:25,1.868,1.8,0.06,0.032,0,0,0,0,0,0,0,0,0,0,0,0,1.774,1.708,1.704,1.64,0,0,0,0,0,0,0,0,0,0,0,0,0,0,0,0,0,0,0,0,0,0,0.689,0.648,0,0,0,0,0,0,0,0,0,0,0,0,0,0
28/1/2026 19:30,1.868,1.8,0.06,0.032,0,0,0,0,0,0,0,0,0,0,0,0,1.774,1.708,1.704,1.64,0,0,0,0,0,0,0,0,0,0,0,0,0,0,0,0,0,0,0,0,0,0,0.689,0.648,0,0,0,0,0,0,0,0,0,0,0,0,0,0
28/1/2026 19:35,0,0,0,0,0,0,0,0,0,0,0,0,0,0,0,0,0,0,0,0,0,0,0,0,0,0,0,0,0,0,0,0,0,0,0,0,0,0,0,0,0,0,0,0,0,0,0,0,0,0,0,0,0,0,0,0,0,0
28/1/2026 19:40,0,0,0,0,0,0,0,0,0,0,0,0,0,0,0,0,0,0,0,0,0,0,0,0,0,0,0,0,0,0,0,0,0,0,0,0,0,0,0,0,0,0,0,0,0,0,0,0,0,0,0,0,0,0,0,0,0,0
28/1/2026 19:45,0,0,0,0,0,0,0,0,0,0,0,0,0,0,0,0,0,0,0,0,0,0,0,0,0,0,0,0,0,0,0,0,0,0,0,0,0,0,0,0,0,0,0,0,0,0,0,0,0,0,0,0,0,0,0,0,0,0
28/1/2026 19:50,0,0,0,0,0,0,0,0,0,0,0,0,0,0,0,0,0,0,0,0,0,0,0,0,0,0,0,0,0,0,0,0,0,0,0,0,0,0,0,0,0,0,0,0,0,0,0,0,0,0,0,0,0,0,0,0,0,0
28/1/2026 19:55,0,0,0,0,0,0,0,0,0,0,0,0,0,0,0,0,0,0,0,0,0,0,0,0,0,0,0,0,0,0,0,0,0,0,0,0,0,0,0,0,0,0,0,0,0,0,0,0,0,0,0,0,0,0,0,0,0,0
28/1/2026 20:00,0,0,0,0,0,0,0,0,0,0,0,0,0,0,0,0,0,0,0,0,0,0,0,0,0,0,0,0,0,0,0,0,0,0,0,0,0,0,0,0,0,0,0,0,0,0,0,0,0,0,0,0,0,0,0,0,0,0
28/1/2026 20:05,0,0,0,0,0,0,0,0,0,0,0,0,0,0,0,0,0,0,0,0,0,0,0,0,0,0,0,0,0,0,0,0,0,0,0,0,0,0,0,0,0,0,0,0,0,0,0,0,0,0,0,0,0,0,0,0,0,0
28/1/2026 20:10,0,0,0,0,0,0,0,0,0,0,0,0,0,0,0,0,0,0,0,0,0,0,0,0,0,0,0,0,0,0,0,0,0,0,0,0,0,0,0,0,0,0,0,0,0,0,0,0,0,0,0,0,0,0,0,0,0,0
28/1/2026 20:15,0,0,0,0,0,0,0,0,0,0,0,0,0,0,0,0,0,0,0,0,0,0,0,0,0,0,0,0,0,0,0,0,0,0,0,0,0,0,0,0,0,0,0,0,0,0,0,0,0,0,0,0,0,0,0,0,0,0
28/1/2026 20:20,0,0,0,0,0,0,0,0,0,0,0,0,0,0,0,0,0,0,0,0,0,0,0,0,0,0,0,0,0,0,0,0,0,0,0,0,0,0,0,0,0,0,0,0,0,0,0,0,0,0,0,0,0,0,0,0,0,0
28/1/2026 20:25,0,0,0,0,--,--,0,0,0,0,0,0,0,0,0,0,0,0,0,0,0,0,0,0,0,0,0,0,0,0,0,0,0,0,0,0,0,0,0,0,0,0,0,0,--,--,0,0,0,0,0,0,0,0,0,0,0,0
28/1/2026 20:30,0,0,0,0,--,--,0,0,0,0,0,0,0,0,0,0,0,0,0,0,0,0,0,0,0,0,0,0,0,0,0,0,0,0,0,0,0,0,0,0,0,0,0,0,--,--,0,0,0,0,0,0,0,0,0,0,0,0
28/1/2026 20:35,0,0,0,0,--,--,0,0,0,0,0,0,0,0,0,0,0,0,0,0,0,0,0,0,0,0,0,0,0,0,0,0,0,0,0,0,0,0,0,0,0,0,0,0,--,--,0,0,0,0,0,0,0,0,0,0,0,0
28/1/2026 20:40,0,0,0,0,--,--,0,0,0,0,0,0,0,0,0,0,0,0,0,0,0,0,0,0,0,0,0,0,0,0,0,0,0,0,0,0,0,0,0,0,0,0,0,0,--,--,0,0,0,0,0,0,0,0,0,0,0,0
28/1/2026 20:45,0,0,0,0,--,--,0,0,0,0,0,0,0,0,0,0,0,0,0,0,0,0,0,0,0,0,0,0,0,0,0,0,0,0,0,0,0,0,0,0,0,0,0,0,--,--,0,0,0,0,0,0,0,0,0,0,0,0
28/1/2026 20:50,0,0,0,0,--,--,0,0,0,0,0,0,0,0,0,0,0,0,0,0,0,0,0,0,0,0,0,0,0,0,0,0,0,0,0,0,0,0,0,0,0,0,0,0,--,--,0,0,0,0,0,0,0,0,0,0,0,0
28/1/2026 20:55,0,0,0,0,--,--,0,0,0,0,0,0,0,0,0,0,0,0,0,0,0,0,0,0,0,0,0,0,0,0,0,0,0,0,0,0,0,0,0,0,0,0,0,0,--,--,0,0,0,0,0,0,0,0,0,0,0,0
28/1/2026 21:00,0,0,0,0,--,--,0,0,0,0,0,0,0,0,0,0,0,0,0,0,0,0,0,0,0,0,0,0,0,0,0,0,0,0,0,0,0,0,0,0,0,0,0,0,--,--,0,0,0,0,0,0,0,0,0,0,0,0
28/1/2026 21:05,0,0,0,0,--,--,0,0,0,0,0,0,0,0,0,0,0,0,0,0,0,0,0,0,0,0,0,0,0,0,0,0,0,0,0,0,0,0,0,0,0,0,0,0,--,--,0,0,0,0,0,0,0,0,0,0,0,0
28/1/2026 21:10,0,0,0,0,--,--,0,0,0,0,0,0,0,0,0,0,0,0,0,0,0,0,0,0,0,0,0,0,0,0,0,0,0,0,0,0,0,0,0,0,0,0,0,0,--,--,0,0,0,0,0,0,0,0,0,0,0,0
28/1/2026 21:15,0,0,0,0,--,--,0,0,0,0,0,0,0,0,0,0,0,0,0,0,0,0,0,0,0,0,0,0,0,0,0,0,0,0,0,0,0,0,0,0,0,0,0,0,--,--,0,0,0,0,0,0,0,0,0,0,0,0
28/1/2026 21:20,0,0,0,0,--,--,0,0,0,0,0,0,0,0,0,0,0,0,0,0,0,0,0,0,0,0,0,0,0,0,0,0,0,0,0,0,0,0,0,0,0,0,0,0,--,--,0,0,0,0,0,0,0,0,0,0,0,0
28/1/2026 21:25,0,0,0,0,--,--,0,0,0,0,0,0,0,0,0,0,0,0,0,0,0,0,0,0,0,0,0,0,0,0,0,0,0,0,0,0,0,0,0,0,0,0,0,0,--,--,0,0,0,0,0,0,0,0,0,0,0,0
28/1/2026 21:30,0,0,0,0,--,--,0,0,0,0,0,0,0,0,0,0,0,0,0,0,0,0,0,0,0,0,0,0,0,0,0,0,0,0,0,0,0,0,0,0,0,0,0,0,--,--,0,0,0,0,0,0,0,0,0,0,0,0
28/1/2026 21:35,0,0,0,0,--,--,0,0,0,0,0,0,0,0,0,0,0,0,0,0,0,0,0,0,0,0,0,0,0,0,0,0,0,0,0,0,0,0,0,0,0,0,0,0,--,--,0,0,0,0,0,0,0,0,0,0,0,0
28/1/2026 21:40,0,0,0,0,--,--,0,0,0,0,0,0,0,0,0,0,0,0,0,0,0,0,0,0,0,0,0,0,0,0,0,0,0,0,0,0,0,0,0,0,0,0,0,0,--,--,0,0,0,0,0,0,0,0,0,0,0,0
28/1/2026 21:45,0,0,0,0,--,--,0,0,0,0,0,0,0,0,0,0,0,0,0,0,0,0,0,0,0,0,0,0,0,0,0,0,0,0,0,0,0,0,0,0,0,0,0,0,--,--,0,0,0,0,0,0,0,0,0,0,0,0
28/1/2026 21:50,0,0,0,0,--,--,0,0,0,0,0,0,0,0,0,0,0,0,0,0,0,0,0,0,0,0,0,0,0,0,0,0,0,0,0,0,0,0,0,0,0,0,0,0,--,--,0,0,0,0,0,0,0,0,0,0,0,0
28/1/2026 21:55,0,0,0,0,--,--,0,0,0,0,0,0,0,0,0,0,0,0,0,0,0,0,0,0,0,0,0,0,0,0,0,0,0,0,0,0,0,0,0,0,0,0,0,0,--,--,0,0,0,0,0,0,0,0,0,0,0,0
28/1/2026 22:00,0,0,0,0,--,--,0,0,0,0,0,0,0,0,0,0,0,0,0,0,0,0,0,0,0,0,0,0,0,0,0,0,0,0,0,0,0,0,0,0,0,0,0,0,--,--,0,0,0,0,0,0,0,0,0,0,0,0
28/1/2026 22:05,0,0,0,0,--,--,0,0,0,0,0,0,0,0,0,0,0,0,0,0,0,0,0,0,0,0,0,0,0,0,0,0,0,0,0,0,0,0,0,0,0,0,0,0,--,--,0,0,0,0,0,0,0,0,0,0,0,0
28/1/2026 22:10,0,0,0,0,--,--,0,0,0,0,0,0,0,0,0,0,0,0,0,0,0,0,0,0,0,0,0,0,0,0,0,0,0,0,0,0,0,0,0,0,0,0,0,0,--,--,0,0,0,0,0,0,0,0,0,0,0,0
28/1/2026 22:15,0,0,0,0,--,--,0,0,0,0,0,0,0,0,0,0,0,0,0,0,0,0,0,0,0,0,0,0,0,0,0,0,0,0,0,0,0,0,0,0,0,0,0,0,--,--,0,0,0,0,0,0,0,0,0,0,0,0
28/1/2026 22:20,0,0,0,0,--,--,0,0,0,0,0,0,0,0,0,0,0,0,0,0,0,0,0,0,0,0,0,0,0,0,0,0,0,0,0,0,0,0,0,0,0,0,0,0,--,--,0,0,0,0,0,0,0,0,0,0,0,0
28/1/2026 22:25,0,0,0,0,--,--,0,0,0,0,0,0,0,0,0,0,0,0,0,0,0,0,0,0,0,0,0,0,0,0,0,0,0,0,0,0,0,0,0,0,0,0,0,0,--,--,0,0,0,0,0,0,0,0,0,0,0,0
28/1/2026 22:30,0,0,0,0,--,--,0,0,0,0,0,0,0,0,0,0,0,0,0,0,0,0,0,0,0,0,0,0,0,0,0,0,0,0,0,0,0,0,0,0,0,0,0,0,--,--,0,0,0,0,0,0,0,0,0,0,0,0
28/1/2026 22:35,0,0,0,0,--,--,0,0,0,0,0,0,0,0,0,0,0,0,0,0,0,0,0,0,0,0,0,0,0,0,0,0,0,0,0,0,0,0,0,0,0,0,0,0,--,--,0,0,0,0,0,0,0,0,0,0,0,0
28/1/2026 22:40,0,0,0,0,--,--,0,0,0,0,0,0,0,0,0,0,0,0,0,0,0,0,0,0,0,0,0,0,0,0,0,0,0,0,0,0,0,0,0,0,0,0,0,0,--,--,0,0,0,0,0,0,0,0,0,0,0,0
28/1/2026 22:45,0,0,0,0,--,--,0,0,0,0,0,0,0,0,0,0,0,0,0,0,0,0,0,0,0,0,0,0,0,0,0,0,0,0,0,0,0,0,0,0,0,0,0,0,--,--,0,0,0,0,0,0,0,0,0,0,0,0
28/1/2026 22:50,0,0,0,0,--,--,0,0,0,0,0,0,0,0,0,0,0,0,0,0,0,0,0,0,0,0,0,0,0,0,0,0,0,0,0,0,0,0,0,0,0,0,0,0,--,--,0,0,0,0,0,0,0,0,0,0,0,0
28/1/2026 22:55,0,0,0,0,--,--,0,0,0,0,0,0,0,0,0,0,0,0,0,0,0,0,0,0,0,0,0,0,0,0,0,0,0,0,0,0,0,0,0,0,0,0,0,0,--,--,0,0,0,0,0,0,0,0,0,0,0,0
28/1/2026 23:00,0,0,0,0,--,--,0,0,0,0,0,0,0,0,0,0,0,0,0,0,0,0,0,0,0,0,0,0,0,0,0,0,0,0,0,0,0,0,0,0,0,0,0,0,--,--,0,0,0,0,0,0,0,0,0,0,0,0
28/1/2026 23:05,0,0,0,0,--,--,0,0,0,0,0,0,0,0,0,0,0,0,0,0,0,0,0,0,0,0,0,0,0,0,0,0,0,0,0,0,0,0,0,0,0,0,0,0,--,--,0,0,0,0,0,0,0,0,0,0,0,0
28/1/2026 23:10,0,0,0,0,--,--,0,0,0,0,0,0,0,0,0,0,0,0,0,0,0,0,0,0,0,0,0,0,0,0,0,0,0,0,0,0,0,0,0,0,0,0,0,0,--,--,0,0,0,0,0,0,0,0,0,0,0,0
28/1/2026 23:15,0,0,0,0,--,--,0,0,0,0,0,0,0,0,0,0,0,0,0,0,0,0,0,0,0,0,0,0,0,0,0,0,0,0,0,0,0,0,0,0,0,0,0,0,--,--,0,0,0,0,0,0,0,0,0,0,0,0
28/1/2026 23:20,0,0,0,0,--,--,0,0,0,0,0,0,0,0,0,0,0,0,0,0,0,0,0,0,0,0,0,0,0,0,0,0,0,0,0,0,0,0,0,0,0,0,0,0,--,--,0,0,0,0,0,0,0,0,0,0,0,0
28/1/2026 23:25,0,0,0,0,--,--,0,0,0,0,0,0,0,0,0,0,0,0,0,0,0,0,0,0,0,0,0,0,0,0,0,0,0,0,0,0,0,0,0,0,0,0,0,0,--,--,0,0,0,0,0,0,0,0,0,0,0,0
28/1/2026 23:30,0,0,0,0,--,--,0,0,0,0,0,0,0,0,0,0,0,0,0,0,0,0,0,0,0,0,0,0,0,0,0,0,0,0,0,0,0,0,0,0,0,0,0,0,--,--,0,0,0,0,0,0,0,0,0,0,0,0
28/1/2026 23:35,0,0,0,0,--,--,0,0,0,0,0,0,0,0,0,0,0,0,0,0,0,0,0,0,0,0,0,0,0,0,0,0,0,0,0,0,0,0,0,0,0,0,0,0,--,--,0,0,0,0,0,0,0,0,0,0,0,0
28/1/2026 23:40,0,0,0,0,--,--,0,0,0,0,0,0,0,0,0,0,0,0,0,0,0,0,0,0,0,0,0,0,0,0,0,0,0,0,0,0,0,0,0,0,0,0,0,0,--,--,0,0,0,0,0,0,0,0,0,0,0,0
28/1/2026 23:45,0,0,0,0,--,--,0,0,0,0,0,0,0,0,0,0,0,0,0,0,0,0,0,0,0,0,0,0,0,0,0,0,0,0,0,0,0,0,0,0,0,0,0,0,--,--,0,0,0,0,0,0,0,0,0,0,0,0
28/1/2026 23:50,0,0,0,0,--,--,0,0,0,0,0,0,0,0,0,0,0,0,0,0,0,0,0,0,0,0,0,0,0,0,0,0,0,0,0,0,0,0,0,0,0,0,0,0,--,--,0,0,0,0,0,0,0,0,0,0,0,0
28/1/2026 23:55,0,0,0,0,--,--,0,0,0,0,0,0,0,0,0,0,0,0,0,0,0,0,0,0,0,0,0,0,0,0,0,0,0,0,0,0,0,0,0,0,0,0,0,0,--,--,0,0,0,0,0,0,0,0,0,0,0,0
29/1/2026 0:00,--,--,--,--,--,--,--,--,--,--,--,--,--,--,--,--,--,--,--,--,--,--,--,--,--,--,--,--,--,--,--,--,--,--,--,--,--,--,--,--,--,--,--,--,--,--,--,--,--,--,--,--,--,--,--,--,--,--
29/1/2026 0:05,--,--,--,--,--,--,--,--,--,--,--,--,--,--,--,--,--,--,--,--,--,--,--,--,--,--,--,--,--,--,--,--,--,--,--,--,--,--,--,--,--,--,--,--,--,--,--,--,--,--,--,--,--,--,--,--,--,--
29/1/2026 0:10,--,--,--,--,--,--,--,--,--,--,--,--,--,--,--,--,--,--,--,--,--,--,--,--,--,--,--,--,--,--,--,--,--,--,--,--,--,--,--,--,--,--,--,--,--,--,--,--,--,--,--,--,--,--,--,--,--,--
29/1/2026 0:15,--,--,--,--,--,--,--,--,--,--,--,--,--,--,--,--,--,--,--,--,--,--,--,--,--,--,--,--,--,--,--,--,--,--,--,--,--,--,--,--,--,--,--,--,--,--,--,--,--,--,--,--,--,--,--,--,--,--
29/1/2026 0:20,0,0,0,0,--,--,0,0,0,0,0,0,0,0,0,0,0,0,0,0,0,0,0,0,0,0,0,0,0,0,0,0,0,0,0,0,0,0,0,0,0,0,0,0,--,--,0,0,0,0,0,0,0,0,0,0,0,0
29/1/2026 0:25,0,0,0,0,--,--,0,0,0,0,0,0,0,0,0,0,0,0,0,0,0,0,0,0,0,0,0,0,0,0,0,0,0,0,0,0,0,0,0,0,0,0,0,0,--,--,0,0,0,0,0,0,0,0,0,0,0,0
29/1/2026 0:30,0,0,0,0,--,--,0,0,0,0,0,0,0,0,0,0,0,0,0,0,0,0,0,0,0,0,0,0,0,0,0,0,0,0,0,0,0,0,0,0,0,0,0,0,--,--,0,0,0,0,0,0,0,0,0,0,0,0
29/1/2026 0:35,0,0,0,0,--,--,0,0,0,0,0,0,0,0,0,0,0,0,0,0,0,0,0,0,0,0,0,0,0,0,0,0,0,0,0,0,0,0,0,0,0,0,0,0,--,--,0,0,0,0,0,0,0,0,0,0,0,0
29/1/2026 0:40,0,0,0,0,--,--,0,0,0,0,0,0,0,0,0,0,0,0,0,0,0,0,0,0,0,0,0,0,0,0,0,0,0,0,0,0,0,0,0,0,0,0,0,0,--,--,0,0,0,0,0,0,0,0,0,0,0,0
29/1/2026 0:45,0,0,0,0,--,--,0,0,0,0,0,0,0,0,0,0,0,0,0,0,0,0,0,0,0,0,0,0,0,0,0,0,0,0,0,0,0,0,0,0,0,0,0,0,--,--,0,0,0,0,0,0,0,0,0,0,0,0
29/1/2026 0:50,0,0,0,0,--,--,0,0,0,0,0,0,0,0,0,0,0,0,0,0,0,0,0,0,0,0,0,0,0,0,0,0,0,0,0,0,0,0,0,0,0,0,0,0,--,--,0,0,0,0,0,0,0,0,0,0,0,0
29/1/2026 0:55,0,0,0,0,--,--,0,0,0,0,0,0,0,0,0,0,0,0,0,0,0,0,0,0,0,0,0,0,0,0,0,0,0,0,0,0,0,0,0,0,0,0,0,0,--,--,0,0,0,0,0,0,0,0,0,0,0,0
29/1/2026 1:00,0,0,0,0,--,--,0,0,0,0,0,0,0,0,0,0,0,0,0,0,0,0,0,0,0,0,0,0,0,0,0,0,0,0,0,0,0,0,0,0,0,0,0,0,--,--,0,0,0,0,0,0,0,0,0,0,0,0
29/1/2026 1:05,0,0,0,0,--,--,0,0,0,0,0,0,0,0,0,0,0,0,0,0,0,0,0,0,0,0,0,0,0,0,0,0,0,0,0,0,0,0,0,0,0,0,0,0,--,--,0,0,0,0,0,0,0,0,0,0,0,0
29/1/2026 1:10,0,0,0,0,--,--,0,0,0,0,0,0,0,0,0,0,0,0,0,0,0,0,0,0,0,0,0,0,0,0,0,0,0,0,0,0,0,0,0,0,0,0,0,0,--,--,0,0,0,0,0,0,0,0,0,0,0,0
29/1/2026 1:15,0,0,0,0,--,--,0,0,0,0,0,0,0,0,0,0,0,0,0,0,0,0,0,0,0,0,0,0,0,0,0,0,0,0,0,0,0,0,0,0,0,0,0,0,--,--,0,0,0,0,0,0,0,0,0,0,0,0
29/1/2026 1:20,0,0,0,0,--,--,0,0,0,0,0,0,0,0,0,0,0,0,0,0,0,0,0,0,0,0,0,0,0,0,0,0,0,0,0,0,0,0,0,0,0,0,0,0,--,--,0,0,0,0,0,0,0,0,0,0,0,0
29/1/2026 1:25,0,0,0,0,--,--,0,0,0,0,0,0,0,0,0,0,0,0,0,0,0,0,0,0,0,0,0,0,0,0,0,0,0,0,0,0,0,0,0,0,0,0,0,0,--,--,0,0,0,0,0,0,0,0,0,0,0,0
29/1/2026 1:30,0,0,0,0,--,--,0,0,0,0,0,0,0,0,0,0,0,0,0,0,0,0,0,0,0,0,0,0,0,0,0,0,0,0,0,0,0,0,0,0,0,0,0,0,--,--,0,0,0,0,0,0,0,0,0,0,0,0
29/1/2026 1:35,0,0,0,0,--,--,0,0,0,0,0,0,0,0,0,0,0,0,0,0,0,0,0,0,0,0,0,0,0,0,0,0,0,0,0,0,0,0,0,0,0,0,0,0,--,--,0,0,0,0,0,0,0,0,0,0,0,0
29/1/2026 1:40,0,0,0,0,--,--,0,0,0,0,0,0,0,0,0,0,0,0,0,0,0,0,0,0,0,0,0,0,0,0,0,0,0,0,0,0,0,0,0,0,0,0,0,0,--,--,0,0,0,0,0,0,0,0,0,0,0,0
29/1/2026 1:45,0,0,0,0,--,--,0,0,0,0,0,0,0,0,0,0,0,0,0,0,0,0,0,0,0,0,0,0,0,0,0,0,0,0,0,0,0,0,0,0,0,0,0,0,--,--,0,0,0,0,0,0,0,0,0,0,0,0
29/1/2026 1:50,0,0,0,0,--,--,0,0,0,0,0,0,0,0,0,0,0,0,0,0,0,0,0,0,0,0,0,0,0,0,0,0,0,0,0,0,0,0,0,0,0,0,0,0,--,--,0,0,0,0,0,0,0,0,0,0,0,0
29/1/2026 1:55,0,0,0,0,--,--,0,0,0,0,0,0,0,0,0,0,0,0,0,0,0,0,0,0,0,0,0,0,0,0,0,0,0,0,0,0,0,0,0,0,0,0,0,0,--,--,0,0,0,0,0,0,0,0,0,0,0,0
29/1/2026 2:00,0,0,0,0,--,--,0,0,0,0,0,0,0,0,0,0,0,0,0,0,0,0,0,0,0,0,0,0,0,0,0,0,0,0,0,0,0,0,0,0,0,0,0,0,--,--,0,0,0,0,0,0,0,0,0,0,0,0
29/1/2026 2:05,0,0,0,0,0,0,0,0,0,0,0,0,0,0,0,0,0,0,0,0,0,0,0,0,0,0,0,0,0,0,0,0,0,0,0,0,0,0,0,0,0,0,0,0,0,0,0,0,0,0,0,0,0,0,0,0,0,0
29/1/2026 2:10,0,0,0,0,0,0,0,0,0,0,0,0,0,0,0,0,0,0,0,0,0,0,0,0,0,0,0,0,0,0,0,0,0,0,0,0,0,0,0,0,0,0,0,0,0,0,0,0,0,0,0,0,0,0,0,0,0,0
29/1/2026 2:15,0,0,0,0,0,0,0,0,0,0,0,0,0,0,0,0,0,0,0,0,0,0,0,0,0,0,0,0,0,0,0,0,0,0,0,0,0,0,0,0,0,0,0,0,0,0,0,0,0,0,0,0,0,0,0,0,0,0
29/1/2026 2:20,0,0,0,0,0,0,0,0,0,0,0,0,0,0,0,0,0,0,0,0,0,0,0,0,0,0,0,0,0,0,0,0,0,0,0,0,0,0,0,0,0,0,0,0,0,0,0,0,0,0,0,0,0,0,0,0,0,0
29/1/2026 2:25,0,0,0,0,0,0,0,0,0,0,0,0,0,0,0,0,0,0,0,0,0,0,0,0,0,0,0,0,0,0,0,0,0,0,0,0,0,0,0,0,0,0,0,0,0,0,0,0,0,0,0,0,0,0,0,0,0,0
29/1/2026 2:30,0,0,0,0,0,0,0,0,0,0,0,0,0,0,0,0,0,0,0,0,0,0,0,0,0,0,0,0,0,0,0,0,0,0,0,0,0,0,0,0,0,0,0,0,0,0,0,0,0,0,0,0,0,0,0,0,0,0
29/1/2026 2:35,0,0,0,0,0,0,0,0,0,0,0,0,0,0,0,0,0,0,0,0,0,0,0,0,0,0,0,0,0,0,0,0,0,0,0,0,0,0,0,0,0,0,0,0,0,0,0,0,0,0,0,0,0,0,0,0,0,0
29/1/2026 2:40,0,0,0,0,0,0,0,0,0,0,0,0,0,0,0,0,0,0,0,0,0,0,0,0,0,0,0,0,0,0,0,0,0,0,0,0,0,0,0,0,0,0,0,0,0,0,0,0,0,0,0,0,0,0,0,0,0,0
29/1/2026 2:45,0,0,0,0,0,0,0,0,0,0,0,0,0,0,0,0,0,0,0,0,0,0,0,0,0,0,0,0,0,0,0,0,0,0,0,0,0,0,0,0,0,0,0,0,0,0,0,0,0,0,0,0,0,0,0,0,0,0
29/1/2026 2:50,0,0,0,0,0,0,0,0,0,0,0,0,0,0,0,0,0,0,0,0,0,0,0,0,0,0,0,0,0,0,0,0,0,0,0,0,0,0,0,0,0,0,0,0,0,0,0,0,0,0,0,0,0,0,0,0,0,0
29/1/2026 2:55,0,0,0,0,0,0,0,0,0,0,0,0,0,0,0,0,0,0,0,0,0,0,0,0,0,0,0,0,0,0,0,0,0,0,0,0,0,0,0,0,0,0,0,0,0,0,0,0,0,0,0,0,0,0,0,0,0,0
29/1/2026 3:00,0,0,0,0,0,0,0,0,0,0,0,0,0,0,0,0,0,0,0,0,0,0,0,0,0,0,0,0,0,0,0,0,0,0,0,0,0,0,0,0,0,0,0,0,0,0,0,0,0,0,0,0,0,0,0,0,0,0
29/1/2026 3:05,0,0,0,0,0,0,0,0,0,0,0,0,0,0,0,0,0,0,0,0,0,0,0,0,0,0,0,0,0,0,0,0,0,0,0,0,0,0,0,0,0,0,0,0,0,0,0,0,0,0,0,0,0,0,0,0,0,0
29/1/2026 3:10,0,0,0,0,0,0,0,0,0,0,0,0,0,0,0,0,0,0,0,0,0,0,0,0,0,0,0,0,0,0,0,0,0,0,0,0,0,0,0,0,0,0,0,0,0,0,0,0,0,0,0,0,0,0,0,0,0,0
29/1/2026 3:15,0,0,0,0,0,0,0,0,0,0,0,0,0,0,0,0,0,0,0,0,0,0,0,0,0,0,0,0,0,0,0,0,0,0,0,0,0,0,0,0,0,0,0,0,0,0,0,0,0,0,0,0,0,0,0,0,0,0
29/1/2026 3:20,0,0,0,0,0,0,0,0,0,0,0,0,0,0,0,0,0,0,0,0,0,0,0,0,0,0,0,0,0,0,0,0,0,0,0,0,0,0,0,0,0,0,0,0,0,0,0,0,0,0,0,0,0,0,0,0,0,0
29/1/2026 3:25,0,0,0,0,0,0,0,0,0,0,0,0,0,0,0,0,0,0,0,0,0,0,0,0,0,0,0,0,0,0,0,0,0,0,0,0,0,0,0,0,0,0,0,0,0,0,0,0,0,0,0,0,0,0,0,0,0,0
29/1/2026 3:30,0,0,0,0,0,0,0,0,0,0,0,0,0,0,0,0,0,0,0,0,0,0,0,0,0,0,0,0,0,0,0,0,0,0,0,0,0,0,0,0,0,0,0,0,0,0,0,0,0,0,0,0,0,0,0,0,0,0
29/1/2026 3:35,0,0,0,0,0,0,0,0,0,0,0,0,0,0,0,0,0,0,0,0,0,0,0,0,0,0,0,0,0,0,0,0,0,0,0,0,0,0,0,0,0,0,0,0,0,0,0,0,0,0,0,0,0,0,0,0,0,0
29/1/2026 3:40,0,0,0,0,0,0,0,0,0,0,0,0,0,0,0,0,0,0,0,0,0,0,0,0,0,0,0,0,0,0,0,0,0,0,0,0,0,0,0,0,0,0,0,0,0,0,0,0,0,0,0,0,0,0,0,0,0,0
29/1/2026 3:45,0,0,0,0,0,0,0,0,0,0,0,0,0,0,0,0,0,0,0,0,0,0,0,0,0,0,0,0,0,0,0,0,0,0,0,0,0,0,0,0,0,0,0,0,0,0,0,0,0,0,0,0,0,0,0,0,0,0
29/1/2026 3:50,0,0,0,0,0,0,0,0,0,0,0,0,0,0,0,0,0,0,0,0,0,0,0,0,0,0,0,0,0,0,0,0,0,0,0,0,0,0,0,0,0,0,0,0,0,0,0,0,0,0,0,0,0,0,0,0,0,0
29/1/2026 3:55,0,0,0,0,0,0,0,0,0,0,0,0,0,0,0,0,0,0,0,0,0,0,0,0,0,0,0,0,0,0,0,0,0,0,0,0,0,0,0,0,0,0,0,0,0,0,0,0,0,0,0,0,0,0,0,0,0,0
29/1/2026 4:00,0,0,0,0,0,0,0,0,0,0,0,0,0,0,0,0,0,0,0,0,0,0,0,0,0,0,0,0,0,0,0,0,0,0,0,0,0,0,0,0,0,0,0,0,0,0,0,0,0,0,0,0,0,0,0,0,0,0
29/1/2026 4:05,0,0,0,0,0,0,0,0,0,0,0,0,0,0,0,0,0,0,0,0,0,0,0,0,0,0,0,0,0,0,0,0,0,0,0,0,0,0,0,0,0,0,0,0,0,0,0,0,0,0,0,0,0,0,0,0,0,0
29/1/2026 4:10,0,0,0,0,0,0,0,0,0,0,0,0,0,0,0,0,0,0,0,0,0,0,0,0,0,0,0,0,0,0,0,0,0,0,0,0,0,0,0,0,0,0,0,0,0,0,0,0,0,0,0,0,0,0,0,0,0,0
29/1/2026 4:15,0,0,0,0,0,0,0,0,0,0,0,0,0,0,0,0,0,0,0,0,0,0,0,0,0,0,0,0,0,0,0,0,0,0,0,0,0,0,0,0,0,0,0,0,0,0,0,0,0,0,0,0,0,0,0,0,0,0
29/1/2026 4:20,0,0,0,0,0,0,0,0,0,0,0,0,0,0,0,0,0,0,0,0,0,0,0,0,0,0,0,0,0,0,0,0,0,0,0,0,0,0,0,0,0,0,0,0,0,0,0,0,0,0,0,0,0,0,0,0,0,0
29/1/2026 4:25,0,0,0,0,0,0,0,0,0,0,0,0,0,0,0,0,0,0,0,0,0,0,0,0,0,0,0,0,0,0,0,0,0,0,0,0,0,0,0,0,0,0,0,0,0,0,0,0,0,0,0,0,0,0,0,0,0,0
29/1/2026 4:30,0,0,0,0,0,0,0,0,0,0,0,0,0,0,0,0,0,0,0,0,0,0,0,0,0,0,0,0,0,0,0,0,0,0,0,0,0,0,0,0,0,0,0,0,0,0,0,0,0,0,0,0,0,0,0,0,0,0
29/1/2026 4:35,0,0,0,0,0,0,0,0,0,0,0,0,0,0,0,0,0,0,0,0,0,0,0,0,0,0,0,0,0,0,0,0,0,0,0,0,0,0,0,0,0,0,0,0,0,0,0,0,0,0,0,0,0,0,0,0,0,0
29/1/2026 4:40,0,0,0,0,0,0,0,0,0,0,0,0,0,0,0,0,0,0,0,0,0,0,0,0,0,0,0,0,0,0,0,0,0,0,0,0,0,0,0,0,0,0,0,0,0,0,0,0,0,0,0,0,0,0,0,0,0,0
29/1/2026 4:45,0,0,0,0,0,0,0,0,0,0,0,0,0,0,0,0,0,0,0,0,0,0,0,0,0,0,0,0,0,0,0,0,0,0,0,0,0,0,0,0,0,0,0,0,0,0,0,0,0,0,0,0,0,0,0,0,0,0
29/1/2026 4:50,0,0,0,0,0,0,0,0,0,0,0,0,0,0,0,0,0,0,0,0,0,0,0,0,0,0,0,0,0,0,0,0,0,0,0,0,0,0,0,0,0,0,0,0,0,0,0,0,0,0,0,0,0,0,0,0,0,0
29/1/2026 4:55,0,0,0,0,0,0,0,0,0,0,0,0,0,0,0,0,0,0,0,0,0,0,0,0,0,0,0,0,0,0,0,0,0,0,0,0,0,0,0,0,0,0,0,0,0,0,0,0,0,0,0,0,0,0,0,0,0,0
29/1/2026 5:00,0,0,0,0,0,0,0,0,0,0,0,0,0,0,0,0,0,0,0,0,0,0,0,0,0,0,0,0,0,0,0,0,0,0,0,0,0,0,0,0,0,0,0,0,0,0,0,0,0,0,0,0,0,0,0,0,0,0
29/1/2026 5:05,0,0,0,0,0,0,0,0,0,0,0,0,0,0,0,0,0,0,0,0,0,0,0,0,0,0,0,0,0,0,0,0,0,0,0,0,0,0,0,0,0,0,0,0,0,0,0,0,0,0,0,0,0,0,0,0,0,0
29/1/2026 5:10,0,0,0,0,0,0,0,0,0,0,0,0,0,0,0,0,0,0,0,0,0,0,0,0,0,0,0,0,0,0,0,0,0,0,0,0,0,0,0,0,0,0,0,0,0,0,0,0,0,0,0,0,0,0,0,0,0,0
29/1/2026 5:15,0,0,0,0,0,0,0,0,0,0,0,0,0,0,0,0,0,0,0,0,0,0,0,0,0,0,0,0,0,0,0,0,0,0,0,0,0,0,0,0,0,0,0,0,0,0,0,0,0,0,0,0,0,0,0,0,0,0
29/1/2026 5:20,0,0,0,0,0,0,0,0,0,0,0,0,0,0,0,0,0,0,0,0,0,0,0,0,0,0,0,0,0,0,0,0,0,0,0,0,0,0,0,0,0,0,0,0,0,0,0,0,0,0,0,0,0,0,0,0,0,0
29/1/2026 5:25,0,0,0,0,0,0,0,0,0,0,0,0,0,0,0,0,0,0,0,0,0,0,0,0,0,0,0,0,0,0,0,0,0,0,0,0,0,0,0,0,0,0,0,0,0,0,0,0,0,0,0,0,0,0,0,0,0,0
29/1/2026 5:30,0,0,0,0,0,0,0,0,0,0,0,0,0,0,0,0,0,0,0,0,0,0,0,0,0,0,0,0,0,0,0,0,0,0,0,0,0,0,0,0,0,0,0,0,0,0,0,0,0,0,0,0,0,0,0,0,0,0
29/1/2026 5:35,0,0,0,0,0,0,0,0,0,0,0,0,0,0,0,0,0,0,0,0,0,0,0,0,0,0,0,0,0,0,0,0,0,0,0,0,0,0,0,0,0,0,0,0,0,0,0,0,0,0,0,0,0,0,0,0,0,0
29/1/2026 5:40,0,0,0,0,0,0,0,0,0,0,0,0,0,0,0,0,0,0,0,0,0,0,0,0,0,0,0,0,0,0,0,0,0,0,0,0,0,0,0,0,0,0,0,0,0,0,0,0,0,0,0,0,0,0,0,0,0,0
29/1/2026 5:45,0,0,0,0,0,0,0,0,0,0,0,0,0,0,0,0,0,0,0,0,0,0,0,0,0,0,0,0,0,0,0,0,0,0,0,0,0,0,0,0,0,0,0,0,0,0,0,0,0,0,0,0,0,0,0,0,0,0
29/1/2026 5:50,0,0,0,0,0,0,0,0,0,0,0,0,0,0,0,0,0,0,0,0,0,0,0,0,0,0,0,0,0,0,0,0,0,0,0,0,0,0,0,0,0,0,0,0,0,0,0,0,0,0,0,0,0,0,0,0,0,0
29/1/2026 5:55,0,0,0,0,0,0,0,0,0,0,0,0,0,0,0,0,0,0,0,0,0,0,0,0,0,0,0,0,0,0,0,0,0,0,0,0,0,0,0,0,0,0,0,0,0,0,0,0,0,0,0,0,0,0,0,0,0,0
29/1/2026 6:00,0,0,0,0,0,0,0,0,0,0,0,0,0,0,0,0,0,0,0,0,0,0,0,0,0,0,0,0,0,0,0,0,0,0,0,0,0,0,0,0,0,0,0,0,0,0,0,0,0,0,0,0,0,0,0,0,0,0
29/1/2026 6:05,0,0,0,0,0,0,0,0,0,0,0,0,0,0,0,0,0,0,0,0,0,0,0,0,0,0,0,0,0,0,0,0,0,0,0,0,0,0,0,0,0,0,0,0,0,0,0,0,0,0,0,0,0,0,0,0,0,0
29/1/2026 6:10,0,0,0,0,0,0,0,0,0,0,0,0,0,0,0,0,0,0,0,0,0,0,0,0,0,0,0,0,0,0,0,0,0,0,0,0,0,0,0,0,0,0,0,0,0,0,0,0,0,0,0,0,0,0,0,0,0,0
29/1/2026 6:15,0,0,0,0,0,0,0,0,0,0,0,0,0,0,0,0,0,0,0,0,0,0,0,0,0,0,0,0,0,0,0,0,0,0,0,0,0,0,0,0,0,0,0,0,0,0,0,0,0,0,0,0,0,0,0,0,0,0
29/1/2026 6:20,0,0,0,0,0,0,0,0,0,0,0,0,0,0,0,0,0,0,0,0,0,0,0,0,0,0,0,0,0,0,0,0,0,0,0,0,0,0,0,0,0,0,0,0,0,0,0,0,0,0,0,0,0,0,0,0,0,0
29/1/2026 6:25,0,0,0,0,0,0,0,0,0,0,0,0,0,0,0,0,0,0,0,0,0,0,0,0,0,0,0,0,0,0,0,0,0,0,0,0,0,0,0,0,0,0,0,0,0,0,0,0,0,0,0,0,0,0,0,0,0,0
29/1/2026 6:30,0,0,0,0,0,0,0,0,0,0,0,0,0,0,0,0,0,0,0,0,0,0,0,0,0,0,0,0,0,0,0,0,0,0,0,0,0,0,0,0,0,0,0,0,0,0,0,0,0,0,0,0,0,0,0,0,0,0
29/1/2026 6:35,0,0,0,0,0,0,0,0,0,0,0,0,0,0,0,0,0,0,0,0,0,0,0,0,0,0,0,0,0,0,0,0,0,0,0,0,0,0,0,0,0,0,0,0,0,0,0,0,0,0,0,0,0,0,0,0,0,0
29/1/2026 6:40,0,0,0,0,0,0,0,0,0,0,0,0,0,0,0,0,0,0,0,0,0,0,0,0,0,0,0,0,0,0,0,0,0,0,0,0,0,0,0,0,0,0,0,0,0,0,0,0,0,0,0,0,0,0,0,0,0,0
29/1/2026 6:45,0,0,0,0,0,0,0,0,0,0,0,0,0,0,0,0,0,0,0,0,0,0,0,0,0,0,0,0,0,0,0,0,0,0,0,0,0,0,0,0,0,0,0,0,0,0,0,0,0,0,0,0,0,0,0,0,0,0
29/1/2026 6:50,0,0,0,0,0,0,0,0,0,0,0,0,0,0,0,0,0,0,0,0,0,0,0,0,0,0,0,0,0,0,0,0,0,0,0,0,0,0,0,0,0,0,0,0,0,0,0,0,0,0,0,0,0,0,0,0,0,0
29/1/2026 6:55,0,0,0,0,0,0,0,0,0,0,0,0,0,0,0,0,0,0,0,0,0,0,0,0,0,0,0,0,0,0,0,0,0,0,0,0,0,0,0,0,0,0,0,0,0,0,0,0,0,0,0,0,0,0,0,0,0,0
29/1/2026 7:00,0,0,0,0,0,0,0,0,0,0,0,0,0,0,0,0,0,0,0,0,0,0,0,0,0,0,0,0,0,0,0,0,0,0,0,0,0,0,0,0,0,0,0,0,0,0,0,0,0,0,0,0,0,0,0,0,0,0
29/1/2026 7:05,0,0,0,0,0,0,0,0,0,0,0,0,0,0,0,0,0,0,0,0,0,0,0,0,0,0,0,0,0,0,0,0,0,0,0,0,0,0,0,0,0,0,0,0,0,0,0,0,0,0,0,0,0,0,0,0,0,0
29/1/2026 7:10,0,0,0,0,0,0,0,0,0,0,0,0,0,0,0,0,0,0,0,0,0,0,0,0,0,0,0,0,0,0,0,0,0,0,0,0,0,0,0,0,0,0,0,0,0,0,0,0,0,0,0,0,0,0,0,0,0,0
29/1/2026 7:15,0,0,0,0,0,0,0,0,0,0,0,0,0,0,0,0,0,0,0,0,0,0,0,0,0,0,0,0,0,0,0,0,0,0,0,0,0,0,0,0,0,0,0,0,0,0,0,0,0,0,0,0,0,0,0,0,0,0
29/1/2026 7:20,0,0,0,0,0,0,0,0,0,0,0,0,0,0,0,0,0,0,0,0,0,0,0,0,0,0,0.051,0.036,0,0,0,0,0,0,0,0,0,0,0,0,0,0,0,0,0,0,0,0,0,0,0,0,0,0,0,0,0.096,0.104
29/1/2026 7:25,0,0,0,0,0,0,0,0,0,0,0,0,0,0,0,0,0,0,0,0,0,0,0,0,0,0,0.051,0.036,0,0,0,0,0,0,0,0,0,0,0,0,0,0,0,0,0,0,0,0,0,0,0,0,0,0,0,0,0.096,0.104
29/1/2026 7:30,0,0,0,0,0,0,0,0,0,0,0,0,0,0,0,0,0,0,0,0,0,0,0,0,0,0,0.051,0.036,0,0,0,0,0,0,0,0,0,0,0,0,0,0,0,0,0,0,0,0,0,0,0,0,0,0,0,0,0.096,0.104
29/1/2026 7:35,0,0,0,0,4.724,4.6,0,0,0,0,0,0,0,0,0,0,0,0,11.377,11.12,0,0,0,0,0,0,11.391,11.108,0,0,0,0,10.797,10.552,11.242,10.792,10.278,10.044,0,0,0,0,9.666,9.476,0,0,0,0,0,0,0,0,0,0,0,0,11.277,10.996
29/1/2026 7:40,0,0,0,0,4.724,4.6,0,0,0,0,0,0,0,0,0,0,0,0,11.377,11.12,0,0,0,0,0,0,11.391,11.108,0,0,0,0,10.797,10.552,11.242,10.792,10.278,10.044,0,0,0,0,9.666,9.476,0,0,0,0,0,0,0,0,0,0,0,0,11.277,10.996
29/1/2026 7:45,0,0,0,0,4.724,4.6,0,0,0,0,0,0,0,0,0,0,0,0,11.377,11.12,0,0,0,0,0,0,11.391,11.108,0,0,0,0,10.797,10.552,11.242,10.792,10.278,10.044,0,0,0,0,9.666,9.476,0,0,0,0,0,0,0,0,0,0,0,0,11.277,10.996
29/1/2026 7:50,0,0,0,0,18.292,17.852,0,0,0,0,0,0,0,0,0,0,0,0,39.272,38.42,0,0,0,0,0,0,39.624,38.768,0,0,0,0,38.368,37.528,38.928,38.08,36.525,35.708,0,0,0,0,36.362,35.548,0,0,0,0,0,0,0,0,0,0,0,0,38.989,38.14
29/1/2026 7:55,0,0,0,0,18.292,17.852,0,0,0,0,0,0,0,0,0,0,0,0,39.272,38.42,0,0,0,0,0,0,39.624,38.768,0,0,0,0,38.368,37.528,38.928,38.08,36.525,35.708,0,0,0,0,36.362,35.548,0,0,0,0,0,0,0,0,0,0,0,0,38.989,38.14
29/1/2026 8:00,0,0,0,0,18.292,17.852,0,0,0,0,0,0,0,0,0,0,0,0,39.272,38.42,0,0,0,0,0,0,39.624,38.768,0,0,0,0,38.368,37.528,38.928,38.08,36.525,35.708,0,0,0,0,36.362,35.548,0,0,0,0,0,0,0,0,0,0,0,0,38.989,38.14
29/1/2026 8:05,0,0,0,0,49.323,48.34,0,0,0,0,0,0,0,0,0,0,0,0,105.618,104.048,0,0,0,0,0,0,105.424,102.736,0,0,0,0,103.871,102.216,105.909,104.34,97.726,96.34,0,0,0,0,98.026,96.448,0,0,0,0,0,0,0,0,0,0,0,0,105.448,103.772
29/1/2026 8:10,0,0,0,0,49.323,48.34,0,0,0,0,0,0,0,0,0,0,0,0,105.618,104.048,0,0,0,0,0,0,105.424,102.736,0,0,0,0,103.871,102.216,105.909,104.34,97.726,96.34,0,0,0,0,98.026,96.448,0,0,0,0,0,0,0,0,0,0,0,0,105.448,103.772
29/1/2026 8:15,0,0,0,0,49.323,48.34,0,0,0,0,0,0,0,0,0,0,0,0,105.618,104.048,0,0,0,0,0,0,105.424,102.736,0,0,0,0,103.871,102.216,105.909,104.34,97.726,96.34,0,0,0,0,98.026,96.448,0,0,0,0,0,0,0,0,0,0,0,0,105.448,103.772
29/1/2026 8:20,98.808,97.16,116.926,115.048,173.931,167.656,0,0,161.4,158.956,0,0,147.155,144.896,113.01,111.18,114.051,112.208,148.674,146.396,0,0,0,0,0,0,99.359,97.704,0,0,112.61,110.784,116.886,115.008,100.47,98.8,143.601,141.388,0,0,100.607,98.936,158.007,163.452,0,0,0,0,0,0,0,0,96.448,94.832,100.36,98.692,115.4,112.832
29/1/2026 8:25,98.808,97.16,116.926,115.048,173.931,167.656,0,0,161.4,158.956,0,0,147.155,144.896,113.01,111.18,114.051,112.208,148.674,146.396,0,0,0,0,0,0,99.359,97.704,0,0,112.61,110.784,116.886,115.008,100.47,98.8,143.601,141.388,0,0,100.607,98.936,158.007,163.452,0,0,0,0,0,0,0,0,96.448,94.832,100.36,98.692,115.4,112.832
29/1/2026 8:30,98.808,97.16,116.926,115.048,173.931,167.656,0,0,161.4,158.956,0,0,147.155,144.896,113.01,111.18,114.051,112.208,148.674,146.396,0,0,0,0,0,0,99.359,97.704,0,0,112.61,110.784,116.886,115.008,100.47,98.8,143.601,141.388,0,0,100.607,98.936,158.007,163.452,0,0,0,0,0,0,0,0,96.448,94.832,100.36,98.692,115.4,112.832
29/1/2026 8:35,106.565,104.816,109.855,108.064,79.492,77.828,101.658,99.972,102.428,100.732,107.796,106.032,107.266,105.508,108.084,106.316,106.249,104.504,107.602,106.332,0,0,103.951,102.236,0,0,106.338,104.592,0,0,108.012,106.244,109.462,107.676,111.949,110.132,105.908,104.168,0,0,111.07,109.264,103.587,101.876,79.382,78.004,0,0,0,0,0,0,105.321,103.588,111.697,109.884,106.318,104.74
29/1/2026 8:40,106.565,104.816,109.855,108.064,79.492,77.828,101.658,99.972,102.428,100.732,107.796,106.032,107.266,105.508,108.084,106.316,106.249,104.504,107.602,106.332,0,0,103.951,102.236,0,0,106.338,104.592,0,0,108.012,106.244,109.462,107.676,111.949,110.132,105.908,104.168,0,0,111.07,109.264,103.587,101.876,79.382,78.004,0,0,0,0,0,0,105.321,103.588,111.697,109.884,106.318,104.74
29/1/2026 8:45,106.565,104.816,109.855,108.064,79.492,77.828,101.658,99.972,102.428,100.732,107.796,106.032,107.266,105.508,108.084,106.316,106.249,104.504,107.602,106.332,0,0,103.951,102.236,0,0,106.338,104.592,0,0,108.012,106.244,109.462,107.676,111.949,110.132,105.908,104.168,0,0,111.07,109.264,103.587,101.876,79.382,78.004,0,0,0,0,0,0,105.321,103.588,111.697,109.884,106.318,104.74
29/1/2026 8:50,101.99,100.3,126.532,124.54,102.764,100.792,155.096,152.736,138.188,136.044,110.49,108.692,135.33,133.224,140.242,138.072,109.32,107.536,138.698,136.548,112.021,110.204,88.098,86.596,102.776,101.076,101.573,99.888,89.222,87.704,104.637,102.912,128.67,121.952,104.21,102.492,88.419,86.912,100.198,98.532,108.461,106.688,142.236,136.492,102.934,101.232,154.983,152.624,97.125,95.5,140.741,138.564,101.131,99.452,103.708,101.996,111.484,109.672
29/1/2026 8:55,101.99,100.3,126.532,124.54,102.764,100.792,155.096,152.736,138.188,136.044,110.49,108.692,135.33,133.224,140.242,138.072,109.32,107.536,138.698,136.548,112.021,110.204,88.098,86.596,102.776,101.076,101.573,99.888,89.222,87.704,104.637,102.912,128.67,121.952,104.21,102.492,88.419,86.912,100.198,98.532,108.461,106.688,142.236,136.492,102.934,101.232,154.983,152.624,97.125,95.5,140.741,138.564,101.131,99.452,103.708,101.996,111.484,109.672
29/1/2026 9:00,101.99,100.3,126.532,124.54,102.764,100.792,155.096,152.736,138.188,136.044,110.49,108.692,135.33,133.224,140.242,138.072,109.32,107.536,138.698,136.548,112.021,110.204,88.098,86.596,102.776,101.076,101.573,99.888,89.222,87.704,104.637,102.912,128.67,121.952,104.21,102.492,88.419,86.912,100.198,98.532,108.461,106.688,142.236,136.492,102.934,101.232,154.983,152.624,97.125,95.5,140.741,138.564,101.131,99.452,103.708,101.996,111.484,109.672
29/1/2026 9:05,206.727,203.504,202.611,199.46,195.223,189.24,172.939,170.3,158.571,156.168,114.44,112.592,118.525,116.628,200.971,197.848,211.05,207.752,119.226,117.32,115.193,113.336,111.977,110.16,210.924,207.628,211.437,208.132,110.284,108.488,211.865,208.552,202.184,199.9,114.047,112.204,122.954,117.156,205.285,202.088,135.005,132.904,152.073,149.752,193.391,190.4,180.252,177.488,132.419,130.352,200.153,197.044,208.583,205.328,112.973,111.144,210.537,207.248
29/1/2026 9:10,206.727,203.504,202.611,199.46,195.223,189.24,172.939,170.3,158.571,156.168,114.44,112.592,118.525,116.628,200.971,197.848,211.05,207.752,119.226,117.32,115.193,113.336,111.977,110.16,210.924,207.628,211.437,208.132,110.284,108.488,211.865,208.552,202.184,199.9,114.047,112.204,122.954,117.156,205.285,202.088,135.005,132.904,152.073,149.752,193.391,190.4,180.252,177.488,132.419,130.352,200.153,197.044,208.583,205.328,112.973,111.144,210.537,207.248
29/1/2026 9:15,206.727,203.504,202.611,199.46,195.223,189.24,172.939,170.3,158.571,156.168,114.44,112.592,118.525,116.628,200.971,197.848,211.05,207.752,119.226,117.32,115.193,113.336,111.977,110.16,210.924,207.628,211.437,208.132,110.284,108.488,211.865,208.552,202.184,199.9,114.047,112.204,122.954,117.156,205.285,202.088,135.005,132.904,152.073,149.752,193.391,190.4,180.252,177.488,132.419,130.352,200.153,197.044,208.583,205.328,112.973,111.144,210.537,207.248
29/1/2026 9:20,85.197,83.736,81.091,79.688,80.237,78.86,76.67,75.332,77.661,76.308,84.743,83.288,84.28,82.832,79.873,78.488,82.621,81.196,85.023,83.564,85.217,83.756,74.876,73.564,83.266,81.832,84.609,83.272,74.263,72.96,83.801,82.36,80.388,78.98,84.146,82.884,74.978,73.664,84.552,83.1,84.101,82.656,78.635,77.328,80.692,79.296,76.544,75.208,84.381,82.932,79.649,78.268,85.14,83.68,84.272,82.824,82.905,81.476
29/1/2026 9:25,85.197,83.736,81.091,79.688,80.237,78.86,76.67,75.332,77.661,76.308,84.743,83.288,84.28,82.832,79.873,78.488,82.621,81.196,85.023,83.564,85.217,83.756,74.876,73.564,83.266,81.832,84.609,83.272,74.263,72.96,83.801,82.36,80.388,78.98,84.146,82.884,74.978,73.664,84.552,83.1,84.101,82.656,78.635,77.328,80.692,79.296,76.544,75.208,84.381,82.932,79.649,78.268,85.14,83.68,84.272,82.824,82.905,81.476
29/1/2026 9:30,85.197,83.736,81.091,79.688,80.237,78.86,76.67,75.332,77.661,76.308,84.743,83.288,84.28,82.832,79.873,78.488,82.621,81.196,85.023,83.564,85.217,83.756,74.876,73.564,83.266,81.832,84.609,83.272,74.263,72.96,83.801,82.36,80.388,78.98,84.146,82.884,74.978,73.664,84.552,83.1,84.101,82.656,78.635,77.328,80.692,79.296,76.544,75.208,84.381,82.932,79.649,78.268,85.14,83.68,84.272,82.824,82.905,81.476
29/1/2026 9:35,212.516,209.192,157.117,154.732,187.969,183.532,150.644,148.34,154.999,152.64,209.234,205.968,207.129,203.9,158.437,156.036,190.18,187.244,209.356,206.088,209.14,205.876,181.811,179.02,184.583,181.744,213.371,207.972,183.114,180.3,189.903,186.972,155.444,154.824,205.94,202.732,181.555,178.768,208.868,205.608,204.772,201.584,155.865,153.496,188.677,185.768,151.426,149.112,204.141,200.964,160.493,158.064,211.697,208.388,206.299,203.084,191.153,188.2
29/1/2026 9:40,212.516,209.192,157.117,154.732,187.969,183.532,150.644,148.34,154.999,152.64,209.234,205.968,207.129,203.9,158.437,156.036,190.18,187.244,209.356,206.088,209.14,205.876,181.811,179.02,184.583,181.744,213.371,207.972,183.114,180.3,189.903,186.972,155.444,154.824,205.94,202.732,181.555,178.768,208.868,205.608,204.772,201.584,155.865,153.496,188.677,185.768,151.426,149.112,204.141,200.964,160.493,158.064,211.697,208.388,206.299,203.084,191.153,188.2
29/1/2026 9:45,212.516,209.192,157.117,154.732,187.969,183.532,150.644,148.34,154.999,152.64,209.234,205.968,207.129,203.9,158.437,156.036,190.18,187.244,209.356,206.088,209.14,205.876,181.811,179.02,184.583,181.744,213.371,207.972,183.114,180.3,189.903,186.972,155.444,154.824,205.94,202.732,181.555,178.768,208.868,205.608,204.772,201.584,155.865,153.496,188.677,185.768,151.426,149.112,204.141,200.964,160.493,158.064,211.697,208.388,206.299,203.084,191.153,188.2
29/1/2026 9:50,272.538,268.128,208.277,205.028,268.486,264.152,217.409,214,220.85,217.38,238.297,234.516,231.047,227.396,204.934,201.744,236.64,232.888,231.413,227.756,241.894,238.048,202.96,199.804,244.176,240.288,271.723,265.844,203.331,200.168,248.837,244.864,208.382,205.132,237.275,233.512,203.668,200.5,264.117,259.864,234.484,230.772,222.605,219.104,270.724,266.348,217.421,214.012,234.59,230.876,206.196,202.984,267.035,262.728,236.851,233.096,237.442,233.676
29/1/2026 9:55,272.538,268.128,208.277,205.028,268.486,264.152,217.409,214,220.85,217.38,238.297,234.516,231.047,227.396,204.934,201.744,236.64,232.888,231.413,227.756,241.894,238.048,202.96,199.804,244.176,240.288,271.723,265.844,203.331,200.168,248.837,244.864,208.382,205.132,237.275,233.512,203.668,200.5,264.117,259.864,234.484,230.772,222.605,219.104,270.724,266.348,217.421,214.012,234.59,230.876,206.196,202.984,267.035,262.728,236.851,233.096,237.442,233.676
29/1/2026 10:00,272.538,268.128,208.277,205.028,268.486,264.152,217.409,214,220.85,217.38,238.297,234.516,231.047,227.396,204.934,201.744,236.64,232.888,231.413,227.756,241.894,238.048,202.96,199.804,244.176,240.288,271.723,265.844,203.331,200.168,248.837,244.864,208.382,205.132,237.275,233.512,203.668,200.5,264.117,259.864,234.484,230.772,222.605,219.104,270.724,266.348,217.421,214.012,234.59,230.876,206.196,202.984,267.035,262.728,236.851,233.096,237.442,233.676
29/1/2026 10:05,52.469,51.372,53.082,51.98,53.387,52.284,54.097,52.988,51.941,50.848,48.116,47.056,48.726,47.66,51.76,50.668,52.752,51.652,48.831,47.764,48.471,47.408,47.337,46.284,52.26,51.164,52.155,50.844,46.892,45.844,52.756,51.656,53.078,51.512,50.017,48.94,45.768,44.732,50.816,49.732,48.928,47.86,52.965,51.588,53.456,52.352,53.803,52.696,49.218,48.148,51.772,50.68,51.562,50.472,49.836,48.76,53.356,52.252
29/1/2026 10:10,52.469,51.372,53.082,51.98,53.387,52.284,54.097,52.988,51.941,50.848,48.116,47.056,48.726,47.66,51.76,50.668,52.752,51.652,48.831,47.764,48.471,47.408,47.337,46.284,52.26,51.164,52.155,50.844,46.892,45.844,52.756,51.656,53.078,51.512,50.017,48.94,45.768,44.732,50.816,49.732,48.928,47.86,52.965,51.588,53.456,52.352,53.803,52.696,49.218,48.148,51.772,50.68,51.562,50.472,49.836,48.76,53.356,52.252
29/1/2026 10:15,52.469,51.372,53.082,51.98,53.387,52.284,54.097,52.988,51.941,50.848,48.116,47.056,48.726,47.66,51.76,50.668,52.752,51.652,48.831,47.764,48.471,47.408,47.337,46.284,52.26,51.164,52.155,50.844,46.892,45.844,52.756,51.656,53.078,51.512,50.017,48.94,45.768,44.732,50.816,49.732,48.928,47.86,52.965,51.588,53.456,52.352,53.803,52.696,49.218,48.148,51.772,50.68,51.562,50.472,49.836,48.76,53.356,52.252
29/1/2026 10:20,17.944,17.468,16.257,15.824,16.355,15.896,14.903,14.504,14.678,14.284,18.124,17.644,18.054,17.576,15.252,14.844,17.037,16.584,18.067,17.588,18.382,17.896,15.449,15.036,17.168,16.712,17.767,17.28,15.4,14.988,16.828,16.38,15.56,15.144,17.631,17.164,15.609,15.192,17.644,17.176,17.295,16.836,15.395,14.984,16.179,15.748,14.673,14.28,17.496,17.032,15.9,15.476,17.648,17.18,17.459,16.996,17.07,16.616
29/1/2026 10:25,17.944,17.468,16.257,15.824,16.355,15.896,14.903,14.504,14.678,14.284,18.124,17.644,18.054,17.576,15.252,14.844,17.037,16.584,18.067,17.588,18.382,17.896,15.449,15.036,17.168,16.712,17.767,17.28,15.4,14.988,16.828,16.38,15.56,15.144,17.631,17.164,15.609,15.192,17.644,17.176,17.295,16.836,15.395,14.984,16.179,15.748,14.673,14.28,17.496,17.032,15.9,15.476,17.648,17.18,17.459,16.996,17.07,16.616
29/1/2026 10:30,17.944,17.468,16.257,15.824,16.355,15.896,14.903,14.504,14.678,14.284,18.124,17.644,18.054,17.576,15.252,14.844,17.037,16.584,18.067,17.588,18.382,17.896,15.449,15.036,17.168,16.712,17.767,17.28,15.4,14.988,16.828,16.38,15.56,15.144,17.631,17.164,15.609,15.192,17.644,17.176,17.295,16.836,15.395,14.984,16.179,15.748,14.673,14.28,17.496,17.032,15.9,15.476,17.648,17.18,17.459,16.996,17.07,16.616
29/1/2026 10:35,36.608,35.708,37.468,36.556,34.483,33.616,34.736,33.864,34.89,34.016,35.901,35.012,35.678,34.792,36.413,35.516,36.945,36.04,35.719,34.832,36.104,35.212,34.415,33.548,36.985,36.08,36.291,35.396,34.399,33.532,37.022,36.116,36.888,35.984,36.762,35.86,34.553,33.664,35.812,34.924,36.445,35.548,35.499,34.616,34.467,33.6,34.496,33.628,36.51,35.612,36.973,36.068,36.421,35.524,36.648,35.748,37.05,36.144
29/1/2026 10:40,36.608,35.708,37.468,36.556,34.483,33.616,34.736,33.864,34.89,34.016,35.901,35.012,35.678,34.792,36.413,35.516,36.945,36.04,35.719,34.832,36.104,35.212,34.415,33.548,36.985,36.08,36.291,35.396,34.399,33.532,37.022,36.116,36.888,35.984,36.762,35.86,34.553,33.664,35.812,34.924,36.445,35.548,35.499,34.616,34.467,33.6,34.496,33.628,36.51,35.612,36.973,36.068,36.421,35.524,36.648,35.748,37.05,36.144
29/1/2026 10:45,36.608,35.708,37.468,36.556,34.483,33.616,34.736,33.864,34.89,34.016,35.901,35.012,35.678,34.792,36.413,35.516,36.945,36.04,35.719,34.832,36.104,35.212,34.415,33.548,36.985,36.08,36.291,35.396,34.399,33.532,37.022,36.116,36.888,35.984,36.762,35.86,34.553,33.664,35.812,34.924,36.445,35.548,35.499,34.616,34.467,33.6,34.496,33.628,36.51,35.612,36.973,36.068,36.421,35.524,36.648,35.748,37.05,36.144
29/1/2026 10:50,87.166,85.676,83.29,81.912,84.665,83.368,81.772,80.416,81.432,80.08,84.503,83.108,85.217,83.812,82.588,81.22,84.922,83.464,85.915,84.5,85.103,83.7,77.264,75.972,85.551,84.084,86.464,85.112,77.382,76.088,86.391,84.912,83.095,81.72,84.101,82.712,76.996,75.708,86.468,84.988,84.186,82.796,82.101,80.74,85.03,83.628,81.46,80.108,84.596,83.2,83.322,81.944,87.137,85.648,84.065,82.676,85.161,83.812
29/1/2026 10:55,87.166,85.676,83.29,81.912,84.665,83.368,81.772,80.416,81.432,80.08,84.503,83.108,85.217,83.812,82.588,81.22,84.922,83.464,85.915,84.5,85.103,83.7,77.264,75.972,85.551,84.084,86.464,85.112,77.382,76.088,86.391,84.912,83.095,81.72,84.101,82.712,76.996,75.708,86.468,84.988,84.186,82.796,82.101,80.74,85.03,83.628,81.46,80.108,84.596,83.2,83.322,81.944,87.137,85.648,84.065,82.676,85.161,83.812
29/1/2026 11:00,87.166,85.676,83.29,81.912,84.665,83.368,81.772,80.416,81.432,80.08,84.503,83.108,85.217,83.812,82.588,81.22,84.922,83.464,85.915,84.5,85.103,83.7,77.264,75.972,85.551,84.084,86.464,85.112,77.382,76.088,86.391,84.912,83.095,81.72,84.101,82.712,76.996,75.708,86.468,84.988,84.186,82.796,82.101,80.74,85.03,83.628,81.46,80.108,84.596,83.2,83.322,81.944,87.137,85.648,84.065,82.676,85.161,83.812
29/1/2026 11:05,153.427,151.088,153.889,151.544,145.482,143.22,144.72,142.492,145.162,142.928,152.949,150.616,152.572,150.244,152.597,150.268,152.479,150.152,154.893,152.536,153.601,151.26,145.636,143.396,152.982,150.648,152.325,149.964,144.963,142.732,156.02,153.648,153.836,150.804,155.258,152.896,146.552,144.3,151.831,149.512,155.039,152.68,146.592,144.34,146.312,144.064,145.081,142.848,155.958,153.588,152.775,150.444,152.666,150.336,155.391,153.028,153.723,150.632
29/1/2026 11:10,153.427,151.088,153.889,151.544,145.482,143.22,144.72,142.492,145.162,142.928,152.949,150.616,152.572,150.244,152.597,150.268,152.479,150.152,154.893,152.536,153.601,151.26,145.636,143.396,152.982,150.648,152.325,149.964,144.963,142.732,156.02,153.648,153.836,150.804,155.258,152.896,146.552,144.3,151.831,149.512,155.039,152.68,146.592,144.34,146.312,144.064,145.081,142.848,155.958,153.588,152.775,150.444,152.666,150.336,155.391,153.028,153.723,150.632
29/1/2026 11:15,153.427,151.088,153.889,151.544,145.482,143.22,144.72,142.492,145.162,142.928,152.949,150.616,152.572,150.244,152.597,150.268,152.479,150.152,154.893,152.536,153.601,151.26,145.636,143.396,152.982,150.648,152.325,149.964,144.963,142.732,156.02,153.648,153.836,150.804,155.258,152.896,146.552,144.3,151.831,149.512,155.039,152.68,146.592,144.34,146.312,144.064,145.081,142.848,155.958,153.588,152.775,150.444,152.666,150.336,155.391,153.028,153.723,150.632
29/1/2026 11:20,136.793,134.668,135.727,133.616,129.164,127.14,127.507,125.504,127.685,125.68,137.628,135.492,136.748,134.624,134.089,132,135.764,133.652,138.394,136.18,138.216,136.072,127.422,125.42,135.541,133.432,135.614,133.504,127.479,125.476,137.823,135.684,135.711,133.6,139.751,137.588,127.944,125.936,134.949,132.848,139.119,136.964,128.803,126.784,129.768,127.736,127.179,125.18,139.468,137.308,135.001,132.9,136.124,134.008,139.707,137.544,136.047,133.932
29/1/2026 11:25,136.793,134.668,135.727,133.616,129.164,127.14,127.507,125.504,127.685,125.68,137.628,135.492,136.748,134.624,134.089,132,135.764,133.652,138.394,136.18,138.216,136.072,127.422,125.42,135.541,133.432,135.614,133.504,127.479,125.476,137.823,135.684,135.711,133.6,139.751,137.588,127.944,125.936,134.949,132.848,139.119,136.964,128.803,126.784,129.768,127.736,127.179,125.18,139.468,137.308,135.001,132.9,136.124,134.008,139.707,137.544,136.047,133.932
29/1/2026 11:30,136.793,134.668,135.727,133.616,129.164,127.14,127.507,125.504,127.685,125.68,137.628,135.492,136.748,134.624,134.089,132,135.764,133.652,138.394,136.18,138.216,136.072,127.422,125.42,135.541,133.432,135.614,133.504,127.479,125.476,137.823,135.684,135.711,133.6,139.751,137.588,127.944,125.936,134.949,132.848,139.119,136.964,128.803,126.784,129.768,127.736,127.179,125.18,139.468,137.308,135.001,132.9,136.124,134.008,139.707,137.544,136.047,133.932
29/1/2026 11:35,255.91,251.808,248.967,244.992,240.456,236.636,236.42,232.672,236.729,232.976,257.189,253.064,255.107,251.02,245.679,241.764,252.133,248.1,258.09,253.948,258.269,254.124,234.326,230.616,249.961,245.968,252.777,248.732,233.613,229.916,254.276,250.204,250.576,246.572,259.537,255.368,235.487,231.756,250.845,246.836,256.374,252.264,237.45,233.684,243.438,239.564,235.214,231.488,258.298,254.152,248.095,244.136,254.036,249.968,259.553,255.384,251.179,248.304
29/1/2026 11:40,255.91,251.808,248.967,244.992,240.456,236.636,236.42,232.672,236.729,232.976,257.189,253.064,255.107,251.02,245.679,241.764,252.133,248.1,258.09,253.948,258.269,254.124,234.326,230.616,249.961,245.968,252.777,248.732,233.613,229.916,254.276,250.204,250.576,246.572,259.537,255.368,235.487,231.756,250.845,246.836,256.374,252.264,237.45,233.684,243.438,239.564,235.214,231.488,258.298,254.152,248.095,244.136,254.036,249.968,259.553,255.384,251.179,248.304
29/1/2026 11:45,255.91,251.808,248.967,244.992,240.456,236.636,236.42,232.672,236.729,232.976,257.189,253.064,255.107,251.02,245.679,241.764,252.133,248.1,258.09,253.948,258.269,254.124,234.326,230.616,249.961,245.968,252.777,248.732,233.613,229.916,254.276,250.204,250.576,246.572,259.537,255.368,235.487,231.756,250.845,246.836,256.374,252.264,237.45,233.684,243.438,239.564,235.214,231.488,258.298,254.152,248.095,244.136,254.036,249.968,259.553,255.384,251.179,248.304
29/1/2026 11:50,312.512,307.34,319.893,314.576,292.07,287.44,295.977,291.124,300.28,295.344,302.78,297.796,301.625,296.664,313.418,308.228,324.173,318.764,304.913,299.888,303.873,298.868,283.308,278.696,324.614,319.196,308.437,304.772,283.459,278.844,330.163,324.624,320.877,315.54,308.115,303.028,285.685,281.028,311.831,306.672,306.981,301.916,302.323,297.348,294.333,289.512,296.454,291.592,308.722,303.624,313.398,308.208,315.364,310.136,308.49,303.396,324.835,319.412
29/1/2026 11:55,312.512,307.34,319.893,314.576,292.07,287.44,295.977,291.124,300.28,295.344,302.78,297.796,301.625,296.664,313.418,308.228,324.173,318.764,304.913,299.888,303.873,298.868,283.308,278.696,324.614,319.196,308.437,304.772,283.459,278.844,330.163,324.624,320.877,315.54,308.115,303.028,285.685,281.028,311.831,306.672,306.981,301.916,302.323,297.348,294.333,289.512,296.454,291.592,308.722,303.624,313.398,308.208,315.364,310.136,308.49,303.396,324.835,319.412
29/1/2026 12:00,312.512,307.34,319.893,314.576,292.07,287.44,295.977,291.124,300.28,295.344,302.78,297.796,301.625,296.664,313.418,308.228,324.173,318.764,304.913,299.888,303.873,298.868,283.308,278.696,324.614,319.196,308.437,304.772,283.459,278.844,330.163,324.624,320.877,315.54,308.115,303.028,285.685,281.028,311.831,306.672,306.981,301.916,302.323,297.348,294.333,289.512,296.454,291.592,308.722,303.624,313.398,308.208,315.364,310.136,308.49,303.396,324.835,319.412
29/1/2026 12:05,281.139,276.568,302.718,297.736,275.573,271.108,282.883,278.28,285.917,281.256,275.207,270.748,275.362,270.9,299.582,294.66,292.042,287.264,279.239,273.924,275.949,271.476,285.901,281.24,291.128,286.368,279.08,274.548,286.223,281.556,297,292.128,303.558,298.56,295.291,294.688,288.788,284.072,281.122,276.552,296.584,291.72,287.552,282.86,276.996,272.504,283.136,278.528,297.644,292.76,301.058,296.108,283.96,279.336,299.007,294.096,292.8,288.008
29/1/2026 12:10,281.139,276.568,302.718,297.736,275.573,271.108,282.883,278.28,285.917,281.256,275.207,270.748,275.362,270.9,299.582,294.66,292.042,287.264,279.239,273.924,275.949,271.476,285.901,281.24,291.128,286.368,279.08,274.548,286.223,281.556,297,292.128,303.558,298.56,295.291,294.688,288.788,284.072,281.122,276.552,296.584,291.72,287.552,282.86,276.996,272.504,283.136,278.528,297.644,292.76,301.058,296.108,283.96,279.336,299.007,294.096,292.8,288.008
29/1/2026 12:15,281.139,276.568,302.718,297.736,275.573,271.108,282.883,278.28,285.917,281.256,275.207,270.748,275.362,270.9,299.582,294.66,292.042,287.264,279.239,273.924,275.949,271.476,285.901,281.24,291.128,286.368,279.08,274.548,286.223,281.556,297,292.128,303.558,298.56,295.291,294.688,288.788,284.072,281.122,276.552,296.584,291.72,287.552,282.86,276.996,272.504,283.136,278.528,297.644,292.76,301.058,296.108,283.96,279.336,299.007,294.096,292.8,288.008
29/1/2026 12:20,231.971,228.304,236.387,232.64,219.525,216.144,224.005,220.48,223.618,220.1,232.085,228.416,232.472,228.796,234.949,231.228,234.126,230.42,234.167,230.46,232.92,229.236,219.514,216.068,233.507,229.812,230.399,226.72,218.581,215.152,238.925,235.132,237.193,233.316,238.407,234.624,218.858,215.116,229.092,225.476,235.763,232.028,225.007,221.464,220.295,216.836,223.736,220.216,237.38,233.616,235.287,231.56,232.269,228.596,237.274,233.512,234.472,231.676
29/1/2026 12:25,231.971,228.304,236.387,232.64,219.525,216.144,224.005,220.48,223.618,220.1,232.085,228.416,232.472,228.796,234.949,231.228,234.126,230.42,234.167,230.46,232.92,229.236,219.514,216.068,233.507,229.812,230.399,226.72,218.581,215.152,238.925,235.132,237.193,233.316,238.407,234.624,218.858,215.116,229.092,225.476,235.763,232.028,225.007,221.464,220.295,216.836,223.736,220.216,237.38,233.616,235.287,231.56,232.269,228.596,237.274,233.512,234.472,231.676
29/1/2026 12:30,231.971,228.304,236.387,232.64,219.525,216.144,224.005,220.48,223.618,220.1,232.085,228.416,232.472,228.796,234.949,231.228,234.126,230.42,234.167,230.46,232.92,229.236,219.514,216.068,233.507,229.812,230.399,226.72,218.581,215.152,238.925,235.132,237.193,233.316,238.407,234.624,218.858,215.116,229.092,225.476,235.763,232.028,225.007,221.464,220.295,216.836,223.736,220.216,237.38,233.616,235.287,231.56,232.269,228.596,237.274,233.512,234.472,231.676
29/1/2026 12:35,182.6,179.796,183.728,180.904,173.5,170.852,173.793,171.14,173.854,171.2,184.2,181.368,181.461,178.676,182.535,179.732,182.608,179.804,183.984,181.156,185.075,182.228,171.799,169.18,182.047,179.252,181.64,178.852,171.637,169.02,186.207,183.34,184.635,181.796,188.673,185.764,172.849,170.212,181.273,178.492,186.316,183.448,175.067,172.392,174.757,172.088,173.28,170.636,187.228,184.344,182.771,179.964,183.109,180.296,188.616,185.708,183.907,181.08
29/1/2026 12:40,182.6,179.796,183.728,180.904,173.5,170.852,173.793,171.14,173.854,171.2,184.2,181.368,181.461,178.676,182.535,179.732,182.608,179.804,183.984,181.156,185.075,182.228,171.799,169.18,182.047,179.252,181.64,178.852,171.637,169.02,186.207,183.34,184.635,181.796,188.673,185.764,172.849,170.212,181.273,178.492,186.316,183.448,175.067,172.392,174.757,172.088,173.28,170.636,187.228,184.344,182.771,179.964,183.109,180.296,188.616,185.708,183.907,181.08
29/1/2026 12:45,182.6,179.796,183.728,180.904,173.5,170.852,173.793,171.14,173.854,171.2,184.2,181.368,181.461,178.676,182.535,179.732,182.608,179.804,183.984,181.156,185.075,182.228,171.799,169.18,182.047,179.252,181.64,178.852,171.637,169.02,186.207,183.34,184.635,181.796,188.673,185.764,172.849,170.212,181.273,178.492,186.316,183.448,175.067,172.392,174.757,172.088,173.28,170.636,187.228,184.344,182.771,179.964,183.109,180.296,188.616,185.708,183.907,181.08
29/1/2026 12:50,334.781,329.14,347.022,341.108,330.065,324.528,324.446,319.032,323.907,318.504,318.938,313.64,319.933,314.616,343.626,337.788,340.34,334.576,322.59,316.388,318.175,312.892,342.042,336.24,342.083,336.28,330.671,325.12,342.087,336.284,349.084,343.124,349.187,343.224,357.196,353.888,343.405,337.572,327.746,322.26,360.729,354.504,327.444,322.148,332.678,327.084,323.007,317.624,359.844,353.64,345.361,339.484,330.131,324.592,357.99,351.828,340.819,335.044
29/1/2026 12:55,334.781,329.14,347.022,341.108,330.065,324.528,324.446,319.032,323.907,318.504,318.938,313.64,319.933,314.616,343.626,337.788,340.34,334.576,322.59,316.388,318.175,312.892,342.042,336.24,342.083,336.28,330.671,325.12,342.087,336.284,349.084,343.124,349.187,343.224,357.196,353.888,343.405,337.572,327.746,322.26,360.729,354.504,327.444,322.148,332.678,327.084,323.007,317.624,359.844,353.64,345.361,339.484,330.131,324.592,357.99,351.828,340.819,335.044
29/1/2026 13:00,334.781,329.14,347.022,341.108,330.065,324.528,324.446,319.032,323.907,318.504,318.938,313.64,319.933,314.616,343.626,337.788,340.34,334.576,322.59,316.388,318.175,312.892,342.042,336.24,342.083,336.28,330.671,325.12,342.087,336.284,349.084,343.124,349.187,343.224,357.196,353.888,343.405,337.572,327.746,322.26,360.729,354.504,327.444,322.148,332.678,327.084,323.007,317.624,359.844,353.64,345.361,339.484,330.131,324.592,357.99,351.828,340.819,335.044
29/1/2026 13:05,395.894,388.844,390.845,383.916,532.608,521.904,453.827,445.332,406.126,398.828,449.717,441.328,435.958,427.92,386.666,379.836,372.693,366.192,440.809,432.648,451.38,442.948,390.452,383.532,371.805,365.324,390.055,383.144,389.407,382.512,379.243,372.588,392.866,384.464,427.518,422.552,389.034,382.148,412.317,404.868,435.375,427.352,421.139,413.472,537.908,527.044,456.977,448.4,439.894,431.756,388.764,381.884,409.467,402.088,429.614,421.736,372.775,366.272
29/1/2026 13:10,395.894,388.844,390.845,383.916,532.608,521.904,453.827,445.332,406.126,398.828,449.717,441.328,435.958,427.92,386.666,379.836,372.693,366.192,440.809,432.648,451.38,442.948,390.452,383.532,371.805,365.324,390.055,383.144,389.407,382.512,379.243,372.588,392.866,384.464,427.518,422.552,389.034,382.148,412.317,404.868,435.375,427.352,421.139,413.472,537.908,527.044,456.977,448.4,439.894,431.756,388.764,381.884,409.467,402.088,429.614,421.736,372.775,366.272
29/1/2026 13:15,395.894,388.844,390.845,383.916,532.608,521.904,453.827,445.332,406.126,398.828,449.717,441.328,435.958,427.92,386.666,379.836,372.693,366.192,440.809,432.648,451.38,442.948,390.452,383.532,371.805,365.324,390.055,383.144,389.407,382.512,379.243,372.588,392.866,384.464,427.518,422.552,389.034,382.148,412.317,404.868,435.375,427.352,421.139,413.472,537.908,527.044,456.977,448.4,439.894,431.756,388.764,381.884,409.467,402.088,429.614,421.736,372.775,366.272
29/1/2026 13:20,442.316,434.116,401.103,393.928,456.497,443.16,365.264,358.936,371.779,365.3,417.016,409.452,450.234,441.832,401.722,394.532,410.336,402.936,459.983,451.328,578.749,566.624,369.028,362.812,406.597,399.288,435.289,427.268,379.698,373.24,415.302,407.78,430.582,396.356,478.531,420.552,346.837,341.112,518.889,508.592,431.919,423.984,380.184,373.508,458.36,450.012,362.914,356.64,428.473,420.624,408.134,400.788,519.87,509.544,426.5,418.7,410.344,402.944
29/1/2026 13:25,442.316,434.116,401.103,393.928,456.497,443.16,365.264,358.936,371.779,365.3,417.016,409.452,450.234,441.832,401.722,394.532,410.336,402.936,459.983,451.328,578.749,566.624,369.028,362.812,406.597,399.288,435.289,427.268,379.698,373.24,415.302,407.78,430.582,396.356,478.531,420.552,346.837,341.112,518.889,508.592,431.919,423.984,380.184,373.508,458.36,450.012,362.914,356.64,428.473,420.624,408.134,400.788,519.87,509.544,426.5,418.7,410.344,402.944
29/1/2026 13:30,442.316,434.116,401.103,393.928,456.497,443.16,365.264,358.936,371.779,365.3,417.016,409.452,450.234,441.832,401.722,394.532,410.336,402.936,459.983,451.328,578.749,566.624,369.028,362.812,406.597,399.288,435.289,427.268,379.698,373.24,415.302,407.78,430.582,396.356,478.531,420.552,346.837,341.112,518.889,508.592,431.919,423.984,380.184,373.508,458.36,450.012,362.914,356.64,428.473,420.624,408.134,400.788,519.87,509.544,426.5,418.7,410.344,402.944
29/1/2026 13:35,330.784,325.232,568.531,557.104,264.598,260.468,399.595,392.456,432.031,424.092,474.775,466.008,465.12,456.6,591.714,579.58,463.782,455.028,470.632,461.972,477.189,468.36,513.306,503.488,481.589,472.364,332.408,326.82,511.586,501.816,495.12,485.512,562.061,561.568,512.948,503.14,500.854,491.384,342.741,336.924,522.572,512.492,435.42,427.396,267.576,263.392,401.246,394.288,522.066,512,609.249,596.568,350.95,344.948,510.565,500.824,458.274,449.664
29/1/2026 13:40,330.784,325.232,568.531,557.104,264.598,260.468,399.595,392.456,432.031,424.092,474.775,466.008,465.12,456.6,591.714,579.58,463.782,455.028,470.632,461.972,477.189,468.36,513.306,503.488,481.589,472.364,332.408,326.82,511.586,501.816,495.12,485.512,562.061,561.568,512.948,503.14,500.854,491.384,342.741,336.924,522.572,512.492,435.42,427.396,267.576,263.392,401.246,394.288,522.066,512,609.249,596.568,350.95,344.948,510.565,500.824,458.274,449.664
29/1/2026 13:45,330.784,325.232,568.531,557.104,264.598,260.468,399.595,392.456,432.031,424.092,474.775,466.008,465.12,456.6,591.714,579.58,463.782,455.028,470.632,461.972,477.189,468.36,513.306,503.488,481.589,472.364,332.408,326.82,511.586,501.816,495.12,485.512,562.061,561.568,512.948,503.14,500.854,491.384,342.741,336.924,522.572,512.492,435.42,427.396,267.576,263.392,401.246,394.288,522.066,512,609.249,596.568,350.95,344.948,510.565,500.824,458.274,449.664
29/1/2026 13:50,342.561,336.748,529.12,518.52,333.427,326.828,511.454,501.688,528.045,517.808,343.219,337.392,341.951,336.152,519.503,509.188,496.462,486.816,344.791,339.984,344.494,338.82,470.685,462.024,500.658,490.892,340.029,334.056,472.401,463.696,509.832,499.8,531.783,521.104,522.934,512.844,467.102,458.532,337.975,332.264,521.633,511.58,530.495,520.188,337.254,331.736,509.014,499.316,522.959,512.868,522.545,512.14,340.831,335.056,521.749,511.692,492.938,483.392
29/1/2026 13:55,342.561,336.748,529.12,518.52,333.427,326.828,511.454,501.688,528.045,517.808,343.219,337.392,341.951,336.152,519.503,509.188,496.462,486.816,344.791,339.984,344.494,338.82,470.685,462.024,500.658,490.892,340.029,334.056,472.401,463.696,509.832,499.8,531.783,521.104,522.934,512.844,467.102,458.532,337.975,332.264,521.633,511.58,530.495,520.188,337.254,331.736,509.014,499.316,522.959,512.868,522.545,512.14,340.831,335.056,521.749,511.692,492.938,483.392
29/1/2026 14:00,342.561,336.748,529.12,518.52,333.427,326.828,511.454,501.688,528.045,517.808,343.219,337.392,341.951,336.152,519.503,509.188,496.462,486.816,344.791,339.984,344.494,338.82,470.685,462.024,500.658,490.892,340.029,334.056,472.401,463.696,509.832,499.8,531.783,521.104,522.934,512.844,467.102,458.532,337.975,332.264,521.633,511.58,530.495,520.188,337.254,331.736,509.014,499.316,522.959,512.868,522.545,512.14,340.831,335.056,521.749,511.692,492.938,483.392
29/1/2026 14:05,468.469,459.592,416.626,409.304,502.969,493.44,436.681,428.872,422.372,414.912,420.995,413.332,424.625,416.872,412.606,405.38,409.947,402.556,433.824,420.184,418.474,411.108,345.075,339.388,410.304,402.904,459.831,446.472,343.252,337.604,424.638,416.884,418.577,410.184,415.72,410.128,341.077,337.412,443.851,435.612,416.409,409.092,426.308,418.752,507.285,497.636,438.108,430.264,397.87,390.992,428.78,421.164,444.549,436.292,416.847,409.52,410.152,402.756
29/1/2026 14:10,468.469,459.592,416.626,409.304,502.969,493.44,436.681,428.872,422.372,414.912,420.995,413.332,424.625,416.872,412.606,405.38,409.947,402.556,433.824,420.184,418.474,411.108,345.075,339.388,410.304,402.904,459.831,446.472,343.252,337.604,424.638,416.884,418.577,410.184,415.72,410.128,341.077,337.412,443.851,435.612,416.409,409.092,426.308,418.752,507.285,497.636,438.108,430.264,397.87,390.992,428.78,421.164,444.549,436.292,416.847,409.52,410.152,402.756
29/1/2026 14:15,468.469,459.592,416.626,409.304,502.969,493.44,436.681,428.872,422.372,414.912,420.995,413.332,424.625,416.872,412.606,405.38,409.947,402.556,433.824,420.184,418.474,411.108,345.075,339.388,410.304,402.904,459.831,446.472,343.252,337.604,424.638,416.884,418.577,410.184,415.72,410.128,341.077,337.412,443.851,435.612,416.409,409.092,426.308,418.752,507.285,497.636,438.108,430.264,397.87,390.992,428.78,421.164,444.549,436.292,416.847,409.52,410.152,402.756
29/1/2026 14:20,464.583,455.808,348.125,342.372,459.792,451.408,359.005,353.012,358.71,352.724,395.459,388.42,417.508,409.932,359.377,353.376,350.062,344.08,423.735,416.004,396.031,389.196,308.332,303.4,335.59,329.932,466.501,448.42,297.278,292.552,342.05,336.248,345.582,339.884,365.182,359.052,302.458,301.244,441.227,433.056,345.864,340.16,360.711,355.068,462.866,454.404,359.213,353.216,346.563,340.844,365.722,359.58,444.216,435.968,365.71,359.568,347.905,341.972
29/1/2026 14:25,464.583,455.808,348.125,342.372,459.792,451.408,359.005,353.012,358.71,352.724,395.459,388.42,417.508,409.932,359.377,353.376,350.062,344.08,423.735,416.004,396.031,389.196,308.332,303.4,335.59,329.932,466.501,448.42,297.278,292.552,342.05,336.248,345.582,339.884,365.182,359.052,302.458,301.244,441.227,433.056,345.864,340.16,360.711,355.068,462.866,454.404,359.213,353.216,346.563,340.844,365.722,359.58,444.216,435.968,365.71,359.568,347.905,341.972
29/1/2026 14:30,464.583,455.808,348.125,342.372,459.792,451.408,359.005,353.012,358.71,352.724,395.459,388.42,417.508,409.932,359.377,353.376,350.062,344.08,423.735,416.004,396.031,389.196,308.332,303.4,335.59,329.932,466.501,448.42,297.278,292.552,342.05,336.248,345.582,339.884,365.182,359.052,302.458,301.244,441.227,433.056,345.864,340.16,360.711,355.068,462.866,454.404,359.213,353.216,346.563,340.844,365.722,359.58,444.216,435.968,365.71,359.568,347.905,341.972
29/1/2026 14:35,294.064,289.248,293.122,288.472,278.437,274.008,274.502,270.192,272.832,268.552,297.938,293.048,295.353,290.512,286.728,282.196,293.441,288.636,298.363,294.236,299.618,294.848,274.718,270.404,287.805,283.108,291.153,286.392,274.058,269.756,293.551,288.744,293.689,289.028,303.103,298.268,273.565,269.98,292.706,287.916,295.469,290.776,275.312,270.988,281.28,276.848,273.577,269.284,296.215,291.508,288.705,284.136,294.782,289.952,302.39,297.568,293.045,288.248
29/1/2026 14:40,294.064,289.248,293.122,288.472,278.437,274.008,274.502,270.192,272.832,268.552,297.938,293.048,295.353,290.512,286.728,282.196,293.441,288.636,298.363,294.236,299.618,294.848,274.718,270.404,287.805,283.108,291.153,286.392,274.058,269.756,293.551,288.744,293.689,289.028,303.103,298.268,273.565,269.98,292.706,287.916,295.469,290.776,275.312,270.988,281.28,276.848,273.577,269.284,296.215,291.508,288.705,284.136,294.782,289.952,302.39,297.568,293.045,288.248
29/1/2026 14:45,294.064,289.248,293.122,288.472,278.437,274.008,274.502,270.192,272.832,268.552,297.938,293.048,295.353,290.512,286.728,282.196,293.441,288.636,298.363,294.236,299.618,294.848,274.718,270.404,287.805,283.108,291.153,286.392,274.058,269.756,293.551,288.744,293.689,289.028,303.103,298.268,273.565,269.98,292.706,287.916,295.469,290.776,275.312,270.988,281.28,276.848,273.577,269.284,296.215,291.508,288.705,284.136,294.782,289.952,302.39,297.568,293.045,288.248
29/1/2026 14:50,260.828,256.636,259.887,255.84,304.321,299.464,268.53,264.328,275.989,271.652,217.718,214.304,220.226,216.768,252.154,248.244,252.267,248.232,223.659,218.512,217.552,214.244,223.392,219.984,247.642,243.692,260.816,256.624,221.264,217.892,253.477,249.42,261.007,256.94,230.368,226.84,219.115,214.508,250.653,246.648,225.655,222.208,277.088,272.732,302.389,297.568,286.252,281.728,227.144,223.672,253.766,249.828,254.234,250.164,230.738,227.204,256.399,252.288
29/1/2026 14:55,260.828,256.636,259.887,255.84,304.321,299.464,268.53,264.328,275.989,271.652,217.718,214.304,220.226,216.768,252.154,248.244,252.267,248.232,223.659,218.512,217.552,214.244,223.392,219.984,247.642,243.692,260.816,256.624,221.264,217.892,253.477,249.42,261.007,256.94,230.368,226.84,219.115,214.508,250.653,246.648,225.655,222.208,277.088,272.732,302.389,297.568,286.252,281.728,227.144,223.672,253.766,249.828,254.234,250.164,230.738,227.204,256.399,252.288
29/1/2026 15:00,260.828,256.636,259.887,255.84,304.321,299.464,268.53,264.328,275.989,271.652,217.718,214.304,220.226,216.768,252.154,248.244,252.267,248.232,223.659,218.512,217.552,214.244,223.392,219.984,247.642,243.692,260.816,256.624,221.264,217.892,253.477,249.42,261.007,256.94,230.368,226.84,219.115,214.508,250.653,246.648,225.655,222.208,277.088,272.732,302.389,297.568,286.252,281.728,227.144,223.672,253.766,249.828,254.234,250.164,230.738,227.204,256.399,252.288
29/1/2026 15:05,249.903,245.912,269.749,265.392,242.731,238.94,274.012,269.712,278.791,274.404,272.186,267.784,269.732,265.376,268.733,264.528,257.413,253.284,272.871,268.456,272.599,268.324,247.963,244.128,258.607,254.456,248.09,244.34,247.467,243.64,264.108,259.856,270.363,266.12,264.684,260.964,247.491,244.044,246.293,242.368,261.438,257.364,284.964,280.464,244.929,241.148,271.157,266.908,262.648,258.552,270.106,265.876,250.082,246.088,264.407,260.28,257.27,253.144
29/1/2026 15:10,249.903,245.912,269.749,265.392,242.731,238.94,274.012,269.712,278.791,274.404,272.186,267.784,269.732,265.376,268.733,264.528,257.413,253.284,272.871,268.456,272.599,268.324,247.963,244.128,258.607,254.456,248.09,244.34,247.467,243.64,264.108,259.856,270.363,266.12,264.684,260.964,247.491,244.044,246.293,242.368,261.438,257.364,284.964,280.464,244.929,241.148,271.157,266.908,262.648,258.552,270.106,265.876,250.082,246.088,264.407,260.28,257.27,253.144
29/1/2026 15:15,249.903,245.912,269.749,265.392,242.731,238.94,274.012,269.712,278.791,274.404,272.186,267.784,269.732,265.376,268.733,264.528,257.413,253.284,272.871,268.456,272.599,268.324,247.963,244.128,258.607,254.456,248.09,244.34,247.467,243.64,264.108,259.856,270.363,266.12,264.684,260.964,247.491,244.044,246.293,242.368,261.438,257.364,284.964,280.464,244.929,241.148,271.157,266.908,262.648,258.552,270.106,265.876,250.082,246.088,264.407,260.28,257.27,253.144
29/1/2026 15:20,242.23,238.496,259.307,255.144,224.624,222.032,253.908,249.968,255.565,251.596,242.063,238.332,240.732,237.024,247.263,243.44,269.794,265.436,242.71,239.364,242.519,238.78,222.72,219.324,269.093,264.748,240.545,236.724,221.756,218.376,275.443,270.98,261.951,257.868,252.352,248.44,228.048,224.56,235.269,231.656,252.474,248.56,257.63,253.624,226.952,223.484,252.979,249.056,253.293,249.364,245.821,242.024,236.689,233.052,251.591,247.692,268.204,263.876
29/1/2026 15:25,242.23,238.496,259.307,255.144,224.624,222.032,253.908,249.968,255.565,251.596,242.063,238.332,240.732,237.024,247.263,243.44,269.794,265.436,242.71,239.364,242.519,238.78,222.72,219.324,269.093,264.748,240.545,236.724,221.756,218.376,275.443,270.98,261.951,257.868,252.352,248.44,228.048,224.56,235.269,231.656,252.474,248.56,257.63,253.624,226.952,223.484,252.979,249.056,253.293,249.364,245.821,242.024,236.689,233.052,251.591,247.692,268.204,263.876
29/1/2026 15:30,242.23,238.496,259.307,255.144,224.624,222.032,253.908,249.968,255.565,251.596,242.063,238.332,240.732,237.024,247.263,243.44,269.794,265.436,242.71,239.364,242.519,238.78,222.72,219.324,269.093,264.748,240.545,236.724,221.756,218.376,275.443,270.98,261.951,257.868,252.352,248.44,228.048,224.56,235.269,231.656,252.474,248.56,257.63,253.624,226.952,223.484,252.979,249.056,253.293,249.364,245.821,242.024,236.689,233.052,251.591,247.692,268.204,263.876
29/1/2026 15:35,199.508,196.504,200.196,197.088,184.695,181.928,185.414,182.636,185.211,182.436,204.662,201.572,204.113,201.032,197.587,194.616,197.221,194.164,206.399,203.28,206.188,203.072,192.161,189.28,197.97,194.9,198.857,195.928,191.937,189.06,200.977,197.856,199.528,196.524,208.918,205.756,192.182,190.248,196.087,193.14,207.27,204.136,186.316,183.524,187.026,184.224,184.578,181.812,208.112,204.964,198.653,195.664,198.621,195.632,208.258,205.108,199.158,194.672
29/1/2026 15:40,199.508,196.504,200.196,197.088,184.695,181.928,185.414,182.636,185.211,182.436,204.662,201.572,204.113,201.032,197.587,194.616,197.221,194.164,206.399,203.28,206.188,203.072,192.161,189.28,197.97,194.9,198.857,195.928,191.937,189.06,200.977,197.856,199.528,196.524,208.918,205.756,192.182,190.248,196.087,193.14,207.27,204.136,186.316,183.524,187.026,184.224,184.578,181.812,208.112,204.964,198.653,195.664,198.621,195.632,208.258,205.108,199.158,194.672
29/1/2026 15:45,199.508,196.504,200.196,197.088,184.695,181.928,185.414,182.636,185.211,182.436,204.662,201.572,204.113,201.032,197.587,194.616,197.221,194.164,206.399,203.28,206.188,203.072,192.161,189.28,197.97,194.9,198.857,195.928,191.937,189.06,200.977,197.856,199.528,196.524,208.918,205.756,192.182,190.248,196.087,193.14,207.27,204.136,186.316,183.524,187.026,184.224,184.578,181.812,208.112,204.964,198.653,195.664,198.621,195.632,208.258,205.108,199.158,194.672
29/1/2026 15:50,176.268,173.572,170.282,167.688,167.666,165.032,162.626,160.192,161.416,159,178.145,175.476,177.312,174.656,168.316,165.796,171.531,168.916,179.465,176.772,178.941,176.26,162.082,159.656,171.018,168.412,175.031,172.356,160.381,157.98,175.124,172.448,170.44,167.888,178.51,175.632,162.797,160.36,173.834,171.18,177.763,175.1,162.643,160.208,168.868,166.34,161.639,159.22,178.287,175.616,169.023,166.492,175.71,173.024,178.664,175.988,172.186,169.528
29/1/2026 15:55,176.268,173.572,170.282,167.688,167.666,165.032,162.626,160.192,161.416,159,178.145,175.476,177.312,174.656,168.316,165.796,171.531,168.916,179.465,176.772,178.941,176.26,162.082,159.656,171.018,168.412,175.031,172.356,160.381,157.98,175.124,172.448,170.44,167.888,178.51,175.632,162.797,160.36,173.834,171.18,177.763,175.1,162.643,160.208,168.868,166.34,161.639,159.22,178.287,175.616,169.023,166.492,175.71,173.024,178.664,175.988,172.186,169.528
29/1/2026 16:00,176.268,173.572,170.282,167.688,167.666,165.032,162.626,160.192,161.416,159,178.145,175.476,177.312,174.656,168.316,165.796,171.531,168.916,179.465,176.772,178.941,176.26,162.082,159.656,171.018,168.412,175.031,172.356,160.381,157.98,175.124,172.448,170.44,167.888,178.51,175.632,162.797,160.36,173.834,171.18,177.763,175.1,162.643,160.208,168.868,166.34,161.639,159.22,178.287,175.616,169.023,166.492,175.71,173.024,178.664,175.988,172.186,169.528
29/1/2026 16:05,161.501,159.056,151.757,149.44,150.737,148.468,141.656,139.468,142.608,140.408,165.659,163.144,166.627,164.096,148.244,145.972,153.758,151.416,168.446,165.884,166.452,163.924,147.272,145.012,154.504,152.152,159.96,157.8,146.056,143.812,157.027,154.644,151.489,149.528,164.674,162.176,149.212,146.928,160.261,157.836,164.91,162.408,143.666,141.452,152.351,150.06,140.809,138.632,163.12,160.648,149.265,146.98,161.717,159.268,165.321,162.812,154.155,152.004
29/1/2026 16:10,161.501,159.056,151.757,149.44,150.737,148.468,141.656,139.468,142.608,140.408,165.659,163.144,166.627,164.096,148.244,145.972,153.758,151.416,168.446,165.884,166.452,163.924,147.272,145.012,154.504,152.152,159.96,157.8,146.056,143.812,157.027,154.644,151.489,149.528,164.674,162.176,149.212,146.928,160.261,157.836,164.91,162.408,143.666,141.452,152.351,150.06,140.809,138.632,163.12,160.648,149.265,146.98,161.717,159.268,165.321,162.812,154.155,152.004
29/1/2026 16:15,161.501,159.056,151.757,149.44,150.737,148.468,141.656,139.468,142.608,140.408,165.659,163.144,166.627,164.096,148.244,145.972,153.758,151.416,168.446,165.884,166.452,163.924,147.272,145.012,154.504,152.152,159.96,157.8,146.056,143.812,157.027,154.644,151.489,149.528,164.674,162.176,149.212,146.928,160.261,157.836,164.91,162.408,143.666,141.452,152.351,150.06,140.809,138.632,163.12,160.648,149.265,146.98,161.717,159.268,165.321,162.812,154.155,152.004
29/1/2026 16:20,152.774,150.444,151.709,149.392,142.655,140.356,142.928,140.724,141.879,139.688,157.384,154.996,154.763,152.408,149.634,147.344,152.713,150.384,157.121,154.736,158.145,155.748,144.347,142.124,151.818,149.5,151.741,149.424,143.196,140.988,154.868,152.512,151.765,149.448,158.384,155.4,144.626,142.4,150.104,147.808,157.031,154.648,142.774,140.572,143.71,141.536,142.183,139.988,157.23,154.844,150.509,148.208,151.356,149.044,158.331,155.932,153.43,150.704
29/1/2026 16:25,152.774,150.444,151.709,149.392,142.655,140.356,142.928,140.724,141.879,139.688,157.384,154.996,154.763,152.408,149.634,147.344,152.713,150.384,157.121,154.736,158.145,155.748,144.347,142.124,151.818,149.5,151.741,149.424,143.196,140.988,154.868,152.512,151.765,149.448,158.384,155.4,144.626,142.4,150.104,147.808,157.031,154.648,142.774,140.572,143.71,141.536,142.183,139.988,157.23,154.844,150.509,148.208,151.356,149.044,158.331,155.932,153.43,150.704
29/1/2026 16:30,152.774,150.444,151.709,149.392,142.655,140.356,142.928,140.724,141.879,139.688,157.384,154.996,154.763,152.408,149.634,147.344,152.713,150.384,157.121,154.736,158.145,155.748,144.347,142.124,151.818,149.5,151.741,149.424,143.196,140.988,154.868,152.512,151.765,149.448,158.384,155.4,144.626,142.4,150.104,147.808,157.031,154.648,142.774,140.572,143.71,141.536,142.183,139.988,157.23,154.844,150.509,148.208,151.356,149.044,158.331,155.932,153.43,150.704
29/1/2026 16:35,133.214,131.136,127.765,125.76,127.899,125.944,123.686,121.728,123.698,121.74,130.931,128.884,130.133,128.096,126.034,124.048,129.723,127.692,132.083,130.02,131.564,129.508,117.314,115.432,129.314,127.288,132.285,130.22,116.059,114.192,131.726,129.668,127.713,125.708,130.631,128.588,117.181,115.36,131.191,129.14,129.918,127.884,124.56,122.592,128.731,126.764,122.905,120.956,130.424,128.384,126.908,124.912,132.618,130.548,130.878,128.832,130.356,128.164
29/1/2026 16:40,133.214,131.136,127.765,125.76,127.899,125.944,123.686,121.728,123.698,121.74,130.931,128.884,130.133,128.096,126.034,124.048,129.723,127.692,132.083,130.02,131.564,129.508,117.314,115.432,129.314,127.288,132.285,130.22,116.059,114.192,131.726,129.668,127.713,125.708,130.631,128.588,117.181,115.36,131.191,129.14,129.918,127.884,124.56,122.592,128.731,126.764,122.905,120.956,130.424,128.384,126.908,124.912,132.618,130.548,130.878,128.832,130.356,128.164
29/1/2026 16:45,133.214,131.136,127.765,125.76,127.899,125.944,123.686,121.728,123.698,121.74,130.931,128.884,130.133,128.096,126.034,124.048,129.723,127.692,132.083,130.02,131.564,129.508,117.314,115.432,129.314,127.288,132.285,130.22,116.059,114.192,131.726,129.668,127.713,125.708,130.631,128.588,117.181,115.36,131.191,129.14,129.918,127.884,124.56,122.592,128.731,126.764,122.905,120.956,130.424,128.384,126.908,124.912,132.618,130.548,130.878,128.832,130.356,128.164
29/1/2026 16:50,118.59,116.692,113.897,112.056,116.704,114.9,113.237,111.404,113.066,111.236,114.873,113.02,113.921,112.08,111.839,110.024,114.861,113.008,115.456,113.716,115.318,113.46,102.156,100.464,115.428,113.568,117.918,115.796,102.119,100.428,117.489,115.604,113.739,111.9,113.407,111.572,102.237,100.496,117.505,115.62,112.949,111.12,112.868,112.172,117.461,115.632,112.269,110.448,113.204,111.372,112.836,111.008,118.019,116.128,113.654,111.816,115.594,113.732
29/1/2026 16:55,118.59,116.692,113.897,112.056,116.704,114.9,113.237,111.404,113.066,111.236,114.873,113.02,113.921,112.08,111.839,110.024,114.861,113.008,115.456,113.716,115.318,113.46,102.156,100.464,115.428,113.568,117.918,115.796,102.119,100.428,117.489,115.604,113.739,111.9,113.407,111.572,102.237,100.496,117.505,115.62,112.949,111.12,112.868,112.172,117.461,115.632,112.269,110.448,113.204,111.372,112.836,111.008,118.019,116.128,113.654,111.816,115.594,113.732
29/1/2026 17:00,118.59,116.692,113.897,112.056,116.704,114.9,113.237,111.404,113.066,111.236,114.873,113.02,113.921,112.08,111.839,110.024,114.861,113.008,115.456,113.716,115.318,113.46,102.156,100.464,115.428,113.568,117.918,115.796,102.119,100.428,117.489,115.604,113.739,111.9,113.407,111.572,102.237,100.496,117.505,115.62,112.949,111.12,112.868,112.172,117.461,115.632,112.269,110.448,113.204,111.372,112.836,111.008,118.019,116.128,113.654,111.816,115.594,113.732
29/1/2026 17:05,115.788,113.924,118.877,116.976,114.128,112.34,115.014,113.16,115.221,113.364,106.484,104.736,106.391,104.644,116.015,114.148,115.869,114.004,108.822,105.868,107.108,105.352,103.664,101.952,114.314,112.468,115.055,112.568,102.197,100.504,116.161,114.292,118.084,116.192,111.475,109.664,104.401,101.912,112.816,110.988,110.502,108.704,116.687,114.376,114.65,112.856,113.362,111.528,110.434,108.636,116.918,115.04,113.97,112.128,112.386,110.564,115.703,113.84
29/1/2026 17:10,115.788,113.924,118.877,116.976,114.128,112.34,115.014,113.16,115.221,113.364,106.484,104.736,106.391,104.644,116.015,114.148,115.869,114.004,108.822,105.868,107.108,105.352,103.664,101.952,114.314,112.468,115.055,112.568,102.197,100.504,116.161,114.292,118.084,116.192,111.475,109.664,104.401,101.912,112.816,110.988,110.502,108.704,116.687,114.376,114.65,112.856,113.362,111.528,110.434,108.636,116.918,115.04,113.97,112.128,112.386,110.564,115.703,113.84
29/1/2026 17:15,115.788,113.924,118.877,116.976,114.128,112.34,115.014,113.16,115.221,113.364,106.484,104.736,106.391,104.644,116.015,114.148,115.869,114.004,108.822,105.868,107.108,105.352,103.664,101.952,114.314,112.468,115.055,112.568,102.197,100.504,116.161,114.292,118.084,116.192,111.475,109.664,104.401,101.912,112.816,110.988,110.502,108.704,116.687,114.376,114.65,112.856,113.362,111.528,110.434,108.636,116.918,115.04,113.97,112.128,112.386,110.564,115.703,113.84
29/1/2026 17:20,127.466,125.464,136.436,134.316,121.065,119.044,124.123,122.16,123.654,121.696,140.57,138.396,133.023,130.948,133.465,131.384,132.067,130.004,135.358,133.252,140.591,138.416,174.433,171.768,131.082,129.032,126.669,124.676,171.796,169.176,133.502,131.42,136.383,134.588,187.249,184.364,166.372,159.136,126.135,124.148,171.722,169.104,124.37,122.404,121.616,119.736,123.176,121.224,169.814,167.228,134.555,132.46,127.596,125.592,187.326,184.44,132.525,130.968
29/1/2026 17:25,127.466,125.464,136.436,134.316,121.065,119.044,124.123,122.16,123.654,121.696,140.57,138.396,133.023,130.948,133.465,131.384,132.067,130.004,135.358,133.252,140.591,138.416,174.433,171.768,131.082,129.032,126.669,124.676,171.796,169.176,133.502,131.42,136.383,134.588,187.249,184.364,166.372,159.136,126.135,124.148,171.722,169.104,124.37,122.404,121.616,119.736,123.176,121.224,169.814,167.228,134.555,132.46,127.596,125.592,187.326,184.44,132.525,130.968
29/1/2026 17:30,127.466,125.464,136.436,134.316,121.065,119.044,124.123,122.16,123.654,121.696,140.57,138.396,133.023,130.948,133.465,131.384,132.067,130.004,135.358,133.252,140.591,138.416,174.433,171.768,131.082,129.032,126.669,124.676,171.796,169.176,133.502,131.42,136.383,134.588,187.249,184.364,166.372,159.136,126.135,124.148,171.722,169.104,124.37,122.404,121.616,119.736,123.176,121.224,169.814,167.228,134.555,132.46,127.596,125.592,187.326,184.44,132.525,130.968
29/1/2026 17:35,230.975,227.324,219.804,216.352,223.248,219.516,200.006,196.9,181.091,178.312,226.258,222.692,226.36,222.792,218.395,214.968,224.352,220.82,228.47,224.864,226.828,223.252,180.786,178.012,223.962,220.436,229.883,225.684,179.312,176.564,228.392,224.788,220.891,217.42,228.811,224.132,189.162,186.244,228.124,224.524,226.914,223.336,182.751,179.944,225.126,221.58,144.444,142.22,226.653,223.08,219.278,215.836,230.559,226.916,228.848,225.236,226.087,222.524
29/1/2026 17:40,230.975,227.324,219.804,216.352,223.248,219.516,200.006,196.9,181.091,178.312,226.258,222.692,226.36,222.792,218.395,214.968,224.352,220.82,228.47,224.864,226.828,223.252,180.786,178.012,223.962,220.436,229.883,225.684,179.312,176.564,228.392,224.788,220.891,217.42,228.811,224.132,189.162,186.244,228.124,224.524,226.914,223.336,182.751,179.944,225.126,221.58,144.444,142.22,226.653,223.08,219.278,215.836,230.559,226.916,228.848,225.236,226.087,222.524
29/1/2026 17:45,230.975,227.324,219.804,216.352,223.248,219.516,200.006,196.9,181.091,178.312,226.258,222.692,226.36,222.792,218.395,214.968,224.352,220.82,228.47,224.864,226.828,223.252,180.786,178.012,223.962,220.436,229.883,225.684,179.312,176.564,228.392,224.788,220.891,217.42,228.811,224.132,189.162,186.244,228.124,224.524,226.914,223.336,182.751,179.944,225.126,221.58,144.444,142.22,226.653,223.08,219.278,215.836,230.559,226.916,228.848,225.236,226.087,222.524
29/1/2026 17:50,68.314,67.1,65.255,64.088,65.75,64.652,63.565,62.416,62.944,61.796,66.872,65.68,66.051,64.872,63.501,62.352,66.096,64.916,66.876,65.772,67.205,66.008,58.951,57.816,66.25,65.068,67.753,66.712,57.986,56.856,67.063,65.868,64.783,63.624,66.627,65.44,59.24,58.104,66.99,65.796,65.803,64.628,63.585,62.436,66.242,65.06,62.831,61.684,65.937,64.76,64.235,63.084,67.445,66.244,66.758,65.568,66.454,65.268
29/1/2026 17:55,68.314,67.1,65.255,64.088,65.75,64.652,63.565,62.416,62.944,61.796,66.872,65.68,66.051,64.872,63.501,62.352,66.096,64.916,66.876,65.772,67.205,66.008,58.951,57.816,66.25,65.068,67.753,66.712,57.986,56.856,67.063,65.868,64.783,63.624,66.627,65.44,59.24,58.104,66.99,65.796,65.803,64.628,63.585,62.436,66.242,65.06,62.831,61.684,65.937,64.76,64.235,63.084,67.445,66.244,66.758,65.568,66.454,65.268
29/1/2026 18:00,68.314,67.1,65.255,64.088,65.75,64.652,63.565,62.416,62.944,61.796,66.872,65.68,66.051,64.872,63.501,62.352,66.096,64.916,66.876,65.772,67.205,66.008,58.951,57.816,66.25,65.068,67.753,66.712,57.986,56.856,67.063,65.868,64.783,63.624,66.627,65.44,59.24,58.104,66.99,65.796,65.803,64.628,63.585,62.436,66.242,65.06,62.831,61.684,65.937,64.76,64.235,63.084,67.445,66.244,66.758,65.568,66.454,65.268
29/1/2026 18:05,63.004,61.856,62.827,61.68,59.489,58.352,59.143,58.008,58.766,57.632,63.565,62.416,62.663,61.516,61.588,60.444,62.294,61.148,63.361,62.116,63.529,62.38,58.573,57.44,62.415,61.268,62.575,61.428,57.541,56.412,63.108,61.96,62.358,61.224,64.026,62.824,58.288,57.156,62.146,61,63.625,62.476,58.975,57.84,59.742,58.604,58.219,57.088,64.026,62.876,62.326,61.18,62.671,61.524,64.034,62.884,63,61.844
29/1/2026 18:10,63.004,61.856,62.827,61.68,59.489,58.352,59.143,58.008,58.766,57.632,63.565,62.416,62.663,61.516,61.588,60.444,62.294,61.148,63.361,62.116,63.529,62.38,58.573,57.44,62.415,61.268,62.575,61.428,57.541,56.412,63.108,61.96,62.358,61.224,64.026,62.824,58.288,57.156,62.146,61,63.625,62.476,58.975,57.84,59.742,58.604,58.219,57.088,64.026,62.876,62.326,61.18,62.671,61.524,64.034,62.884,63,61.844
29/1/2026 18:15,63.004,61.856,62.827,61.68,59.489,58.352,59.143,58.008,58.766,57.632,63.565,62.416,62.663,61.516,61.588,60.444,62.294,61.148,63.361,62.116,63.529,62.38,58.573,57.44,62.415,61.268,62.575,61.428,57.541,56.412,63.108,61.96,62.358,61.224,64.026,62.824,58.288,57.156,62.146,61,63.625,62.476,58.975,57.84,59.742,58.604,58.219,57.088,64.026,62.876,62.326,61.18,62.671,61.524,64.034,62.884,63,61.844
29/1/2026 18:20,45.853,44.816,45.173,44.144,43.951,42.828,43.218,42.212,42.939,41.936,44.817,43.792,44.583,43.56,43.971,42.956,45.222,44.192,45.044,44.016,45.003,43.976,40.938,39.96,45.105,44.076,44.999,44.568,40.123,39.156,45.392,44.36,44.688,43.636,45.007,43.78,40.841,39.864,45.064,44.036,44.963,43.936,43.486,42.44,44.036,43.02,42.595,41.596,45.084,44.056,44.74,43.716,45.412,44.38,44.959,43.932,45.469,44.336
29/1/2026 18:25,45.853,44.816,45.173,44.144,43.951,42.828,43.218,42.212,42.939,41.936,44.817,43.792,44.583,43.56,43.971,42.956,45.222,44.192,45.044,44.016,45.003,43.976,40.938,39.96,45.105,44.076,44.999,44.568,40.123,39.156,45.392,44.36,44.688,43.636,45.007,43.78,40.841,39.864,45.064,44.036,44.963,43.936,43.486,42.44,44.036,43.02,42.595,41.596,45.084,44.056,44.74,43.716,45.412,44.38,44.959,43.932,45.469,44.336
29/1/2026 18:30,45.853,44.816,45.173,44.144,43.951,42.828,43.218,42.212,42.939,41.936,44.817,43.792,44.583,43.56,43.971,42.956,45.222,44.192,45.044,44.016,45.003,43.976,40.938,39.96,45.105,44.076,44.999,44.568,40.123,39.156,45.392,44.36,44.688,43.636,45.007,43.78,40.841,39.864,45.064,44.036,44.963,43.936,43.486,42.44,44.036,43.02,42.595,41.596,45.084,44.056,44.74,43.716,45.412,44.38,44.959,43.932,45.469,44.336
29/1/2026 18:35,25.676,25.008,25.298,24.64,24.014,23.388,23.632,23.016,23.251,22.644,25.819,25.148,25.438,24.776,24.072,23.444,25.278,24.62,25.594,24.928,25.914,25.24,23.342,22.732,25.598,24.932,25.438,24.776,22.763,22.168,25.405,24.744,24.597,23.956,25.782,25.112,23.231,22.624,25.27,24.612,25.474,24.812,23.867,23.34,24.047,23.42,23.28,22.672,25.606,24.94,24.773,24.128,25.348,24.688,25.614,24.948,25.459,24.796
29/1/2026 18:40,25.676,25.008,25.298,24.64,24.014,23.388,23.632,23.016,23.251,22.644,25.819,25.148,25.438,24.776,24.072,23.444,25.278,24.62,25.594,24.928,25.914,25.24,23.342,22.732,25.598,24.932,25.438,24.776,22.763,22.168,25.405,24.744,24.597,23.956,25.782,25.112,23.231,22.624,25.27,24.612,25.474,24.812,23.867,23.34,24.047,23.42,23.28,22.672,25.606,24.94,24.773,24.128,25.348,24.688,25.614,24.948,25.459,24.796
29/1/2026 18:45,25.676,25.008,25.298,24.64,24.014,23.388,23.632,23.016,23.251,22.644,25.819,25.148,25.438,24.776,24.072,23.444,25.278,24.62,25.594,24.928,25.914,25.24,23.342,22.732,25.598,24.932,25.438,24.776,22.763,22.168,25.405,24.744,24.597,23.956,25.782,25.112,23.231,22.624,25.27,24.612,25.474,24.812,23.867,23.34,24.047,23.42,23.28,22.672,25.606,24.94,24.773,24.128,25.348,24.688,25.614,24.948,25.459,24.796
29/1/2026 18:50,15.097,14.692,15.108,14.704,14.173,13.792,14.029,13.652,13.644,13.276,14.805,14.408,14.723,14.328,14.017,13.64,14.933,14.532,14.699,14.304,14.912,14.512,13.607,13.24,15.051,14.648,14.9,14.5,13.312,12.952,14.703,14.308,14.325,13.94,15.01,14.608,13.57,13.224,14.801,14.404,14.719,14.324,14.366,13.98,14.066,13.688,13.714,13.344,14.821,14.424,14.641,14.248,14.801,14.404,14.813,14.416,15.019,14.616
29/1/2026 18:55,15.097,14.692,15.108,14.704,14.173,13.792,14.029,13.652,13.644,13.276,14.805,14.408,14.723,14.328,14.017,13.64,14.933,14.532,14.699,14.304,14.912,14.512,13.607,13.24,15.051,14.648,14.9,14.5,13.312,12.952,14.703,14.308,14.325,13.94,15.01,14.608,13.57,13.224,14.801,14.404,14.719,14.324,14.366,13.98,14.066,13.688,13.714,13.344,14.821,14.424,14.641,14.248,14.801,14.404,14.813,14.416,15.019,14.616
29/1/2026 19:00,15.097,14.692,15.108,14.704,14.173,13.792,14.029,13.652,13.644,13.276,14.805,14.408,14.723,14.328,14.017,13.64,14.933,14.532,14.699,14.304,14.912,14.512,13.607,13.24,15.051,14.648,14.9,14.5,13.312,12.952,14.703,14.308,14.325,13.94,15.01,14.608,13.57,13.224,14.801,14.404,14.719,14.324,14.366,13.98,14.066,13.688,13.714,13.344,14.821,14.424,14.641,14.248,14.801,14.404,14.813,14.416,15.019,14.616
29/1/2026 19:05,10.145,9.864,10.129,9.848,9.501,9.216,9.336,9.076,9.05,8.796,10.1,9.82,9.878,9.604,9.194,8.936,9.916,9.64,9.891,9.612,10.211,9.928,9.156,8.9,10.203,9.92,10.014,9.736,9.009,8.756,9.797,9.524,9.415,9.152,10.124,9.844,9.079,8.824,10.055,9.776,9.792,9.52,9.726,9.428,9.308,9.048,9.033,8.78,9.854,9.58,9.833,9.56,9.854,9.58,9.907,9.632,10.035,9.756
29/1/2026 19:10,10.145,9.864,10.129,9.848,9.501,9.216,9.336,9.076,9.05,8.796,10.1,9.82,9.878,9.604,9.194,8.936,9.916,9.64,9.891,9.612,10.211,9.928,9.156,8.9,10.203,9.92,10.014,9.736,9.009,8.756,9.797,9.524,9.415,9.152,10.124,9.844,9.079,8.824,10.055,9.776,9.792,9.52,9.726,9.428,9.308,9.048,9.033,8.78,9.854,9.58,9.833,9.56,9.854,9.58,9.907,9.632,10.035,9.756
29/1/2026 19:15,10.145,9.864,10.129,9.848,9.501,9.216,9.336,9.076,9.05,8.796,10.1,9.82,9.878,9.604,9.194,8.936,9.916,9.64,9.891,9.612,10.211,9.928,9.156,8.9,10.203,9.92,10.014,9.736,9.009,8.756,9.797,9.524,9.415,9.152,10.124,9.844,9.079,8.824,10.055,9.776,9.792,9.52,9.726,9.428,9.308,9.048,9.033,8.78,9.854,9.58,9.833,9.56,9.854,9.58,9.907,9.632,10.035,9.756
29/1/2026 19:20,1.182,1.128,1.3,1.244,0.789,0.748,0.772,0.728,0.506,0.468,1.084,1.032,1.112,1.06,0.531,0.492,1.112,1.06,0.981,0.912,1.19,1.136,0.789,0.744,1.161,1.108,1.047,0.996,0.781,0.736,0.756,0.712,0.605,0.564,1.145,1.092,0.891,0.844,1.006,0.956,0.895,0.848,1.01,0.96,0.547,0.508,0.633,0.592,0.981,0.932,0.916,0.868,0.928,0.88,0.969,0.92,1.178,1.124
29/1/2026 19:25,1.182,1.128,1.3,1.244,0.789,0.748,0.772,0.728,0.506,0.468,1.084,1.032,1.112,1.06,0.531,0.492,1.112,1.06,0.981,0.912,1.19,1.136,0.789,0.744,1.161,1.108,1.047,0.996,0.781,0.736,0.756,0.712,0.605,0.564,1.145,1.092,0.891,0.844,1.006,0.956,0.895,0.848,1.01,0.96,0.547,0.508,0.633,0.592,0.981,0.932,0.916,0.868,0.928,0.88,0.969,0.92,1.178,1.124
29/1/2026 19:30,1.182,1.128,1.3,1.244,0.789,0.748,0.772,0.728,0.506,0.468,1.084,1.032,1.112,1.06,0.531,0.492,1.112,1.06,0.981,0.912,1.19,1.136,0.789,0.744,1.161,1.108,1.047,0.996,0.781,0.736,0.756,0.712,0.605,0.564,1.145,1.092,0.891,0.844,1.006,0.956,0.895,0.848,1.01,0.96,0.547,0.508,0.633,0.592,0.981,0.932,0.916,0.868,0.928,0.88,0.969,0.92,1.178,1.124
29/1/2026 19:35,0,0,0,0,0,0,0,0,0,0,0,0,0,0,0,0,0,0,0,0,0,0,0,0,0,0,0,0,0,0,0,0,0,0,0,0,0,0,0,0,0,0,0,0,0,0,0,0,0,0,0,0,0,0,0,0,0,0
29/1/2026 19:40,0,0,0,0,0,0,0,0,0,0,0,0,0,0,0,0,0,0,0,0,0,0,0,0,0,0,0,0,0,0,0,0,0,0,0,0,0,0,0,0,0,0,0,0,0,0,0,0,0,0,0,0,0,0,0,0,0,0
29/1/2026 19:45,0,0,0,0,0,0,0,0,0,0,0,0,0,0,0,0,0,0,0,0,0,0,0,0,0,0,0,0,0,0,0,0,0,0,0,0,0,0,0,0,0,0,0,0,0,0,0,0,0,0,0,0,0,0,0,0,0,0
29/1/2026 19:50,0,0,0,0,0,0,0,0,0,0,0,0,0,0,0,0,0,0,0,0,0,0,0,0,0,0,0,0,0,0,0,0,0,0,0,0,0,0,0,0,0,0,0,0,0,0,0,0,0,0,0,0,0,0,0,0,0,0
29/1/2026 19:55,0,0,0,0,0,0,0,0,0,0,0,0,0,0,0,0,0,0,0,0,0,0,0,0,0,0,0,0,0,0,0,0,0,0,0,0,0,0,0,0,0,0,0,0,0,0,0,0,0,0,0,0,0,0,0,0,0,0
29/1/2026 20:00,0,0,0,0,0,0,0,0,0,0,0,0,0,0,0,0,0,0,0,0,0,0,0,0,0,0,0,0,0,0,0,0,0,0,0,0,0,0,0,0,0,0,0,0,0,0,0,0,0,0,0,0,0,0,0,0,0,0
29/1/2026 20:05,0,0,0,0,0,0,0,0,0,0,0,0,0,0,0,0,0,0,0,0,0,0,0,0,0,0,0,0,0,0,0,0,0,0,0,0,0,0,0,0,0,0,0,0,0,0,0,0,0,0,0,0,0,0,0,0,0,0
29/1/2026 20:10,0,0,0,0,0,0,0,0,0,0,0,0,0,0,0,0,0,0,0,0,0,0,0,0,0,0,0,0,0,0,0,0,0,0,0,0,0,0,0,0,0,0,0,0,0,0,0,0,0,0,0,0,0,0,0,0,0,0
29/1/2026 20:15,0,0,0,0,0,0,0,0,0,0,0,0,0,0,0,0,0,0,0,0,0,0,0,0,0,0,0,0,0,0,0,0,0,0,0,0,0,0,0,0,0,0,0,0,0,0,0,0,0,0,0,0,0,0,0,0,0,0
29/1/2026 20:20,0,0,0,0,0,0,0,0,0,0,0,0,0,0,0,0,0,0,0,0,0,0,0,0,0,0,0,0,0,0,0,0,0,0,0,0,0,0,0,0,0,0,0,0,0,0,0,0,0,0,0,0,0,0,0,0,0,0
29/1/2026 20:25,0,0,0,0,--,--,0,0,0,0,0,0,0,0,0,0,0,0,0,0,0,0,0,0,0,0,0,0,0,0,0,0,0,0,0,0,0,0,0,0,0,0,0,0,--,--,0,0,0,0,0,0,0,0,0,0,0,0
29/1/2026 20:30,0,0,0,0,--,--,0,0,0,0,0,0,0,0,0,0,0,0,0,0,0,0,0,0,0,0,0,0,0,0,0,0,0,0,0,0,0,0,0,0,0,0,0,0,--,--,0,0,0,0,0,0,0,0,0,0,0,0
29/1/2026 20:35,0,0,0,0,--,--,0,0,0,0,0,0,0,0,0,0,0,0,0,0,0,0,0,0,0,0,0,0,0,0,0,0,0,0,0,0,0,0,0,0,0,0,0,0,--,--,0,0,0,0,0,0,0,0,0,0,0,0
29/1/2026 20:40,0,0,0,0,--,--,0,0,0,0,0,0,0,0,0,0,0,0,0,0,0,0,0,0,0,0,0,0,0,0,0,0,0,0,0,0,0,0,0,0,0,0,0,0,--,--,0,0,0,0,0,0,0,0,0,0,0,0
29/1/2026 20:45,0,0,0,0,--,--,0,0,0,0,0,0,0,0,0,0,0,0,0,0,0,0,0,0,0,0,0,0,0,0,0,0,0,0,0,0,0,0,0,0,0,0,0,0,--,--,0,0,0,0,0,0,0,0,0,0,0,0
29/1/2026 20:50,0,0,0,0,--,--,0,0,0,0,0,0,0,0,0,0,0,0,0,0,0,0,0,0,0,0,0,0,0,0,0,0,0,0,0,0,0,0,0,0,0,0,0,0,--,--,0,0,0,0,0,0,0,0,0,0,0,0
29/1/2026 20:55,0,0,0,0,--,--,0,0,0,0,0,0,0,0,0,0,0,0,0,0,0,0,0,0,0,0,0,0,0,0,0,0,0,0,0,0,0,0,0,0,0,0,0,0,--,--,0,0,0,0,0,0,0,0,0,0,0,0
29/1/2026 21:00,0,0,0,0,--,--,0,0,0,0,0,0,0,0,0,0,0,0,0,0,0,0,0,0,0,0,0,0,0,0,0,0,0,0,0,0,0,0,0,0,0,0,0,0,--,--,0,0,0,0,0,0,0,0,0,0,0,0
29/1/2026 21:05,0,0,0,0,--,--,0,0,0,0,0,0,0,0,0,0,0,0,0,0,0,0,0,0,0,0,0,0,0,0,0,0,0,0,0,0,0,0,0,0,0,0,0,0,--,--,0,0,0,0,0,0,0,0,0,0,0,0
29/1/2026 21:10,0,0,0,0,--,--,0,0,0,0,0,0,0,0,0,0,0,0,0,0,0,0,0,0,0,0,0,0,0,0,0,0,0,0,0,0,0,0,0,0,0,0,0,0,--,--,0,0,0,0,0,0,0,0,0,0,0,0
29/1/2026 21:15,0,0,0,0,--,--,0,0,0,0,0,0,0,0,0,0,0,0,0,0,0,0,0,0,0,0,0,0,0,0,0,0,0,0,0,0,0,0,0,0,0,0,0,0,--,--,0,0,0,0,0,0,0,0,0,0,0,0
29/1/2026 21:20,0,0,0,0,--,--,0,0,0,0,0,0,0,0,0,0,0,0,0,0,0,0,0,0,0,0,0,0,0,0,0,0,0,0,0,0,0,0,0,0,0,0,0,0,--,--,0,0,0,0,0,0,0,0,0,0,0,0
29/1/2026 21:25,0,0,0,0,--,--,0,0,0,0,0,0,0,0,0,0,0,0,0,0,0,0,0,0,0,0,0,0,0,0,0,0,0,0,0,0,0,0,0,0,0,0,0,0,--,--,0,0,0,0,0,0,0,0,0,0,0,0
29/1/2026 21:30,0,0,0,0,--,--,0,0,0,0,0,0,0,0,0,0,0,0,0,0,0,0,0,0,0,0,0,0,0,0,0,0,0,0,0,0,0,0,0,0,0,0,0,0,--,--,0,0,0,0,0,0,0,0,0,0,0,0
29/1/2026 21:35,0,0,0,0,--,--,0,0,0,0,0,0,0,0,0,0,0,0,0,0,0,0,0,0,0,0,0,0,0,0,0,0,0,0,0,0,0,0,0,0,0,0,0,0,--,--,0,0,0,0,0,0,0,0,0,0,0,0
29/1/2026 21:40,0,0,0,0,--,--,0,0,0,0,0,0,0,0,0,0,0,0,0,0,0,0,0,0,0,0,0,0,0,0,0,0,0,0,0,0,0,0,0,0,0,0,0,0,--,--,0,0,0,0,0,0,0,0,0,0,0,0
29/1/2026 21:45,0,0,0,0,--,--,0,0,0,0,0,0,0,0,0,0,0,0,0,0,0,0,0,0,0,0,0,0,0,0,0,0,0,0,0,0,0,0,0,0,0,0,0,0,--,--,0,0,0,0,0,0,0,0,0,0,0,0
29/1/2026 21:50,0,0,0,0,--,--,0,0,0,0,0,0,0,0,0,0,0,0,0,0,0,0,0,0,0,0,0,0,0,0,0,0,0,0,0,0,0,0,0,0,0,0,0,0,--,--,0,0,0,0,0,0,0,0,0,0,0,0
29/1/2026 21:55,0,0,0,0,--,--,0,0,0,0,0,0,0,0,0,0,0,0,0,0,0,0,0,0,0,0,0,0,0,0,0,0,0,0,0,0,0,0,0,0,0,0,0,0,--,--,0,0,0,0,0,0,0,0,0,0,0,0
29/1/2026 22:00,0,0,0,0,--,--,0,0,0,0,0,0,0,0,0,0,0,0,0,0,0,0,0,0,0,0,0,0,0,0,0,0,0,0,0,0,0,0,0,0,0,0,0,0,--,--,0,0,0,0,0,0,0,0,0,0,0,0
29/1/2026 22:05,0,0,0,0,--,--,0,0,0,0,0,0,0,0,0,0,0,0,0,0,0,0,0,0,0,0,0,0,0,0,0,0,0,0,0,0,0,0,0,0,0,0,0,0,--,--,0,0,0,0,0,0,0,0,0,0,0,0
29/1/2026 22:10,0,0,0,0,--,--,0,0,0,0,0,0,0,0,0,0,0,0,0,0,0,0,0,0,0,0,0,0,0,0,0,0,0,0,0,0,0,0,0,0,0,0,0,0,--,--,0,0,0,0,0,0,0,0,0,0,0,0
29/1/2026 22:15,0,0,0,0,--,--,0,0,0,0,0,0,0,0,0,0,0,0,0,0,0,0,0,0,0,0,0,0,0,0,0,0,0,0,0,0,0,0,0,0,0,0,0,0,--,--,0,0,0,0,0,0,0,0,0,0,0,0
29/1/2026 22:20,0,0,0,0,--,--,0,0,0,0,0,0,0,0,0,0,0,0,0,0,0,0,0,0,0,0,0,0,0,0,0,0,0,0,0,0,0,0,0,0,0,0,0,0,--,--,0,0,0,0,0,0,0,0,0,0,0,0
29/1/2026 22:25,0,0,0,0,--,--,0,0,0,0,0,0,0,0,0,0,0,0,0,0,0,0,0,0,0,0,0,0,0,0,0,0,0,0,0,0,0,0,0,0,0,0,0,0,--,--,0,0,0,0,0,0,0,0,0,0,0,0
29/1/2026 22:30,0,0,0,0,--,--,0,0,0,0,0,0,0,0,0,0,0,0,0,0,0,0,0,0,0,0,0,0,0,0,0,0,0,0,0,0,0,0,0,0,0,0,0,0,--,--,0,0,0,0,0,0,0,0,0,0,0,0
29/1/2026 22:35,0,0,0,0,--,--,0,0,0,0,0,0,0,0,0,0,0,0,0,0,0,0,0,0,0,0,0,0,0,0,0,0,0,0,0,0,0,0,0,0,0,0,0,0,--,--,0,0,0,0,0,0,0,0,0,0,0,0
29/1/2026 22:40,0,0,0,0,--,--,0,0,0,0,0,0,0,0,0,0,0,0,0,0,0,0,0,0,0,0,0,0,0,0,0,0,0,0,0,0,0,0,0,0,0,0,0,0,--,--,0,0,0,0,0,0,0,0,0,0,0,0
29/1/2026 22:45,0,0,0,0,--,--,0,0,0,0,0,0,0,0,0,0,0,0,0,0,0,0,0,0,0,0,0,0,0,0,0,0,0,0,0,0,0,0,0,0,0,0,0,0,--,--,0,0,0,0,0,0,0,0,0,0,0,0
29/1/2026 22:50,0,0,0,0,--,--,0,0,0,0,0,0,0,0,0,0,0,0,0,0,0,0,0,0,0,0,0,0,0,0,0,0,0,0,0,0,0,0,0,0,0,0,0,0,--,--,0,0,0,0,0,0,0,0,0,0,0,0
29/1/2026 22:55,0,0,0,0,--,--,0,0,0,0,0,0,0,0,0,0,0,0,0,0,0,0,0,0,0,0,0,0,0,0,0,0,0,0,0,0,0,0,0,0,0,0,0,0,--,--,0,0,0,0,0,0,0,0,0,0,0,0
29/1/2026 23:00,0,0,0,0,--,--,0,0,0,0,0,0,0,0,0,0,0,0,0,0,0,0,0,0,0,0,0,0,0,0,0,0,0,0,0,0,0,0,0,0,0,0,0,0,--,--,0,0,0,0,0,0,0,0,0,0,0,0
29/1/2026 23:05,0,0,0,0,--,--,0,0,0,0,0,0,0,0,0,0,0,0,0,0,0,0,0,0,0,0,0,0,0,0,0,0,0,0,0,0,0,0,0,0,0,0,0,0,--,--,0,0,0,0,0,0,0,0,0,0,0,0
29/1/2026 23:10,0,0,0,0,--,--,0,0,0,0,0,0,0,0,0,0,0,0,0,0,0,0,0,0,0,0,0,0,0,0,0,0,0,0,0,0,0,0,0,0,0,0,0,0,--,--,0,0,0,0,0,0,0,0,0,0,0,0
29/1/2026 23:15,0,0,0,0,--,--,0,0,0,0,0,0,0,0,0,0,0,0,0,0,0,0,0,0,0,0,0,0,0,0,0,0,0,0,0,0,0,0,0,0,0,0,0,0,--,--,0,0,0,0,0,0,0,0,0,0,0,0
29/1/2026 23:20,0,0,0,0,--,--,0,0,0,0,0,0,0,0,0,0,0,0,0,0,0,0,0,0,0,0,0,0,0,0,0,0,0,0,0,0,0,0,0,0,0,0,0,0,--,--,0,0,0,0,0,0,0,0,0,0,0,0
29/1/2026 23:25,0,0,0,0,--,--,0,0,0,0,0,0,0,0,0,0,0,0,0,0,0,0,0,0,0,0,0,0,0,0,0,0,0,0,0,0,0,0,0,0,0,0,0,0,--,--,0,0,0,0,0,0,0,0,0,0,0,0
29/1/2026 23:30,0,0,0,0,--,--,0,0,0,0,0,0,0,0,0,0,0,0,0,0,0,0,0,0,0,0,0,0,0,0,0,0,0,0,0,0,0,0,0,0,0,0,0,0,--,--,0,0,0,0,0,0,0,0,0,0,0,0
29/1/2026 23:35,0,0,0,0,--,--,0,0,0,0,0,0,0,0,0,0,0,0,0,0,0,0,0,0,0,0,0,0,0,0,0,0,0,0,0,0,0,0,0,0,0,0,0,0,--,--,0,0,0,0,0,0,0,0,0,0,0,0
29/1/2026 23:40,0,0,0,0,--,--,0,0,0,0,0,0,0,0,0,0,0,0,0,0,0,0,0,0,0,0,0,0,0,0,0,0,0,0,0,0,0,0,0,0,0,0,0,0,--,--,0,0,0,0,0,0,0,0,0,0,0,0
29/1/2026 23:45,0,0,0,0,--,--,0,0,0,0,0,0,0,0,0,0,0,0,0,0,0,0,0,0,0,0,0,0,0,0,0,0,0,0,0,0,0,0,0,0,0,0,0,0,--,--,0,0,0,0,0,0,0,0,0,0,0,0
29/1/2026 23:50,0,0,0,0,--,--,0,0,0,0,0,0,0,0,0,0,0,0,0,0,0,0,0,0,0,0,0,0,0,0,0,0,0,0,0,0,0,0,0,0,0,0,0,0,--,--,0,0,0,0,0,0,0,0,0,0,0,0
29/1/2026 23:55,0,0,0,0,--,--,0,0,0,0,0,0,0,0,0,0,0,0,0,0,0,0,0,0,0,0,0,0,0,0,0,0,0,0,0,0,0,0,0,0,0,0,0,0,--,--,0,0,0,0,0,0,0,0,0,0,0,0
30/1/2026 0:00,--,--,--,--,--,--,--,--,--,--,--,--,--,--,--,--,--,--,--,--,--,--,--,--,--,--,--,--,--,--,--,--,--,--,--,--,--,--,--,--,--,--,--,--,--,--,--,--,--,--,--,--,--,--,--,--,--,--
30/1/2026 0:05,--,--,--,--,--,--,--,--,--,--,--,--,--,--,--,--,--,--,--,--,--,--,--,--,--,--,--,--,--,--,--,--,--,--,--,--,--,--,--,--,--,--,--,--,--,--,--,--,--,--,--,--,--,--,--,--,--,--
30/1/2026 0:10,--,--,--,--,--,--,--,--,--,--,--,--,--,--,--,--,--,--,--,--,--,--,--,--,--,--,--,--,--,--,--,--,--,--,--,--,--,--,--,--,--,--,--,--,--,--,--,--,--,--,--,--,--,--,--,--,--,--
30/1/2026 0:15,--,--,--,--,--,--,--,--,--,--,--,--,--,--,--,--,--,--,--,--,--,--,--,--,--,--,--,--,--,--,--,--,--,--,--,--,--,--,--,--,--,--,--,--,--,--,--,--,--,--,--,--,--,--,--,--,--,--
30/1/2026 0:20,0,0,0,0,--,--,0,0,0,0,0,0,0,0,0,0,0,0,0,0,0,0,0,0,0,0,0,0,0,0,0,0,0,0,0,0,0,0,0,0,0,0,0,0,--,--,0,0,0,0,0,0,0,0,0,0,0,0
30/1/2026 0:25,0,0,0,0,--,--,0,0,0,0,0,0,0,0,0,0,0,0,0,0,0,0,0,0,0,0,0,0,0,0,0,0,0,0,0,0,0,0,0,0,0,0,0,0,--,--,0,0,0,0,0,0,0,0,0,0,0,0
30/1/2026 0:30,0,0,0,0,--,--,0,0,0,0,0,0,0,0,0,0,0,0,0,0,0,0,0,0,0,0,0,0,0,0,0,0,0,0,0,0,0,0,0,0,0,0,0,0,--,--,0,0,0,0,0,0,0,0,0,0,0,0
30/1/2026 0:35,0,0,0,0,--,--,0,0,0,0,0,0,0,0,0,0,0,0,0,0,0,0,0,0,0,0,0,0,0,0,0,0,0,0,0,0,0,0,0,0,0,0,0,0,--,--,0,0,0,0,0,0,0,0,0,0,0,0
30/1/2026 0:40,0,0,0,0,--,--,0,0,0,0,0,0,0,0,0,0,0,0,0,0,0,0,0,0,0,0,0,0,0,0,0,0,0,0,0,0,0,0,0,0,0,0,0,0,--,--,0,0,0,0,0,0,0,0,0,0,0,0
30/1/2026 0:45,0,0,0,0,--,--,0,0,0,0,0,0,0,0,0,0,0,0,0,0,0,0,0,0,0,0,0,0,0,0,0,0,0,0,0,0,0,0,0,0,0,0,0,0,--,--,0,0,0,0,0,0,0,0,0,0,0,0
30/1/2026 0:50,0,0,0,0,--,--,0,0,0,0,0,0,0,0,0,0,0,0,0,0,0,0,0,0,0,0,0,0,0,0,0,0,0,0,0,0,0,0,0,0,0,0,0,0,--,--,0,0,0,0,0,0,0,0,0,0,0,0
30/1/2026 0:55,0,0,0,0,--,--,0,0,0,0,0,0,0,0,0,0,0,0,0,0,0,0,0,0,0,0,0,0,0,0,0,0,0,0,0,0,0,0,0,0,0,0,0,0,--,--,0,0,0,0,0,0,0,0,0,0,0,0
30/1/2026 1:00,0,0,0,0,--,--,0,0,0,0,0,0,0,0,0,0,0,0,0,0,0,0,0,0,0,0,0,0,0,0,0,0,0,0,0,0,0,0,0,0,0,0,0,0,--,--,0,0,0,0,0,0,0,0,0,0,0,0
30/1/2026 1:05,0,0,0,0,--,--,0,0,0,0,0,0,0,0,0,0,0,0,0,0,0,0,0,0,0,0,0,0,0,0,0,0,0,0,0,0,0,0,0,0,0,0,0,0,--,--,0,0,0,0,0,0,0,0,0,0,0,0
30/1/2026 1:10,0,0,0,0,--,--,0,0,0,0,0,0,0,0,0,0,0,0,0,0,0,0,0,0,0,0,0,0,0,0,0,0,0,0,0,0,0,0,0,0,0,0,0,0,--,--,0,0,0,0,0,0,0,0,0,0,0,0
30/1/2026 1:15,0,0,0,0,--,--,0,0,0,0,0,0,0,0,0,0,0,0,0,0,0,0,0,0,0,0,0,0,0,0,0,0,0,0,0,0,0,0,0,0,0,0,0,0,--,--,0,0,0,0,0,0,0,0,0,0,0,0
30/1/2026 1:20,0,0,0,0,--,--,0,0,0,0,0,0,0,0,0,0,0,0,0,0,0,0,0,0,0,0,0,0,0,0,0,0,0,0,0,0,0,0,0,0,0,0,0,0,--,--,0,0,0,0,0,0,0,0,0,0,0,0
30/1/2026 1:25,0,0,0,0,--,--,0,0,0,0,0,0,0,0,0,0,0,0,0,0,0,0,0,0,0,0,0,0,0,0,0,0,0,0,0,0,0,0,0,0,0,0,0,0,--,--,0,0,0,0,0,0,0,0,0,0,0,0
30/1/2026 1:30,0,0,0,0,--,--,0,0,0,0,0,0,0,0,0,0,0,0,0,0,0,0,0,0,0,0,0,0,0,0,0,0,0,0,0,0,0,0,0,0,0,0,0,0,--,--,0,0,0,0,0,0,0,0,0,0,0,0
30/1/2026 1:35,0,0,0,0,--,--,0,0,0,0,0,0,0,0,0,0,0,0,0,0,0,0,0,0,0,0,0,0,0,0,0,0,0,0,0,0,0,0,0,0,0,0,0,0,--,--,0,0,0,0,0,0,0,0,0,0,0,0
30/1/2026 1:40,0,0,0,0,--,--,0,0,0,0,0,0,0,0,0,0,0,0,0,0,0,0,0,0,0,0,0,0,0,0,0,0,0,0,0,0,0,0,0,0,0,0,0,0,--,--,0,0,0,0,0,0,0,0,0,0,0,0
30/1/2026 1:45,0,0,0,0,--,--,0,0,0,0,0,0,0,0,0,0,0,0,0,0,0,0,0,0,0,0,0,0,0,0,0,0,0,0,0,0,0,0,0,0,0,0,0,0,--,--,0,0,0,0,0,0,0,0,0,0,0,0
30/1/2026 1:50,0,0,0,0,--,--,0,0,0,0,0,0,0,0,0,0,0,0,0,0,0,0,0,0,0,0,0,0,0,0,0,0,0,0,0,0,0,0,0,0,0,0,0,0,--,--,0,0,0,0,0,0,0,0,0,0,0,0
30/1/2026 1:55,0,0,0,0,--,--,0,0,0,0,0,0,0,0,0,0,0,0,0,0,0,0,0,0,0,0,0,0,0,0,0,0,0,0,0,0,0,0,0,0,0,0,0,0,--,--,0,0,0,0,0,0,0,0,0,0,0,0
30/1/2026 2:00,0,0,0,0,--,--,0,0,0,0,0,0,0,0,0,0,0,0,0,0,0,0,0,0,0,0,0,0,0,0,0,0,0,0,0,0,0,0,0,0,0,0,0,0,--,--,0,0,0,0,0,0,0,0,0,0,0,0
30/1/2026 2:05,0,0,0,0,--,--,0,0,0,0,0,0,0,0,0,0,0,0,0,0,0,0,0,0,0,0,0,0,0,0,0,0,0,0,0,0,0,0,0,0,0,0,0,0,--,--,0,0,0,0,0,0,0,0,0,0,0,0
30/1/2026 2:10,0,0,0,0,--,--,0,0,0,0,0,0,0,0,0,0,0,0,0,0,0,0,0,0,0,0,0,0,0,0,0,0,0,0,0,0,0,0,0,0,0,0,0,0,--,--,0,0,0,0,0,0,0,0,0,0,0,0
30/1/2026 2:15,0,0,0,0,--,--,0,0,0,0,0,0,0,0,0,0,0,0,0,0,0,0,0,0,0,0,0,0,0,0,0,0,0,0,0,0,0,0,0,0,0,0,0,0,--,--,0,0,0,0,0,0,0,0,0,0,0,0
30/1/2026 2:20,0,0,0,0,--,--,0,0,0,0,0,0,0,0,0,0,0,0,0,0,0,0,0,0,0,0,0,0,0,0,0,0,0,0,0,0,0,0,0,0,0,0,0,0,--,--,0,0,0,0,0,0,0,0,0,0,0,0
30/1/2026 2:25,0,0,0,0,--,--,0,0,0,0,0,0,0,0,0,0,0,0,0,0,0,0,0,0,0,0,0,0,0,0,0,0,0,0,0,0,0,0,0,0,0,0,0,0,--,--,0,0,0,0,0,0,0,0,0,0,0,0
30/1/2026 2:30,0,0,0,0,--,--,0,0,0,0,0,0,0,0,0,0,0,0,0,0,0,0,0,0,0,0,0,0,0,0,0,0,0,0,0,0,0,0,0,0,0,0,0,0,--,--,0,0,0,0,0,0,0,0,0,0,0,0
30/1/2026 2:35,0,0,0,0,--,--,0,0,0,0,0,0,0,0,0,0,0,0,0,0,0,0,0,0,0,0,0,0,0,0,0,0,0,0,0,0,0,0,0,0,0,0,0,0,--,--,0,0,0,0,0,0,0,0,0,0,0,0
30/1/2026 2:40,0,0,0,0,--,--,0,0,0,0,0,0,0,0,0,0,0,0,0,0,0,0,0,0,0,0,0,0,0,0,0,0,0,0,0,0,0,0,0,0,0,0,0,0,--,--,0,0,0,0,0,0,0,0,0,0,0,0
30/1/2026 2:45,0,0,0,0,--,--,0,0,0,0,0,0,0,0,0,0,0,0,0,0,0,0,0,0,0,0,0,0,0,0,0,0,0,0,0,0,0,0,0,0,0,0,0,0,--,--,0,0,0,0,0,0,0,0,0,0,0,0
30/1/2026 2:50,0,0,0,0,--,--,0,0,0,0,0,0,0,0,0,0,0,0,0,0,0,0,0,0,0,0,0,0,0,0,0,0,0,0,0,0,0,0,0,0,0,0,0,0,--,--,0,0,0,0,0,0,0,0,0,0,0,0
30/1/2026 2:55,0,0,0,0,--,--,0,0,0,0,0,0,0,0,0,0,0,0,0,0,0,0,0,0,0,0,0,0,0,0,0,0,0,0,0,0,0,0,0,0,0,0,0,0,--,--,0,0,0,0,0,0,0,0,0,0,0,0
30/1/2026 3:00,0,0,0,0,--,--,0,0,0,0,0,0,0,0,0,0,0,0,0,0,0,0,0,0,0,0,0,0,0,0,0,0,0,0,0,0,0,0,0,0,0,0,0,0,--,--,0,0,0,0,0,0,0,0,0,0,0,0
30/1/2026 3:05,0,0,0,0,--,--,0,0,0,0,0,0,0,0,0,0,0,0,0,0,0,0,0,0,0,0,0,0,0,0,0,0,0,0,0,0,0,0,0,0,0,0,0,0,--,--,0,0,0,0,0,0,0,0,0,0,0,0
30/1/2026 3:10,0,0,0,0,--,--,0,0,0,0,0,0,0,0,0,0,0,0,0,0,0,0,0,0,0,0,0,0,0,0,0,0,0,0,0,0,0,0,0,0,0,0,0,0,--,--,0,0,0,0,0,0,0,0,0,0,0,0
30/1/2026 3:15,0,0,0,0,--,--,0,0,0,0,0,0,0,0,0,0,0,0,0,0,0,0,0,0,0,0,0,0,0,0,0,0,0,0,0,0,0,0,0,0,0,0,0,0,--,--,0,0,0,0,0,0,0,0,0,0,0,0
30/1/2026 3:20,0,0,0,0,--,--,0,0,0,0,0,0,0,0,0,0,0,0,0,0,0,0,0,0,0,0,0,0,0,0,0,0,0,0,0,0,0,0,0,0,0,0,0,0,--,--,0,0,0,0,0,0,0,0,0,0,0,0
30/1/2026 3:25,0,0,0,0,--,--,0,0,0,0,0,0,0,0,0,0,0,0,0,0,0,0,0,0,0,0,0,0,0,0,0,0,0,0,0,0,0,0,0,0,0,0,0,0,--,--,0,0,0,0,0,0,0,0,0,0,0,0
30/1/2026 3:30,0,0,0,0,--,--,0,0,0,0,0,0,0,0,0,0,0,0,0,0,0,0,0,0,0,0,0,0,0,0,0,0,0,0,0,0,0,0,0,0,0,0,0,0,--,--,0,0,0,0,0,0,0,0,0,0,0,0
30/1/2026 3:35,0,0,0,0,--,--,0,0,0,0,0,0,0,0,0,0,0,0,0,0,0,0,0,0,0,0,0,0,0,0,0,0,0,0,0,0,0,0,0,0,0,0,0,0,--,--,0,0,0,0,0,0,0,0,0,0,0,0
30/1/2026 3:40,0,0,0,0,--,--,0,0,0,0,0,0,0,0,0,0,0,0,0,0,0,0,0,0,0,0,0,0,0,0,0,0,0,0,0,0,0,0,0,0,0,0,0,0,--,--,0,0,0,0,0,0,0,0,0,0,0,0
30/1/2026 3:45,0,0,0,0,--,--,0,0,0,0,0,0,0,0,0,0,0,0,0,0,0,0,0,0,0,0,0,0,0,0,0,0,0,0,0,0,0,0,0,0,0,0,0,0,--,--,0,0,0,0,0,0,0,0,0,0,0,0
30/1/2026 3:50,0,0,0,0,--,--,0,0,0,0,0,0,0,0,0,0,0,0,0,0,0,0,0,0,0,0,0,0,0,0,0,0,0,0,0,0,0,0,0,0,0,0,0,0,--,--,0,0,0,0,0,0,0,0,0,0,0,0
30/1/2026 3:55,0,0,0,0,--,--,0,0,0,0,0,0,0,0,0,0,0,0,0,0,0,0,0,0,0,0,0,0,0,0,0,0,0,0,0,0,0,0,0,0,0,0,0,0,--,--,0,0,0,0,0,0,0,0,0,0,0,0
30/1/2026 4:00,0,0,0,0,--,--,0,0,0,0,0,0,0,0,0,0,0,0,0,0,0,0,0,0,0,0,0,0,0,0,0,0,0,0,0,0,0,0,0,0,0,0,0,0,--,--,0,0,0,0,0,0,0,0,0,0,0,0
30/1/2026 4:05,0,0,0,0,--,--,0,0,0,0,0,0,0,0,0,0,0,0,0,0,0,0,0,0,0,0,0,0,0,0,0,0,0,0,0,0,0,0,0,0,0,0,0,0,--,--,0,0,0,0,0,0,0,0,0,0,0,0
30/1/2026 4:10,0,0,0,0,--,--,0,0,0,0,0,0,0,0,0,0,0,0,0,0,0,0,0,0,0,0,0,0,0,0,0,0,0,0,0,0,0,0,0,0,0,0,0,0,--,--,0,0,0,0,0,0,0,0,0,0,0,0
30/1/2026 4:15,0,0,0,0,--,--,0,0,0,0,0,0,0,0,0,0,0,0,0,0,0,0,0,0,0,0,0,0,0,0,0,0,0,0,0,0,0,0,0,0,0,0,0,0,--,--,0,0,0,0,0,0,0,0,0,0,0,0
30/1/2026 4:20,0,0,0,0,--,--,0,0,0,0,0,0,0,0,0,0,0,0,0,0,0,0,0,0,0,0,0,0,0,0,0,0,0,0,0,0,0,0,0,0,0,0,0,0,--,--,0,0,0,0,0,0,0,0,0,0,0,0
30/1/2026 4:25,0,0,0,0,--,--,0,0,0,0,0,0,0,0,0,0,0,0,0,0,0,0,0,0,0,0,0,0,0,0,0,0,0,0,0,0,0,0,0,0,0,0,0,0,--,--,0,0,0,0,0,0,0,0,0,0,0,0
30/1/2026 4:30,0,0,0,0,--,--,0,0,0,0,0,0,0,0,0,0,0,0,0,0,0,0,0,0,0,0,0,0,0,0,0,0,0,0,0,0,0,0,0,0,0,0,0,0,--,--,0,0,0,0,0,0,0,0,0,0,0,0
30/1/2026 4:35,0,0,0,0,--,--,0,0,0,0,0,0,0,0,0,0,0,0,0,0,0,0,0,0,0,0,0,0,0,0,0,0,0,0,0,0,0,0,0,0,0,0,0,0,--,--,0,0,0,0,0,0,0,0,0,0,0,0
30/1/2026 4:40,0,0,0,0,--,--,0,0,0,0,0,0,0,0,0,0,0,0,0,0,0,0,0,0,0,0,0,0,0,0,0,0,0,0,0,0,0,0,0,0,0,0,0,0,--,--,0,0,0,0,0,0,0,0,0,0,0,0
30/1/2026 4:45,0,0,0,0,--,--,0,0,0,0,0,0,0,0,0,0,0,0,0,0,0,0,0,0,0,0,0,0,0,0,0,0,0,0,0,0,0,0,0,0,0,0,0,0,--,--,0,0,0,0,0,0,0,0,0,0,0,0
30/1/2026 4:50,0,0,0,0,--,--,0,0,0,0,0,0,0,0,0,0,0,0,0,0,0,0,0,0,0,0,0,0,0,0,0,0,0,0,0,0,0,0,0,0,0,0,0,0,--,--,0,0,0,0,0,0,0,0,0,0,0,0
30/1/2026 4:55,0,0,0,0,--,--,0,0,0,0,0,0,0,0,0,0,0,0,0,0,0,0,0,0,0,0,0,0,0,0,0,0,0,0,0,0,0,0,0,0,0,0,0,0,--,--,0,0,0,0,0,0,0,0,0,0,0,0
30/1/2026 5:00,0,0,0,0,--,--,0,0,0,0,0,0,0,0,0,0,0,0,0,0,0,0,0,0,0,0,0,0,0,0,0,0,0,0,0,0,0,0,0,0,0,0,0,0,--,--,0,0,0,0,0,0,0,0,0,0,0,0
30/1/2026 5:05,0,0,0,0,--,--,0,0,0,0,0,0,0,0,0,0,0,0,0,0,0,0,0,0,0,0,0,0,0,0,0,0,0,0,0,0,0,0,0,0,0,0,0,0,--,--,0,0,0,0,0,0,0,0,0,0,0,0
30/1/2026 5:10,0,0,0,0,--,--,0,0,0,0,0,0,0,0,0,0,0,0,0,0,0,0,0,0,0,0,0,0,0,0,0,0,0,0,0,0,0,0,0,0,0,0,0,0,--,--,0,0,0,0,0,0,0,0,0,0,0,0
30/1/2026 5:15,0,0,0,0,--,--,0,0,0,0,0,0,0,0,0,0,0,0,0,0,0,0,0,0,0,0,0,0,0,0,0,0,0,0,0,0,0,0,0,0,0,0,0,0,--,--,0,0,0,0,0,0,0,0,0,0,0,0
30/1/2026 5:20,0,0,0,0,--,--,0,0,0,0,0,0,0,0,0,0,0,0,0,0,0,0,0,0,0,0,0,0,0,0,0,0,0,0,0,0,0,0,0,0,0,0,0,0,--,--,0,0,0,0,0,0,0,0,0,0,0,0
30/1/2026 5:25,0,0,0,0,--,--,0,0,0,0,0,0,0,0,0,0,0,0,0,0,0,0,0,0,0,0,0,0,0,0,0,0,0,0,0,0,0,0,0,0,0,0,0,0,--,--,0,0,0,0,0,0,0,0,0,0,0,0
30/1/2026 5:30,0,0,0,0,--,--,0,0,0,0,0,0,0,0,0,0,0,0,0,0,0,0,0,0,0,0,0,0,0,0,0,0,0,0,0,0,0,0,0,0,0,0,0,0,--,--,0,0,0,0,0,0,0,0,0,0,0,0
30/1/2026 5:35,0,0,0,0,--,--,0,0,0,0,0,0,0,0,0,0,0,0,0,0,0,0,0,0,0,0,0,0,0,0,0,0,0,0,0,0,0,0,0,0,0,0,0,0,--,--,0,0,0,0,0,0,0,0,0,0,0,0
30/1/2026 5:40,0,0,0,0,--,--,0,0,0,0,0,0,0,0,0,0,0,0,0,0,0,0,0,0,0,0,0,0,0,0,0,0,0,0,0,0,0,0,0,0,0,0,0,0,--,--,0,0,0,0,0,0,0,0,0,0,0,0
30/1/2026 5:45,0,0,0,0,--,--,0,0,0,0,0,0,0,0,0,0,0,0,0,0,0,0,0,0,0,0,0,0,0,0,0,0,0,0,0,0,0,0,0,0,0,0,0,0,--,--,0,0,0,0,0,0,0,0,0,0,0,0
30/1/2026 5:50,0,0,0,0,--,--,0,0,0,0,0,0,0,0,0,0,0,0,0,0,0,0,0,0,0,0,0,0,0,0,0,0,0,0,0,0,0,0,0,0,0,0,0,0,--,--,0,0,0,0,0,0,0,0,0,0,0,0
30/1/2026 5:55,0,0,0,0,--,--,0,0,0,0,0,0,0,0,0,0,0,0,0,0,0,0,0,0,0,0,0,0,0,0,0,0,0,0,0,0,0,0,0,0,0,0,0,0,--,--,0,0,0,0,0,0,0,0,0,0,0,0
30/1/2026 6:00,0,0,0,0,--,--,0,0,0,0,0,0,0,0,0,0,0,0,0,0,0,0,0,0,0,0,0,0,0,0,0,0,0,0,0,0,0,0,0,0,0,0,0,0,--,--,0,0,0,0,0,0,0,0,0,0,0,0
30/1/2026 6:05,0,0,0,0,--,--,0,0,0,0,0,0,0,0,0,0,0,0,0,0,0,0,0,0,0,0,0,0,0,0,0,0,0,0,0,0,0,0,0,0,0,0,0,0,--,--,0,0,0,0,0,0,0,0,0,0,0,0
30/1/2026 6:10,0,0,0,0,--,--,0,0,0,0,0,0,0,0,0,0,0,0,0,0,0,0,0,0,0,0,0,0,0,0,0,0,0,0,0,0,0,0,0,0,0,0,0,0,--,--,0,0,0,0,0,0,0,0,0,0,0,0
30/1/2026 6:15,0,0,0,0,--,--,0,0,0,0,0,0,0,0,0,0,0,0,0,0,0,0,0,0,0,0,0,0,0,0,0,0,0,0,0,0,0,0,0,0,0,0,0,0,--,--,0,0,0,0,0,0,0,0,0,0,0,0
30/1/2026 6:20,0,0,0,0,--,--,0,0,0,0,0,0,0,0,0,0,0,0,0,0,0,0,0,0,0,0,0,0,0,0,0,0,0,0,0,0,0,0,0,0,0,0,0,0,--,--,0,0,0,0,0,0,0,0,0,0,0,0
30/1/2026 6:25,0,0,0,0,--,--,0,0,0,0,0,0,0,0,0,0,0,0,0,0,0,0,0,0,0,0,0,0,0,0,0,0,0,0,0,0,0,0,0,0,0,0,0,0,--,--,0,0,0,0,0,0,0,0,0,0,0,0
30/1/2026 6:30,0,0,0,0,--,--,0,0,0,0,0,0,0,0,0,0,0,0,0,0,0,0,0,0,0,0,0,0,0,0,0,0,0,0,0,0,0,0,0,0,0,0,0,0,--,--,0,0,0,0,0,0,0,0,0,0,0,0
30/1/2026 6:35,0,0,0,0,--,--,0,0,0,0,0,0,0,0,0,0,0,0,0,0,0,0,0,0,0,0,0,0,0,0,0,0,0,0,0,0,0,0,0,0,0,0,0,0,--,--,0,0,0,0,0,0,0,0,0,0,0,0
30/1/2026 6:40,0,0,0,0,--,--,0,0,0,0,0,0,0,0,0,0,0,0,0,0,0,0,0,0,0,0,0,0,0,0,0,0,0,0,0,0,0,0,0,0,0,0,0,0,--,--,0,0,0,0,0,0,0,0,0,0,0,0
30/1/2026 6:45,0,0,0,0,--,--,0,0,0,0,0,0,0,0,0,0,0,0,0,0,0,0,0,0,0,0,0,0,0,0,0,0,0,0,0,0,0,0,0,0,0,0,0,0,--,--,0,0,0,0,0,0,0,0,0,0,0,0
30/1/2026 6:50,0,0,0,0,--,--,0,0,0,0,0,0,0,0,0,0,0,0,0,0,0,0,0,0,0,0,0,0,0,0,0,0,0,0,0,0,0,0,0,0,0,0,0,0,--,--,0,0,0,0,0,0,0,0,0,0,0,0
30/1/2026 6:55,0,0,0,0,--,--,0,0,0,0,0,0,0,0,0,0,0,0,0,0,0,0,0,0,0,0,0,0,0,0,0,0,0,0,0,0,0,0,0,0,0,0,0,0,--,--,0,0,0,0,0,0,0,0,0,0,0,0
30/1/2026 7:00,0,0,0,0,--,--,0,0,0,0,0,0,0,0,0,0,0,0,0,0,0,0,0,0,0,0,0,0,0,0,0,0,0,0,0,0,0,0,0,0,0,0,0,0,--,--,0,0,0,0,0,0,0,0,0,0,0,0
30/1/2026 7:05,0,0,0,0,--,--,0,0,0,0,0,0,0,0,0,0,0,0,0,0,0,0,0,0,0,0,0,0,0,0,0,0,0,0,0,0,0,0,0,0,0,0,0,0,--,--,0,0,0,0,0,0,0,0,0,0,0,0
30/1/2026 7:10,0,0,0,0,--,--,0,0,0,0,0,0,0,0,0,0,0,0,0,0,0,0,0,0,0,0,0,0,0,0,0,0,0,0,0,0,0,0,0,0,0,0,0,0,--,--,0,0,0,0,0,0,0,0,0,0,0,0
30/1/2026 7:15,0,0,0,0,--,--,0,0,0,0,0,0,0,0,0,0,0,0,0,0,0,0,0,0,0,0,0,0,0,0,0,0,0,0,0,0,0,0,0,0,0,0,0,0,--,--,0,0,0,0,0,0,0,0,0,0,0,0
30/1/2026 7:20,0,0,0,0,0,0,0,0,0,0,0,0,0,0,0,0,0,0,0,0,0,0,0,0,0,0,0,0,0,0,0,0,0,0,0,0,0,0,0,0,0,0,0,0,0,0,0,0,0,0,0,0,0,0,0,0,0,0
30/1/2026 7:25,0,0,0,0,0,0,0,0,0,0,0,0,0,0,0,0,0,0,0,0,0,0,0,0,0,0,0,0,0,0,0,0,0,0,0,0,0,0,0,0,0,0,0,0,0,0,0,0,0,0,0,0,0,0,0,0,0,0
30/1/2026 7:30,0,0,0,0,0,0,0,0,0,0,0,0,0,0,0,0,0,0,0,0,0,0,0,0,0,0,0,0,0,0,0,0,0,0,0,0,0,0,0,0,0,0,0,0,0,0,0,0,0,0,0,0,0,0,0,0,0,0
30/1/2026 7:35,0,0,0,0,4.327,4.196,0,0,0,0,0,0,0,0,0,0,0,0,10.188,9.932,0,0,0,0,0,0,10.347,10.088,0,0,0,0,9.602,9.36,10.011,9.76,8.989,8.76,0,0,0,0,8.857,8.632,0,0,0,0,0,0,0,0,0,0,0,0,10.257,10.044
30/1/2026 7:40,0,0,0,0,4.327,4.196,0,0,0,0,0,0,0,0,0,0,0,0,10.188,9.932,0,0,0,0,0,0,10.347,10.088,0,0,0,0,9.602,9.36,10.011,9.76,8.989,8.76,0,0,0,0,8.857,8.632,0,0,0,0,0,0,0,0,0,0,0,0,10.257,10.044
30/1/2026 7:45,0,0,0,0,4.327,4.196,0,0,0,0,0,0,0,0,0,0,0,0,10.188,9.932,0,0,0,0,0,0,10.347,10.088,0,0,0,0,9.602,9.36,10.011,9.76,8.989,8.76,0,0,0,0,8.857,8.632,0,0,0,0,0,0,0,0,0,0,0,0,10.257,10.044
30/1/2026 7:50,0,0,0,0,15.472,15.088,0,0,0,0,0,0,0,0,0,0,0,0,35.162,33.708,0,0,0,0,0,0,34.436,33.692,0,0,0,0,33.753,32.976,34.837,34.044,32.544,31.784,0,0,0,0,31.575,31.024,0,0,0,0,0,0,0,0,0,0,0,0,34.801,33.904
30/1/2026 7:55,0,0,0,0,15.472,15.088,0,0,0,0,0,0,0,0,0,0,0,0,35.162,33.708,0,0,0,0,0,0,34.436,33.692,0,0,0,0,33.753,32.976,34.837,34.044,32.544,31.784,0,0,0,0,31.575,31.024,0,0,0,0,0,0,0,0,0,0,0,0,34.801,33.904
30/1/2026 8:00,0,0,0,0,15.472,15.088,0,0,0,0,0,0,0,0,0,0,0,0,35.162,33.708,0,0,0,0,0,0,34.436,33.692,0,0,0,0,33.753,32.976,34.837,34.044,32.544,31.784,0,0,0,0,31.575,31.024,0,0,0,0,0,0,0,0,0,0,0,0,34.801,33.904
30/1/2026 8:05,0,0,0,0,40.105,39.04,0,0,0,0,0,0,0,0,0,0,0,0,85.162,83.588,0,0,0,0,0,0,84.306,82.916,0,0,0,0,81.806,81.016,84.415,82.776,77.509,76.216,0,0,0,0,78.211,76.984,0,0,0,0,0,0,0,0,0,0,0,0,84.736,83.34
30/1/2026 8:10,0,0,0,0,40.105,39.04,0,0,0,0,0,0,0,0,0,0,0,0,85.162,83.588,0,0,0,0,0,0,84.306,82.916,0,0,0,0,81.806,81.016,84.415,82.776,77.509,76.216,0,0,0,0,78.211,76.984,0,0,0,0,0,0,0,0,0,0,0,0,84.736,83.34
30/1/2026 8:15,0,0,0,0,40.105,39.04,0,0,0,0,0,0,0,0,0,0,0,0,85.162,83.588,0,0,0,0,0,0,84.306,82.916,0,0,0,0,81.806,81.016,84.415,82.776,77.509,76.216,0,0,0,0,78.211,76.984,0,0,0,0,0,0,0,0,0,0,0,0,84.736,83.34
30/1/2026 8:20,0,0,0,0,50.822,49.664,0,0,0,0,0,0,0,0,0,0,0,0,113.596,112.136,0,0,0,0,0,0,111.262,109.512,0,0,0,0,104.004,102.348,111.655,109.9,101.058,99.816,0,0,0,0,97.028,95.464,0,0,0,0,0,0,0,0,0,0,0,0,107.879,106.172
30/1/2026 8:25,0,0,0,0,50.822,49.664,0,0,0,0,0,0,0,0,0,0,0,0,113.596,112.136,0,0,0,0,0,0,111.262,109.512,0,0,0,0,104.004,102.348,111.655,109.9,101.058,99.816,0,0,0,0,97.028,95.464,0,0,0,0,0,0,0,0,0,0,0,0,107.879,106.172
30/1/2026 8:30,0,0,0,0,50.822,49.664,0,0,0,0,0,0,0,0,0,0,0,0,113.596,112.136,0,0,0,0,0,0,111.262,109.512,0,0,0,0,104.004,102.348,111.655,109.9,101.058,99.816,0,0,0,0,97.028,95.464,0,0,0,0,0,0,0,0,0,0,0,0,107.879,106.172
30/1/2026 8:35,127.87,126.136,125.491,123.78,122.134,120.44,0,0,119.531,117.876,0,0,128.752,127.004,0,0,126.92,125.196,129.806,128.3,0,0,0,0,0,0,127.47,126.264,0,0,0,0,125.758,123.828,129.554,127.156,117.522,116.288,0,0,0,0,120.409,118.544,0,0,0,0,0,0,0,0,0,0,128.845,127.096,127.232,125.284
30/1/2026 8:40,127.87,126.136,125.491,123.78,122.134,120.44,0,0,119.531,117.876,0,0,128.752,127.004,0,0,126.92,125.196,129.806,128.3,0,0,0,0,0,0,127.47,126.264,0,0,0,0,125.758,123.828,129.554,127.156,117.522,116.288,0,0,0,0,120.409,118.544,0,0,0,0,0,0,0,0,0,0,128.845,127.096,127.232,125.284
30/1/2026 8:45,127.87,126.136,125.491,123.78,122.134,120.44,0,0,119.531,117.876,0,0,128.752,127.004,0,0,126.92,125.196,129.806,128.3,0,0,0,0,0,0,127.47,126.264,0,0,0,0,125.758,123.828,129.554,127.156,117.522,116.288,0,0,0,0,120.409,118.544,0,0,0,0,0,0,0,0,0,0,128.845,127.096,127.232,125.284
30/1/2026 8:50,221.873,218.384,211.226,207.924,213.725,210.48,195.806,192.772,192.273,189.3,217.907,214.488,218.416,214.988,201.175,198.048,216.792,213.392,220.55,217.084,218.204,214.78,190.295,187.356,216.128,212.74,221.698,218.212,190.975,188.024,218.551,215.12,211.197,207.896,218.53,215.1,192.029,189.06,220.261,216.8,216.698,213.3,192.216,191.232,214.572,211.212,197.524,194.46,218.172,214.748,205.335,202.136,222.122,218.628,218.51,215.08,216.148,212.76
30/1/2026 8:55,221.873,218.384,211.226,207.924,213.725,210.48,195.806,192.772,192.273,189.3,217.907,214.488,218.416,214.988,201.175,198.048,216.792,213.392,220.55,217.084,218.204,214.78,190.295,187.356,216.128,212.74,221.698,218.212,190.975,188.024,218.551,215.12,211.197,207.896,218.53,215.1,192.029,189.06,220.261,216.8,216.698,213.3,192.216,191.232,214.572,211.212,197.524,194.46,218.172,214.748,205.335,202.136,222.122,218.628,218.51,215.08,216.148,212.76
30/1/2026 9:00,221.873,218.384,211.226,207.924,213.725,210.48,195.806,192.772,192.273,189.3,217.907,214.488,218.416,214.988,201.175,198.048,216.792,213.392,220.55,217.084,218.204,214.78,190.295,187.356,216.128,212.74,221.698,218.212,190.975,188.024,218.551,215.12,211.197,207.896,218.53,215.1,192.029,189.06,220.261,216.8,216.698,213.3,192.216,191.232,214.572,211.212,197.524,194.46,218.172,214.748,205.335,202.136,222.122,218.628,218.51,215.08,216.148,212.76
30/1/2026 9:05,213.314,209.976,172.52,169.888,204.743,202.444,114.727,112.876,169.281,166.704,209.234,205.968,207.793,204.552,171.308,168.696,187.559,184.668,210.008,206.728,210.126,206.844,135.666,133.556,185.324,182.472,212.3,208.98,135.111,133.008,187.657,184.764,173.318,170.672,194.633,191.62,127.143,125.144,210.667,207.376,203.6,200.432,168.235,165.676,206.212,203,121.44,119.508,202.924,199.768,172.512,169.88,212.556,209.232,194.775,191.76,188.927,183.604
30/1/2026 9:10,213.314,209.976,172.52,169.888,204.743,202.444,114.727,112.876,169.281,166.704,209.234,205.968,207.793,204.552,171.308,168.696,187.559,184.668,210.008,206.728,210.126,206.844,135.666,133.556,185.324,182.472,212.3,208.98,135.111,133.008,187.657,184.764,173.318,170.672,194.633,191.62,127.143,125.144,210.667,207.376,203.6,200.432,168.235,165.676,206.212,203,121.44,119.508,202.924,199.768,172.512,169.88,212.556,209.232,194.775,191.76,188.927,183.604
30/1/2026 9:15,213.314,209.976,172.52,169.888,204.743,202.444,114.727,112.876,169.281,166.704,209.234,205.968,207.793,204.552,171.308,168.696,187.559,184.668,210.008,206.728,210.126,206.844,135.666,133.556,185.324,182.472,212.3,208.98,135.111,133.008,187.657,184.764,173.318,170.672,194.633,191.62,127.143,125.144,210.667,207.376,203.6,200.432,168.235,165.676,206.212,203,121.44,119.508,202.924,199.768,172.512,169.88,212.556,209.232,194.775,191.76,188.927,183.604
30/1/2026 9:20,111.183,109.376,138.532,136.384,111.32,109.512,104.206,102.488,99.841,98.18,99.518,97.86,99.967,98.304,133.34,131.26,130.186,128.148,101.054,99.152,99.736,98.076,121.064,119.136,135.213,133.108,110.519,108.72,121.064,119.136,136.814,134.688,139.513,137.352,105.908,104.168,111.017,109.212,108.028,106.26,110.596,108.796,99.963,98.3,111.867,110.052,103.826,102.112,110.523,108.724,133.664,131.58,109.036,107.256,106.435,104.688,130.956,128.908
30/1/2026 9:25,111.183,109.376,138.532,136.384,111.32,109.512,104.206,102.488,99.841,98.18,99.518,97.86,99.967,98.304,133.34,131.26,130.186,128.148,101.054,99.152,99.736,98.076,121.064,119.136,135.213,133.108,110.519,108.72,121.064,119.136,136.814,134.688,139.513,137.352,105.908,104.168,111.017,109.212,108.028,106.26,110.596,108.796,99.963,98.3,111.867,110.052,103.826,102.112,110.523,108.724,133.664,131.58,109.036,107.256,106.435,104.688,130.956,128.908
30/1/2026 9:30,111.183,109.376,138.532,136.384,111.32,109.512,104.206,102.488,99.841,98.18,99.518,97.86,99.967,98.304,133.34,131.26,130.186,128.148,101.054,99.152,99.736,98.076,121.064,119.136,135.213,133.108,110.519,108.72,121.064,119.136,136.814,134.688,139.513,137.352,105.908,104.168,111.017,109.212,108.028,106.26,110.596,108.796,99.963,98.3,111.867,110.052,103.826,102.112,110.523,108.724,133.664,131.58,109.036,107.256,106.435,104.688,130.956,128.908
30/1/2026 9:35,74.876,73.564,69.301,68.072,68.528,67.312,64.263,63.112,63.833,62.684,77.648,76.296,77.011,75.668,68.509,67.292,71.92,70.652,77.514,76.436,78.111,76.752,68.447,67.232,72.489,71.212,74.567,73.26,68.192,66.98,73.021,71.736,68.582,67.54,76.694,75.676,68.013,66.804,72.911,71.628,76.917,75.576,64.621,63.464,68.731,67.512,64.09,62.94,77.34,75.992,69.39,68.16,73.504,72.212,76.836,75.496,71.932,70.664
30/1/2026 9:40,74.876,73.564,69.301,68.072,68.528,67.312,64.263,63.112,63.833,62.684,77.648,76.296,77.011,75.668,68.509,67.292,71.92,70.652,77.514,76.436,78.111,76.752,68.447,67.232,72.489,71.212,74.567,73.26,68.192,66.98,73.021,71.736,68.582,67.54,76.694,75.676,68.013,66.804,72.911,71.628,76.917,75.576,64.621,63.464,68.731,67.512,64.09,62.94,77.34,75.992,69.39,68.16,73.504,72.212,76.836,75.496,71.932,70.664
30/1/2026 9:45,74.876,73.564,69.301,68.072,68.528,67.312,64.263,63.112,63.833,62.684,77.648,76.296,77.011,75.668,68.509,67.292,71.92,70.652,77.514,76.436,78.111,76.752,68.447,67.232,72.489,71.212,74.567,73.26,68.192,66.98,73.021,71.736,68.582,67.54,76.694,75.676,68.013,66.804,72.911,71.628,76.917,75.576,64.621,63.464,68.731,67.512,64.09,62.94,77.34,75.992,69.39,68.16,73.504,72.212,76.836,75.496,71.932,70.664
30/1/2026 9:50,284.255,279.624,76.991,75.648,279.872,154.692,83.671,82.232,72.48,71.204,271.467,267.076,275.718,271.248,80.059,78.672,150.093,147.796,284.822,273.508,307.194,302.124,132.589,130.52,181.168,178.388,279.877,275.328,137.008,134.88,184.082,181.252,76.885,75.544,169.098,166.524,186.752,191.112,290.323,285.576,200.6,197.484,70.689,73.632,151.299,148.988,86.974,85.488,205.13,201.936,79.796,78.412,289.703,284.968,181.111,178.332,148.691,146.412
30/1/2026 9:55,284.255,279.624,76.991,75.648,279.872,154.692,83.671,82.232,72.48,71.204,271.467,267.076,275.718,271.248,80.059,78.672,150.093,147.796,284.822,273.508,307.194,302.124,132.589,130.52,181.168,178.388,279.877,275.328,137.008,134.88,184.082,181.252,76.885,75.544,169.098,166.524,186.752,191.112,290.323,285.576,200.6,197.484,70.689,73.632,151.299,148.988,86.974,85.488,205.13,201.936,79.796,78.412,289.703,284.968,181.111,178.332,148.691,146.412
30/1/2026 10:00,284.255,279.624,76.991,75.648,279.872,154.692,83.671,82.232,72.48,71.204,271.467,267.076,275.718,271.248,80.059,78.672,150.093,147.796,284.822,273.508,307.194,302.124,132.589,130.52,181.168,178.388,279.877,275.328,137.008,134.88,184.082,181.252,76.885,75.544,169.098,166.524,186.752,191.112,290.323,285.576,200.6,197.484,70.689,73.632,151.299,148.988,86.974,85.488,205.13,201.936,79.796,78.412,289.703,284.968,181.111,178.332,148.691,146.412
30/1/2026 10:05,336.938,331.248,339.83,334.076,349.548,343.648,335.498,329.84,337.658,331.952,205.29,202.092,213.151,209.816,343.729,337.888,358.851,352.668,218.835,211.168,205.241,202.044,216.131,212.744,356.653,350.52,335.682,326.552,215.199,211.828,363.195,356.912,341.307,335.22,305.35,300.316,225.167,221.62,339.311,333.568,288.691,283.976,338.284,332.564,352.809,346.764,335.605,329.944,287.957,283.256,345.407,339.528,343.03,337.204,304.51,299.492,357.804,351.644
30/1/2026 10:10,336.938,331.248,339.83,334.076,349.548,343.648,335.498,329.84,337.658,331.952,205.29,202.092,213.151,209.816,343.729,337.888,358.851,352.668,218.835,211.168,205.241,202.044,216.131,212.744,356.653,350.52,335.682,326.552,215.199,211.828,363.195,356.912,341.307,335.22,305.35,300.316,225.167,221.62,339.311,333.568,288.691,283.976,338.284,332.564,352.809,346.764,335.605,329.944,287.957,283.256,345.407,339.528,343.03,337.204,304.51,299.492,357.804,351.644
30/1/2026 10:15,336.938,331.248,339.83,334.076,349.548,343.648,335.498,329.84,337.658,331.952,205.29,202.092,213.151,209.816,343.729,337.888,358.851,352.668,218.835,211.168,205.241,202.044,216.131,212.744,356.653,350.52,335.682,326.552,215.199,211.828,363.195,356.912,341.307,335.22,305.35,300.316,225.167,221.62,339.311,333.568,288.691,283.976,338.284,332.564,352.809,346.764,335.605,329.944,287.957,283.256,345.407,339.528,343.03,337.204,304.51,299.492,357.804,351.644
30/1/2026 10:20,401.858,394.664,391.694,384.744,380.696,374.008,372.894,366.388,373.615,367.092,395.747,388.7,378.935,372.288,388.329,381.46,395.108,388.076,382.515,375.784,397.083,390.004,363.525,357.236,394.997,387.968,399.26,392.128,363.656,357.364,403.437,396.204,392.575,385.392,405.441,398.16,364.774,358.456,395.591,388.548,396.521,389.456,376.216,369.632,384.855,378.068,371.497,365.024,395.779,388.732,390.473,383.552,399.415,392.28,405.789,398.5,396.452,389.388
30/1/2026 10:25,401.858,394.664,391.694,384.744,380.696,374.008,372.894,366.388,373.615,367.092,395.747,388.7,378.935,372.288,388.329,381.46,395.108,388.076,382.515,375.784,397.083,390.004,363.525,357.236,394.997,387.968,399.26,392.128,363.656,357.364,403.437,396.204,392.575,385.392,405.441,398.16,364.774,358.456,395.591,388.548,396.521,389.456,376.216,369.632,384.855,378.068,371.497,365.024,395.779,388.732,390.473,383.552,399.415,392.28,405.789,398.5,396.452,389.388
30/1/2026 10:30,401.858,394.664,391.694,384.744,380.696,374.008,372.894,366.388,373.615,367.092,395.747,388.7,378.935,372.288,388.329,381.46,395.108,388.076,382.515,375.784,397.083,390.004,363.525,357.236,394.997,387.968,399.26,392.128,363.656,357.364,403.437,396.204,392.575,385.392,405.441,398.16,364.774,358.456,395.591,388.548,396.521,389.456,376.216,369.632,384.855,378.068,371.497,365.024,395.779,388.732,390.473,383.552,399.415,392.28,405.789,398.5,396.452,389.388
30/1/2026 10:35,72.817,71.536,72.659,71.38,66.55,65.544,65.547,64.428,64.877,63.768,83.748,82.308,81.784,80.372,70.559,69.312,74.449,73.144,82.892,81.464,83.922,82.48,74.722,73.468,72.829,71.548,74.786,71.188,74.325,73.076,73.422,72.132,72.447,71.172,84.457,83.064,73.76,72.52,72.582,71.304,81.499,80.148,65.498,64.38,66.907,65.768,65.007,63.896,81.743,80.388,71.422,70.216,73.175,71.888,84.501,83.108,74.628,73.32
30/1/2026 10:40,72.817,71.536,72.659,71.38,66.55,65.544,65.547,64.428,64.877,63.768,83.748,82.308,81.784,80.372,70.559,69.312,74.449,73.144,82.892,81.464,83.922,82.48,74.722,73.468,72.829,71.548,74.786,71.188,74.325,73.076,73.422,72.132,72.447,71.172,84.457,83.064,73.76,72.52,72.582,71.304,81.499,80.148,65.498,64.38,66.907,65.768,65.007,63.896,81.743,80.388,71.422,70.216,73.175,71.888,84.501,83.108,74.628,73.32
30/1/2026 10:45,72.817,71.536,72.659,71.38,66.55,65.544,65.547,64.428,64.877,63.768,83.748,82.308,81.784,80.372,70.559,69.312,74.449,73.144,82.892,81.464,83.922,82.48,74.722,73.468,72.829,71.548,74.786,71.188,74.325,73.076,73.422,72.132,72.447,71.172,84.457,83.064,73.76,72.52,72.582,71.304,81.499,80.148,65.498,64.38,66.907,65.768,65.007,63.896,81.743,80.388,71.422,70.216,73.175,71.888,84.501,83.108,74.628,73.32
30/1/2026 10:50,104.964,103.236,105.402,103.668,96.788,95.168,96.156,94.544,96.642,95.024,108.384,106.612,107.61,105.848,104.672,102.948,105.037,103.308,109.011,107.08,109.011,107.232,102.613,100.916,105.171,103.44,104.279,102.56,102.646,100.948,106.666,104.916,105.41,103.676,111.312,109.504,102.35,100.8,103.558,101.848,111,109.196,97.109,95.484,97.372,95.744,95.479,93.876,111.239,109.432,105.349,103.616,104.47,102.748,111.47,109.66,105.345,103.612
30/1/2026 10:55,104.964,103.236,105.402,103.668,96.788,95.168,96.156,94.544,96.642,95.024,108.384,106.612,107.61,105.848,104.672,102.948,105.037,103.308,109.011,107.08,109.011,107.232,102.613,100.916,105.171,103.44,104.279,102.56,102.646,100.948,106.666,104.916,105.41,103.676,111.312,109.504,102.35,100.8,103.558,101.848,111,109.196,97.109,95.484,97.372,95.744,95.479,93.876,111.239,109.432,105.349,103.616,104.47,102.748,111.47,109.66,105.345,103.612
30/1/2026 11:00,104.964,103.236,105.402,103.668,96.788,95.168,96.156,94.544,96.642,95.024,108.384,106.612,107.61,105.848,104.672,102.948,105.037,103.308,109.011,107.08,109.011,107.232,102.613,100.916,105.171,103.44,104.279,102.56,102.646,100.948,106.666,104.916,105.41,103.676,111.312,109.504,102.35,100.8,103.558,101.848,111,109.196,97.109,95.484,97.372,95.744,95.479,93.876,111.239,109.432,105.349,103.616,104.47,102.748,111.47,109.66,105.345,103.612
30/1/2026 11:05,90.665,89.128,90.685,89.148,80.939,79.776,78.813,77.444,77.628,76.276,105.421,103.688,103.954,102.24,86.718,85.236,88.73,87.22,104.651,102.928,106.142,104.4,91.598,90.048,90.195,88.664,89.424,88.96,91.821,90.268,90.754,89.216,89.781,89.252,106.398,105.264,95.089,93.508,90.896,89.356,102.284,100.592,78.046,76.688,81.439,80.032,78.123,76.764,103.707,101.996,87.907,86.408,91.391,89.844,107.212,105.456,88.609,87.1
30/1/2026 11:10,90.665,89.128,90.685,89.148,80.939,79.776,78.813,77.444,77.628,76.276,105.421,103.688,103.954,102.24,86.718,85.236,88.73,87.22,104.651,102.928,106.142,104.4,91.598,90.048,90.195,88.664,89.424,88.96,91.821,90.268,90.754,89.216,89.781,89.252,106.398,105.264,95.089,93.508,90.896,89.356,102.284,100.592,78.046,76.688,81.439,80.032,78.123,76.764,103.707,101.996,87.907,86.408,91.391,89.844,107.212,105.456,88.609,87.1
30/1/2026 11:15,90.665,89.128,90.685,89.148,80.939,79.776,78.813,77.444,77.628,76.276,105.421,103.688,103.954,102.24,86.718,85.236,88.73,87.22,104.651,102.928,106.142,104.4,91.598,90.048,90.195,88.664,89.424,88.96,91.821,90.268,90.754,89.216,89.781,89.252,106.398,105.264,95.089,93.508,90.896,89.356,102.284,100.592,78.046,76.688,81.439,80.032,78.123,76.764,103.707,101.996,87.907,86.408,91.391,89.844,107.212,105.456,88.609,87.1
30/1/2026 11:20,143.309,141.1,124.207,122.244,170.989,173.08,126.377,124.388,127.38,125.38,130.695,128.652,128.607,126.592,121.892,119.956,129.236,127.212,130.837,128.12,131.137,129.088,111.324,109.516,128.612,126.596,143.406,141.196,110.911,109.108,130.809,128.764,124.272,122.308,127.619,124.852,111.218,109.412,145.169,142.936,126.898,124.904,125.478,126.248,174.533,171.868,125.252,123.276,126.733,124.74,123.228,121.276,140.748,138.572,127.275,125.276,130.306,128.268
30/1/2026 11:25,143.309,141.1,124.207,122.244,170.989,173.08,126.377,124.388,127.38,125.38,130.695,128.652,128.607,126.592,121.892,119.956,129.236,127.212,130.837,128.12,131.137,129.088,111.324,109.516,128.612,126.596,143.406,141.196,110.911,109.108,130.809,128.764,124.272,122.308,127.619,124.852,111.218,109.412,145.169,142.936,126.898,124.904,125.478,126.248,174.533,171.868,125.252,123.276,126.733,124.74,123.228,121.276,140.748,138.572,127.275,125.276,130.306,128.268
30/1/2026 11:30,143.309,141.1,124.207,122.244,170.989,173.08,126.377,124.388,127.38,125.38,130.695,128.652,128.607,126.592,121.892,119.956,129.236,127.212,130.837,128.12,131.137,129.088,111.324,109.516,128.612,126.596,143.406,141.196,110.911,109.108,130.809,128.764,124.272,122.308,127.619,124.852,111.218,109.412,145.169,142.936,126.898,124.904,125.478,126.248,174.533,171.868,125.252,123.276,126.733,124.74,123.228,121.276,140.748,138.572,127.275,125.276,130.306,128.268
30/1/2026 11:35,502.777,492.948,597.043,584.332,433.661,425.684,571.539,559.64,572.369,560.444,504.869,494.98,476.872,467.772,593.893,581.284,583.803,571.516,483.701,474.416,504.914,495.024,564.965,553.272,585.1,572.772,498.041,479.116,565.555,553.844,597.866,585.128,597.076,584.364,571.654,559.824,568.958,557.14,477.489,468.372,567.19,555.428,576.371,564.32,438.889,430.776,572.761,560.824,567.492,555.72,597.713,584.98,480.074,470.888,571.328,559.436,583.848,571.56
30/1/2026 11:40,502.777,492.948,597.043,584.332,433.661,425.684,571.539,559.64,572.369,560.444,504.869,494.98,476.872,467.772,593.893,581.284,583.803,571.516,483.701,474.416,504.914,495.024,564.965,553.272,585.1,572.772,498.041,479.116,565.555,553.844,597.866,585.128,597.076,584.364,571.654,559.824,568.958,557.14,477.489,468.372,567.19,555.428,576.371,564.32,438.889,430.776,572.761,560.824,567.492,555.72,597.713,584.98,480.074,470.888,571.328,559.436,583.848,571.56
30/1/2026 11:45,502.777,492.948,597.043,584.332,433.661,425.684,571.539,559.64,572.369,560.444,504.869,494.98,476.872,467.772,593.893,581.284,583.803,571.516,483.701,474.416,504.914,495.024,564.965,553.272,585.1,572.772,498.041,479.116,565.555,553.844,597.866,585.128,597.076,584.364,571.654,559.824,568.958,557.14,477.489,468.372,567.19,555.428,576.371,564.32,438.889,430.776,572.761,560.824,567.492,555.72,597.713,584.98,480.074,470.888,571.328,559.436,583.848,571.56
30/1/2026 11:50,202.858,199.704,181.611,178.824,194.3,191.384,179.6,176.848,180.21,177.448,201.803,198.668,200.802,197.684,179.913,177.156,192.108,189.14,203.277,200.048,202.568,199.42,168.564,166,191.888,188.924,201.506,198.376,168.824,166.256,195.161,192.14,181.712,178.924,195.899,193.34,169.833,167.248,200.407,197.296,194.463,191.544,181.244,178.464,196.016,193.072,178.957,176.216,194.894,191.968,181.142,178.364,202.32,199.176,196.391,193.44,192.759,189.78
30/1/2026 11:55,202.858,199.704,181.611,178.824,194.3,191.384,179.6,176.848,180.21,177.448,201.803,198.668,200.802,197.684,179.913,177.156,192.108,189.14,203.277,200.048,202.568,199.42,168.564,166,191.888,188.924,201.506,198.376,168.824,166.256,195.161,192.14,181.712,178.924,195.899,193.34,169.833,167.248,200.407,197.296,194.463,191.544,181.244,178.464,196.016,193.072,178.957,176.216,194.894,191.968,181.142,178.364,202.32,199.176,196.391,193.44,192.759,189.78
30/1/2026 12:00,202.858,199.704,181.611,178.824,194.3,191.384,179.6,176.848,180.21,177.448,201.803,198.668,200.802,197.684,179.913,177.156,192.108,189.14,203.277,200.048,202.568,199.42,168.564,166,191.888,188.924,201.506,198.376,168.824,166.256,195.161,192.14,181.712,178.924,195.899,193.34,169.833,167.248,200.407,197.296,194.463,191.544,181.244,178.464,196.016,193.072,178.957,176.216,194.894,191.968,181.142,178.364,202.32,199.176,196.391,193.44,192.759,189.78
30/1/2026 12:05,365.973,359.628,276.162,271.684,360.981,349.156,281.457,276.88,276.9,272.408,328.408,322.908,312.299,307.132,273.215,268.792,309.608,304.492,317.419,312.152,330.719,325.168,251.432,247.412,306.867,301.804,367.48,355,249.769,245.78,313.238,308.052,277.209,272.712,332.063,325.36,254.867,249.74,349.46,343.492,328.336,323.008,278.563,274.04,358.252,352.276,281.592,277.012,328.442,323.112,274.352,269.908,358.469,352.296,331.078,325.692,310.289,305.16
30/1/2026 12:10,365.973,359.628,276.162,271.684,360.981,349.156,281.457,276.88,276.9,272.408,328.408,322.908,312.299,307.132,273.215,268.792,309.608,304.492,317.419,312.152,330.719,325.168,251.432,247.412,306.867,301.804,367.48,355,249.769,245.78,313.238,308.052,277.209,272.712,332.063,325.36,254.867,249.74,349.46,343.492,328.336,323.008,278.563,274.04,358.252,352.276,281.592,277.012,328.442,323.112,274.352,269.908,358.469,352.296,331.078,325.692,310.289,305.16
30/1/2026 12:15,365.973,359.628,276.162,271.684,360.981,349.156,281.457,276.88,276.9,272.408,328.408,322.908,312.299,307.132,273.215,268.792,309.608,304.492,317.419,312.152,330.719,325.168,251.432,247.412,306.867,301.804,367.48,355,249.769,245.78,313.238,308.052,277.209,272.712,332.063,325.36,254.867,249.74,349.46,343.492,328.336,323.008,278.563,274.04,358.252,352.276,281.592,277.012,328.442,323.112,274.352,269.908,358.469,352.296,331.078,325.692,310.289,305.16
30/1/2026 12:20,678.256,663.228,636.566,622.548,618.538,604.5,585.72,573.372,578.375,566.26,663.956,649.736,666.016,651.752,635.067,621.1,664.745,650.508,673.414,659.12,663.307,649.1,645.523,631.696,672.116,657.224,674.611,659.664,645.502,631.676,686.424,671.216,637.34,621.812,685.757,671.072,640.49,626.808,663.658,648.952,683.321,668.688,584.064,571.768,626.524,612.844,584.613,572.3,671.653,657.268,636.387,622.376,669.29,654.46,685.684,671,665.445,650.7
30/1/2026 12:25,678.256,663.228,636.566,622.548,618.538,604.5,585.72,573.372,578.375,566.26,663.956,649.736,666.016,651.752,635.067,621.1,664.745,650.508,673.414,659.12,663.307,649.1,645.523,631.696,672.116,657.224,674.611,659.664,645.502,631.676,686.424,671.216,637.34,621.812,685.757,671.072,640.49,626.808,663.658,648.952,683.321,668.688,584.064,571.768,626.524,612.844,584.613,572.3,671.653,657.268,636.387,622.376,669.29,654.46,685.684,671,665.445,650.7
30/1/2026 12:30,678.256,663.228,636.566,622.548,618.538,604.5,585.72,573.372,578.375,566.26,663.956,649.736,666.016,651.752,635.067,621.1,664.745,650.508,673.414,659.12,663.307,649.1,645.523,631.696,672.116,657.224,674.611,659.664,645.502,631.676,686.424,671.216,637.34,621.812,685.757,671.072,640.49,626.808,663.658,648.952,683.321,668.688,584.064,571.768,626.524,612.844,584.613,572.3,671.653,657.268,636.387,622.376,669.29,654.46,685.684,671,665.445,650.7
30/1/2026 12:35,651.771,637.812,541.134,530.52,618.661,605.772,611.544,598.792,612.973,600.176,642.61,628.86,631.477,618.088,513.577,503.752,646.682,632.832,639.48,625.832,643.797,630.008,441.869,433.932,642.92,629.16,648.718,634.824,447.849,439.764,661.736,647.564,542.749,532.088,645.644,627.064,428.77,421.156,642.329,628.588,635.246,621.736,617.6,605.072,628.938,615.632,612.861,600.068,635.362,621.848,510.778,501.032,647.7,633.828,643.23,629.46,648.693,634.8
30/1/2026 12:40,651.771,637.812,541.134,530.52,618.661,605.772,611.544,598.792,612.973,600.176,642.61,628.86,631.477,618.088,513.577,503.752,646.682,632.832,639.48,625.832,643.797,630.008,441.869,433.932,642.92,629.16,648.718,634.824,447.849,439.764,661.736,647.564,542.749,532.088,645.644,627.064,428.77,421.156,642.329,628.588,635.246,621.736,617.6,605.072,628.938,615.632,612.861,600.068,635.362,621.848,510.778,501.032,647.7,633.828,643.23,629.46,648.693,634.8
30/1/2026 12:45,651.771,637.812,541.134,530.52,618.661,605.772,611.544,598.792,612.973,600.176,642.61,628.86,631.477,618.088,513.577,503.752,646.682,632.832,639.48,625.832,643.797,630.008,441.869,433.932,642.92,629.16,648.718,634.824,447.849,439.764,661.736,647.564,542.749,532.088,645.644,627.064,428.77,421.156,642.329,628.588,635.246,621.736,617.6,605.072,628.938,615.632,612.861,600.068,635.362,621.848,510.778,501.032,647.7,633.828,643.23,629.46,648.693,634.8
30/1/2026 12:50,409.032,401.892,461.179,452.76,397.177,390.316,531.162,520.836,541.114,530.5,449.357,441.236,477.286,468.456,460.957,452.544,487.943,478.828,486.29,477.22,450.641,442.488,561.329,550.12,476.704,467.888,407.598,400.492,565.234,553.908,484.633,475.608,514.989,451.656,495.271,485.956,542.63,531.972,403.542,396.532,518.603,508.636,550.723,535.676,401.854,394.884,526.319,516.132,524.762,514.62,469.437,460.808,408.721,401.588,506.523,496.896,485.546,476.496
30/1/2026 12:55,409.032,401.892,461.179,452.76,397.177,390.316,531.162,520.836,541.114,530.5,449.357,441.236,477.286,468.456,460.957,452.544,487.943,478.828,486.29,477.22,450.641,442.488,561.329,550.12,476.704,467.888,407.598,400.492,565.234,553.908,484.633,475.608,514.989,451.656,495.271,485.956,542.63,531.972,403.542,396.532,518.603,508.636,550.723,535.676,401.854,394.884,526.319,516.132,524.762,514.62,469.437,460.808,408.721,401.588,506.523,496.896,485.546,476.496
30/1/2026 13:00,409.032,401.892,461.179,452.76,397.177,390.316,531.162,520.836,541.114,530.5,449.357,441.236,477.286,468.456,460.957,452.544,487.943,478.828,486.29,477.22,450.641,442.488,561.329,550.12,476.704,467.888,407.598,400.492,565.234,553.908,484.633,475.608,514.989,451.656,495.271,485.956,542.63,531.972,403.542,396.532,518.603,508.636,550.723,535.676,401.854,394.884,526.319,516.132,524.762,514.62,469.437,460.808,408.721,401.588,506.523,496.896,485.546,476.496
30/1/2026 13:05,619.096,606.104,595.734,583.476,608.575,595.04,584.746,572.828,580.736,568.94,595.795,583.536,598.635,586.288,588.712,576.672,608.319,595.668,607.893,593.096,595.969,583.704,561.417,550.204,599.367,586.996,616.993,602.188,560.155,548.98,614.453,601.608,596.592,584.704,611.453,598.704,564.843,553.528,609.104,596.428,611.784,599.024,585.708,574.52,615.526,602.648,583.694,571.808,612.998,600.2,591.556,579.428,614.544,601.696,611.301,598.556,607.869,595.232
30/1/2026 13:10,619.096,606.104,595.734,583.476,608.575,595.04,584.746,572.828,580.736,568.94,595.795,583.536,598.635,586.288,588.712,576.672,608.319,595.668,607.893,593.096,595.969,583.704,561.417,550.204,599.367,586.996,616.993,602.188,560.155,548.98,614.453,601.608,596.592,584.704,611.453,598.704,564.843,553.528,609.104,596.428,611.784,599.024,585.708,574.52,615.526,602.648,583.694,571.808,612.998,600.2,591.556,579.428,614.544,601.696,611.301,598.556,607.869,595.232
30/1/2026 13:15,619.096,606.104,595.734,583.476,608.575,595.04,584.746,572.828,580.736,568.94,595.795,583.536,598.635,586.288,588.712,576.672,608.319,595.668,607.893,593.096,595.969,583.704,561.417,550.204,599.367,586.996,616.993,602.188,560.155,548.98,614.453,601.608,596.592,584.704,611.453,598.704,564.843,553.528,609.104,596.428,611.784,599.024,585.708,574.52,615.526,602.648,583.694,571.808,612.998,600.2,591.556,579.428,614.544,601.696,611.301,598.556,607.869,595.232
30/1/2026 13:20,605.762,593.192,569.816,558.352,562.055,551.584,583.083,571.216,584.783,572.864,605.46,592.9,600.901,588.484,566.459,555.096,588.786,576.744,608.293,595.644,607.707,595.076,481.273,472.34,588.724,576.684,603.676,591.172,483.222,474.236,604.391,591.864,571.862,560.336,609.664,596.972,475.102,466.328,600.328,587.928,604.229,591.708,588.79,576.748,569.663,558.204,572.311,560.772,604.506,591.976,568.669,557.24,599.349,586.98,607.298,594.68,588.864,576.82
30/1/2026 13:25,605.762,593.192,569.816,558.352,562.055,551.584,583.083,571.216,584.783,572.864,605.46,592.9,600.901,588.484,566.459,555.096,588.786,576.744,608.293,595.644,607.707,595.076,481.273,472.34,588.724,576.684,603.676,591.172,483.222,474.236,604.391,591.864,571.862,560.336,609.664,596.972,475.102,466.328,600.328,587.928,604.229,591.708,588.79,576.748,569.663,558.204,572.311,560.772,604.506,591.976,568.669,557.24,599.349,586.98,607.298,594.68,588.864,576.82
30/1/2026 13:30,605.762,593.192,569.816,558.352,562.055,551.584,583.083,571.216,584.783,572.864,605.46,592.9,600.901,588.484,566.459,555.096,588.786,576.744,608.293,595.644,607.707,595.076,481.273,472.34,588.724,576.684,603.676,591.172,483.222,474.236,604.391,591.864,571.862,560.336,609.664,596.972,475.102,466.328,600.328,587.928,604.229,591.708,588.79,576.748,569.663,558.204,572.311,560.772,604.506,591.976,568.669,557.24,599.349,586.98,607.298,594.68,588.864,576.82
30/1/2026 13:35,570.331,558.852,563.89,552.604,574.192,489.74,513.63,503.804,509.428,499.72,609.358,596.676,614.757,601.904,585.914,573.96,548.671,537.836,622.496,609.396,606.509,593.916,590.684,578.584,580.801,569.004,570.063,556.752,589.483,577.42,601.554,589.116,564.871,548.648,621.384,605.032,588.348,578.092,559.833,548.668,625.731,612.528,507.288,504.636,503.824,494.272,520.887,510.856,627.438,614.18,586.231,574.268,565.382,554.052,617.959,605.004,550.95,540.048
30/1/2026 13:40,570.331,558.852,563.89,552.604,574.192,489.74,513.63,503.804,509.428,499.72,609.358,596.676,614.757,601.904,585.914,573.96,548.671,537.836,622.496,609.396,606.509,593.916,590.684,578.584,580.801,569.004,570.063,556.752,589.483,577.42,601.554,589.116,564.871,548.648,621.384,605.032,588.348,578.092,559.833,548.668,625.731,612.528,507.288,504.636,503.824,494.272,520.887,510.856,627.438,614.18,586.231,574.268,565.382,554.052,617.959,605.004,550.95,540.048
30/1/2026 13:45,570.331,558.852,563.89,552.604,574.192,489.74,513.63,503.804,509.428,499.72,609.358,596.676,614.757,601.904,585.914,573.96,548.671,537.836,622.496,609.396,606.509,593.916,590.684,578.584,580.801,569.004,570.063,556.752,589.483,577.42,601.554,589.116,564.871,548.648,621.384,605.032,588.348,578.092,559.833,548.668,625.731,612.528,507.288,504.636,503.824,494.272,520.887,510.856,627.438,614.18,586.231,574.268,565.382,554.052,617.959,605.004,550.95,540.048
30/1/2026 13:50,599.779,587.396,559.652,548.492,549.886,539.016,513.503,503.68,546.99,536.204,644.022,630.228,624.872,611.696,540.22,529.632,579.589,567.828,629.336,625.192,647.758,633.884,529.897,519.608,582.254,570.412,596.761,584.472,525.067,514.916,595.692,583.436,562.212,550.976,523.057,512.964,525.071,514.92,592.146,580,532.801,522.428,551.692,540.768,555.916,544.868,514.824,504.964,536.804,526.316,542.004,531.364,597.822,585.5,525.071,514.92,577.959,566.248
30/1/2026 13:55,599.779,587.396,559.652,548.492,549.886,539.016,513.503,503.68,546.99,536.204,644.022,630.228,624.872,611.696,540.22,529.632,579.589,567.828,629.336,625.192,647.758,633.884,529.897,519.608,582.254,570.412,596.761,584.472,525.067,514.916,595.692,583.436,562.212,550.976,523.057,512.964,525.071,514.92,592.146,580,532.801,522.428,551.692,540.768,555.916,544.868,514.824,504.964,536.804,526.316,542.004,531.364,597.822,585.5,525.071,514.92,577.959,566.248
30/1/2026 14:00,599.779,587.396,559.652,548.492,549.886,539.016,513.503,503.68,546.99,536.204,644.022,630.228,624.872,611.696,540.22,529.632,579.589,567.828,629.336,625.192,647.758,633.884,529.897,519.608,582.254,570.412,596.761,584.472,525.067,514.916,595.692,583.436,562.212,550.976,523.057,512.964,525.071,514.92,592.146,580,532.801,522.428,551.692,540.768,555.916,544.868,514.824,504.964,536.804,526.316,542.004,531.364,597.822,585.5,525.071,514.92,577.959,566.248
30/1/2026 14:05,507.787,498.124,502.1,492.596,462.331,458.536,446.863,438.804,451.668,443.488,564.645,553.336,545.271,534.536,523.996,513.876,476.712,467.896,550.381,539.496,564.191,552.896,504.556,494.984,500.409,490.952,503.861,494.308,502.268,492.76,519.245,509.26,502.586,493.068,536.471,525.992,504.622,495.048,514.717,504.86,532.805,522.432,455.922,446.444,470.664,462.004,446.421,438.372,532.356,521.996,527.27,517.056,517.319,507.388,533.316,522.928,477.443,465.852
30/1/2026 14:10,507.787,498.124,502.1,492.596,462.331,458.536,446.863,438.804,451.668,443.488,564.645,553.336,545.271,534.536,523.996,513.876,476.712,467.896,550.381,539.496,564.191,552.896,504.556,494.984,500.409,490.952,503.861,494.308,502.268,492.76,519.245,509.26,502.586,493.068,536.471,525.992,504.622,495.048,514.717,504.86,532.805,522.432,455.922,446.444,470.664,462.004,446.421,438.372,532.356,521.996,527.27,517.056,517.319,507.388,533.316,522.928,477.443,465.852
30/1/2026 14:15,507.787,498.124,502.1,492.596,462.331,458.536,446.863,438.804,451.668,443.488,564.645,553.336,545.271,534.536,523.996,513.876,476.712,467.896,550.381,539.496,564.191,552.896,504.556,494.984,500.409,490.952,503.861,494.308,502.268,492.76,519.245,509.26,502.586,493.068,536.471,525.992,504.622,495.048,514.717,504.86,532.805,522.432,455.922,446.444,470.664,462.004,446.421,438.372,532.356,521.996,527.27,517.056,517.319,507.388,533.316,522.928,477.443,465.852
30/1/2026 14:20,562.526,551.28,585.303,573.368,526.368,515.124,561.017,549.816,560.534,549.348,568.047,556.636,570.579,559.092,579.023,567.28,581.887,570.056,578.222,566.504,569.28,557.832,534.596,524.172,579.403,567.648,560.588,549.4,533.233,522.848,594.354,582.14,587.148,575.156,586.797,574.816,536.738,526.252,555.95,544.9,584.246,572.344,565.626,554.288,532.281,521.924,562.451,551.208,584.572,572.66,582.303,570.46,561.825,550.6,586.041,574.084,581.837,570.008
30/1/2026 14:25,562.526,551.28,585.303,573.368,526.368,515.124,561.017,549.816,560.534,549.348,568.047,556.636,570.579,559.092,579.023,567.28,581.887,570.056,578.222,566.504,569.28,557.832,534.596,524.172,579.403,567.648,560.588,549.4,533.233,522.848,594.354,582.14,587.148,575.156,586.797,574.816,536.738,526.252,555.95,544.9,584.246,572.344,565.626,554.288,532.281,521.924,562.451,551.208,584.572,572.66,582.303,570.46,561.825,550.6,586.041,574.084,581.837,570.008
30/1/2026 14:30,562.526,551.28,585.303,573.368,526.368,515.124,561.017,549.816,560.534,549.348,568.047,556.636,570.579,559.092,579.023,567.28,581.887,570.056,578.222,566.504,569.28,557.832,534.596,524.172,579.403,567.648,560.588,549.4,533.233,522.848,594.354,582.14,587.148,575.156,586.797,574.816,536.738,526.252,555.95,544.9,584.246,572.344,565.626,554.288,532.281,521.924,562.451,551.208,584.572,572.66,582.303,570.46,561.825,550.6,586.041,574.084,581.837,570.008
30/1/2026 14:35,492.29,483.056,569.8,558.336,506.045,493.916,537.176,526.676,542.42,531.768,505.527,495.928,514.038,504.2,566.447,555.084,533.32,522.932,520.55,510.528,504.918,495.336,504.305,494.74,530.828,520.512,487.737,478.628,498.55,489.144,542.733,532.072,570.006,558.536,514.783,504.924,493.157,480.952,484.888,475.856,517.512,507.576,546.858,536.076,510.375,500.64,538.457,527.92,516.849,506.932,568.567,557.14,489.493,480.336,514.314,504.468,535.627,525.172
30/1/2026 14:40,492.29,483.056,569.8,558.336,506.045,493.916,537.176,526.676,542.42,531.768,505.527,495.928,514.038,504.2,566.447,555.084,533.32,522.932,520.55,510.528,504.918,495.336,504.305,494.74,530.828,520.512,487.737,478.628,498.55,489.144,542.733,532.072,570.006,558.536,514.783,504.924,493.157,480.952,484.888,475.856,517.512,507.576,546.858,536.076,510.375,500.64,538.457,527.92,516.849,506.932,568.567,557.14,489.493,480.336,514.314,504.468,535.627,525.172
30/1/2026 14:45,492.29,483.056,569.8,558.336,506.045,493.916,537.176,526.676,542.42,531.768,505.527,495.928,514.038,504.2,566.447,555.084,533.32,522.932,520.55,510.528,504.918,495.336,504.305,494.74,530.828,520.512,487.737,478.628,498.55,489.144,542.733,532.072,570.006,558.536,514.783,504.924,493.157,480.952,484.888,475.856,517.512,507.576,546.858,536.076,510.375,500.64,538.457,527.92,516.849,506.932,568.567,557.14,489.493,480.336,514.314,504.468,535.627,525.172
30/1/2026 14:50,552.644,541.692,527.431,517.212,527.414,517.196,512.305,502.516,513.297,503.48,548.683,537.848,545.613,534.868,528.357,518.112,544.864,534.14,552.339,541.396,540.591,529.992,506.482,496.856,540.842,530.236,549.969,539.096,502.059,492.556,554.66,543.648,530.091,518.38,554.993,543.972,506.684,497.052,546.446,535.676,551.024,540.12,517.805,507.86,534.382,523.964,512.721,502.92,552.491,541.544,531.261,520.932,551.346,540.432,553.773,542.788,545.222,534.488
30/1/2026 14:55,552.644,541.692,527.431,517.212,527.414,517.196,512.305,502.516,513.297,503.48,548.683,537.848,545.613,534.868,528.357,518.112,544.864,534.14,552.339,541.396,540.591,529.992,506.482,496.856,540.842,530.236,549.969,539.096,502.059,492.556,554.66,543.648,530.091,518.38,554.993,543.972,506.684,497.052,546.446,535.676,551.024,540.12,517.805,507.86,534.382,523.964,512.721,502.92,552.491,541.544,531.261,520.932,551.346,540.432,553.773,542.788,545.222,534.488
30/1/2026 15:00,552.644,541.692,527.431,517.212,527.414,517.196,512.305,502.516,513.297,503.48,548.683,537.848,545.613,534.868,528.357,518.112,544.864,534.14,552.339,541.396,540.591,529.992,506.482,496.856,540.842,530.236,549.969,539.096,502.059,492.556,554.66,543.648,530.091,518.38,554.993,543.972,506.684,497.052,546.446,535.676,551.024,540.12,517.805,507.86,534.382,523.964,512.721,502.92,552.491,541.544,531.261,520.932,551.346,540.432,553.773,542.788,545.222,534.488
30/1/2026 15:05,515.981,506.088,549.508,538.648,523.827,513.712,465.201,456.68,458.54,450.188,519.533,509.54,526.055,515.876,526.986,516.78,500.648,491.184,533.868,523.464,519.999,509.992,526.027,515.848,501.381,491.896,516.101,506.204,522.473,512.396,513.508,503.684,548.947,538.104,539.318,528.756,530.964,520.22,491.463,482.252,526.751,516.552,462.151,453.708,530.56,520.252,465.78,457.244,526.224,516.04,532.134,521.78,499.023,489.604,537.616,527.104,501.039,491.556
30/1/2026 15:10,515.981,506.088,549.508,538.648,523.827,513.712,465.201,456.68,458.54,450.188,519.533,509.54,526.055,515.876,526.986,516.78,500.648,491.184,533.868,523.464,519.999,509.992,526.027,515.848,501.381,491.896,516.101,506.204,522.473,512.396,513.508,503.684,548.947,538.104,539.318,528.756,530.964,520.22,491.463,482.252,526.751,516.552,462.151,453.708,530.56,520.252,465.78,457.244,526.224,516.04,532.134,521.78,499.023,489.604,537.616,527.104,501.039,491.556
30/1/2026 15:15,515.981,506.088,549.508,538.648,523.827,513.712,465.201,456.68,458.54,450.188,519.533,509.54,526.055,515.876,526.986,516.78,500.648,491.184,533.868,523.464,519.999,509.992,526.027,515.848,501.381,491.896,516.101,506.204,522.473,512.396,513.508,503.684,548.947,538.104,539.318,528.756,530.964,520.22,491.463,482.252,526.751,516.552,462.151,453.708,530.56,520.252,465.78,457.244,526.224,516.04,532.134,521.78,499.023,489.604,537.616,527.104,501.039,491.556
30/1/2026 15:20,388.009,381.36,558.391,547.268,450.116,441.976,529.037,518.772,516.253,506.352,535.289,524.844,552.121,541.184,586.711,574.732,511.812,502.036,559.405,548.616,537.674,527.16,451.192,443.024,465.608,457.076,394.922,388.112,451.151,442.984,489.411,480.256,565.433,554.1,458.45,450.1,417.622,403.764,427.705,420.116,378.749,372.312,517.027,512.612,455.388,447.116,531.842,521.496,389.913,383.22,587.503,575.5,434.889,427.124,472.028,463.332,447.783,510.76
30/1/2026 15:25,388.009,381.36,558.391,547.268,450.116,441.976,529.037,518.772,516.253,506.352,535.289,524.844,552.121,541.184,586.711,574.732,511.812,502.036,559.405,548.616,537.674,527.16,451.192,443.024,465.608,457.076,394.922,388.112,451.151,442.984,489.411,480.256,565.433,554.1,458.45,450.1,417.622,403.764,427.705,420.116,378.749,372.312,517.027,512.612,455.388,447.116,531.842,521.496,389.913,383.22,587.503,575.5,434.889,427.124,472.028,463.332,447.783,510.76
30/1/2026 15:30,388.009,381.36,558.391,547.268,450.116,441.976,529.037,518.772,516.253,506.352,535.289,524.844,552.121,541.184,586.711,574.732,511.812,502.036,559.405,548.616,537.674,527.16,451.192,443.024,465.608,457.076,394.922,388.112,451.151,442.984,489.411,480.256,565.433,554.1,458.45,450.1,417.622,403.764,427.705,420.116,378.749,372.312,517.027,512.612,455.388,447.116,531.842,521.496,389.913,383.22,587.503,575.5,434.889,427.124,472.028,463.332,447.783,510.76
30/1/2026 15:35,518.303,508.344,502.677,493.156,490.472,481.288,483.807,474.804,481.34,472.404,522.313,512.24,519.357,509.368,506.442,496.816,512.709,502.908,525.743,515.572,524.816,514.672,484.547,475.524,514.076,504.236,515.866,506.704,482.952,473.972,524.858,514.712,500.645,491.18,529.622,519.34,485.27,476.228,507.746,498.084,528.769,518.512,485.99,476.928,496.892,487.532,483.745,474.744,530.808,520.492,511.401,501.636,510.948,501.196,529.074,518.808,511.829,502.052
30/1/2026 15:40,518.303,508.344,502.677,493.156,490.472,481.288,483.807,474.804,481.34,472.404,522.313,512.24,519.357,509.368,506.442,496.816,512.709,502.908,525.743,515.572,524.816,514.672,484.547,475.524,514.076,504.236,515.866,506.704,482.952,473.972,524.858,514.712,500.645,491.18,529.622,519.34,485.27,476.228,507.746,498.084,528.769,518.512,485.99,476.928,496.892,487.532,483.745,474.744,530.808,520.492,511.401,501.636,510.948,501.196,529.074,518.808,511.829,502.052
30/1/2026 15:45,518.303,508.344,502.677,493.156,490.472,481.288,483.807,474.804,481.34,472.404,522.313,512.24,519.357,509.368,506.442,496.816,512.709,502.908,525.743,515.572,524.816,514.672,484.547,475.524,514.076,504.236,515.866,506.704,482.952,473.972,524.858,514.712,500.645,491.18,529.622,519.34,485.27,476.228,507.746,498.084,528.769,518.512,485.99,476.928,496.892,487.532,483.745,474.744,530.808,520.492,511.401,501.636,510.948,501.196,529.074,518.808,511.829,502.052
30/1/2026 15:50,420.483,412.832,338.882,333.328,419.885,412.484,283.436,278.964,306.543,301.644,428.706,421.092,419.286,411.9,291.724,287.1,203.051,199.988,423.951,416.452,432.667,424.956,455.406,447.132,251.441,247.544,418.092,410.5,453.071,444.856,267.899,263.576,334.357,328.9,489.309,487.744,461.705,453.272,413.777,406.292,500.32,490.864,311.031,306.048,426.242,418.688,281.277,276.844,502.665,493.144,300.678,295.888,417.776,410.192,496.025,486.688,199.524,211.684
30/1/2026 15:55,420.483,412.832,338.882,333.328,419.885,412.484,283.436,278.964,306.543,301.644,428.706,421.092,419.286,411.9,291.724,287.1,203.051,199.988,423.951,416.452,432.667,424.956,455.406,447.132,251.441,247.544,418.092,410.5,453.071,444.856,267.899,263.576,334.357,328.9,489.309,487.744,461.705,453.272,413.777,406.292,500.32,490.864,311.031,306.048,426.242,418.688,281.277,276.844,502.665,493.144,300.678,295.888,417.776,410.192,496.025,486.688,199.524,211.684
30/1/2026 16:00,420.483,412.832,338.882,333.328,419.885,412.484,283.436,278.964,306.543,301.644,428.706,421.092,419.286,411.9,291.724,287.1,203.051,199.988,423.951,416.452,432.667,424.956,455.406,447.132,251.441,247.544,418.092,410.5,453.071,444.856,267.899,263.576,334.357,328.9,489.309,487.744,461.705,453.272,413.777,406.292,500.32,490.864,311.031,306.048,426.242,418.688,281.277,276.844,502.665,493.144,300.678,295.888,417.776,410.192,496.025,486.688,199.524,211.684
30/1/2026 16:05,271.894,267.496,238.632,234.96,213.87,207.484,306.307,301.412,286.745,282.068,467.134,458.292,425.45,417.676,266.196,262.036,380.902,374.208,449.52,441.136,468.416,459.54,262.217,258.128,380.111,373.436,268.759,260.76,259.622,255.58,389.948,383.04,246.681,251.22,448.276,440.18,250.732,246.848,239.104,235.308,474.993,466.22,287.296,282.608,214.27,210.916,300.609,295.82,473.909,465.164,264.151,260.028,247.011,243.072,439.884,431.996,382.705,373.2
30/1/2026 16:10,271.894,267.496,238.632,234.96,213.87,207.484,306.307,301.412,286.745,282.068,467.134,458.292,425.45,417.676,266.196,262.036,380.902,374.208,449.52,441.136,468.416,459.54,262.217,258.128,380.111,373.436,268.759,260.76,259.622,255.58,389.948,383.04,246.681,251.22,448.276,440.18,250.732,246.848,239.104,235.308,474.993,466.22,287.296,282.608,214.27,210.916,300.609,295.82,473.909,465.164,264.151,260.028,247.011,243.072,439.884,431.996,382.705,373.2
30/1/2026 16:15,271.894,267.496,238.632,234.96,213.87,207.484,306.307,301.412,286.745,282.068,467.134,458.292,425.45,417.676,266.196,262.036,380.902,374.208,449.52,441.136,468.416,459.54,262.217,258.128,380.111,373.436,268.759,260.76,259.622,255.58,389.948,383.04,246.681,251.22,448.276,440.18,250.732,246.848,239.104,235.308,474.993,466.22,287.296,282.608,214.27,210.916,300.609,295.82,473.909,465.164,264.151,260.028,247.011,243.072,439.884,431.996,382.705,373.2
30/1/2026 16:20,422.414,414.716,399.476,392.56,408.388,401.036,373.774,367.248,374.962,368.408,420.211,412.568,419.178,411.56,405.547,398.488,412.223,404.776,423.288,415.06,421.368,413.696,383.911,377.356,411.726,404.292,419.342,411.72,383.256,376.716,421.754,414.072,402.331,399.944,422.913,415.44,384.91,378.332,417.345,409.772,420.286,412.876,380.422,371.224,413.383,405.908,374.284,367.948,422.643,415.176,406.883,399.792,421.102,413.436,422.052,414.6,411.968,404.836
30/1/2026 16:25,422.414,414.716,399.476,392.56,408.388,401.036,373.774,367.248,374.962,368.408,420.211,412.568,419.178,411.56,405.547,398.488,412.223,404.776,423.288,415.06,421.368,413.696,383.911,377.356,411.726,404.292,419.342,411.72,383.256,376.716,421.754,414.072,402.331,399.944,422.913,415.44,384.91,378.332,417.345,409.772,420.286,412.876,380.422,371.224,413.383,405.908,374.284,367.948,422.643,415.176,406.883,399.792,421.102,413.436,422.052,414.6,411.968,404.836
30/1/2026 16:30,422.414,414.716,399.476,392.56,408.388,401.036,373.774,367.248,374.962,368.408,420.211,412.568,419.178,411.56,405.547,398.488,412.223,404.776,423.288,415.06,421.368,413.696,383.911,377.356,411.726,404.292,419.342,411.72,383.256,376.716,421.754,414.072,402.331,399.944,422.913,415.44,384.91,378.332,417.345,409.772,420.286,412.876,380.422,371.224,413.383,405.908,374.284,367.948,422.643,415.176,406.883,399.792,421.102,413.436,422.052,414.6,411.968,404.836
30/1/2026 16:35,292.217,287.436,391.265,384.54,183.668,176.556,319.941,314.624,304.366,299.352,393.886,386.884,392.386,385.42,389.926,383.232,359.709,353.508,396.328,389.268,394.64,387.62,360.736,354.704,346.252,340.356,279.244,287.848,361.566,355.516,355.043,348.948,392.453,385.7,395.757,388.96,362.352,356.284,331.202,325.64,394.319,387.524,323.379,301.28,183.94,181.184,320.609,315.444,394.778,387.972,392.207,385.46,325.477,320.04,395.376,388.556,353.758,347.692
30/1/2026 16:40,292.217,287.436,391.265,384.54,183.668,176.556,319.941,314.624,304.366,299.352,393.886,386.884,392.386,385.42,389.926,383.232,359.709,353.508,396.328,389.268,394.64,387.62,360.736,354.704,346.252,340.356,279.244,287.848,361.566,355.516,355.043,348.948,392.453,385.7,395.757,388.96,362.352,356.284,331.202,325.64,394.319,387.524,323.379,301.28,183.94,181.184,320.609,315.444,394.778,387.972,392.207,385.46,325.477,320.04,395.376,388.556,353.758,347.692
30/1/2026 16:45,292.217,287.436,391.265,384.54,183.668,176.556,319.941,314.624,304.366,299.352,393.886,386.884,392.386,385.42,389.926,383.232,359.709,353.508,396.328,389.268,394.64,387.62,360.736,354.704,346.252,340.356,279.244,287.848,361.566,355.516,355.043,348.948,392.453,385.7,395.757,388.96,362.352,356.284,331.202,325.64,394.319,387.524,323.379,301.28,183.94,181.184,320.609,315.444,394.778,387.972,392.207,385.46,325.477,320.04,395.376,388.556,353.758,347.692
30/1/2026 16:50,353.819,347.752,347.333,341.412,342.72,335.38,332.907,327.308,332.241,326.656,357.102,350.96,353.414,347.356,345.861,340.156,348.835,342.88,356.991,352.664,358.436,352.264,321.414,316.232,350.054,344.072,351.613,345.596,322.301,317.1,357.933,351.772,348.172,342.416,361.619,355.568,323.526,318.3,348.307,342.364,358.261,352.284,334.67,329.032,344.843,339.16,331.986,326.58,360.589,354.56,345.898,340.192,351.335,345.324,361.251,355.208,349.158,343.196
30/1/2026 16:55,353.819,347.752,347.333,341.412,342.72,335.38,332.907,327.308,332.241,326.656,357.102,350.96,353.414,347.356,345.861,340.156,348.835,342.88,356.991,352.664,358.436,352.264,321.414,316.232,350.054,344.072,351.613,345.596,322.301,317.1,357.933,351.772,348.172,342.416,361.619,355.568,323.526,318.3,348.307,342.364,358.261,352.284,334.67,329.032,344.843,339.16,331.986,326.58,360.589,354.56,345.898,340.192,351.335,345.324,361.251,355.208,349.158,343.196
30/1/2026 17:00,353.819,347.752,347.333,341.412,342.72,335.38,332.907,327.308,332.241,326.656,357.102,350.96,353.414,347.356,345.861,340.156,348.835,342.88,356.991,352.664,358.436,352.264,321.414,316.232,350.054,344.072,351.613,345.596,322.301,317.1,357.933,351.772,348.172,342.416,361.619,355.568,323.526,318.3,348.307,342.364,358.261,352.284,334.67,329.032,344.843,339.16,331.986,326.58,360.589,354.56,345.898,340.192,351.335,345.324,361.251,355.208,349.158,343.196
30/1/2026 17:05,292.299,287.516,286.305,281.636,280.601,276.444,276.806,272.316,278.445,273.924,296.352,291.492,280.907,276.34,282.333,277.88,284.625,279.988,287.895,283.196,297.013,292.14,270.253,266.02,286.187,281.52,290.444,285.696,269.724,265.5,292.605,287.816,286.415,282.18,290.746,286.14,269.711,265.444,288.691,283.976,297.955,293.216,280.442,275.732,283.95,279.468,276.107,271.768,299.504,294.736,283.73,279.252,291.337,286.572,291.158,286.544,285.506,280.852
30/1/2026 17:10,292.299,287.516,286.305,281.636,280.601,276.444,276.806,272.316,278.445,273.924,296.352,291.492,280.907,276.34,282.333,277.88,284.625,279.988,287.895,283.196,297.013,292.14,270.253,266.02,286.187,281.52,290.444,285.696,269.724,265.5,292.605,287.816,286.415,282.18,290.746,286.14,269.711,265.444,288.691,283.976,297.955,293.216,280.442,275.732,283.95,279.468,276.107,271.768,299.504,294.736,283.73,279.252,291.337,286.572,291.158,286.544,285.506,280.852
30/1/2026 17:15,292.299,287.516,286.305,281.636,280.601,276.444,276.806,272.316,278.445,273.924,296.352,291.492,280.907,276.34,282.333,277.88,284.625,279.988,287.895,283.196,297.013,292.14,270.253,266.02,286.187,281.52,290.444,285.696,269.724,265.5,292.605,287.816,286.415,282.18,290.746,286.14,269.711,265.444,288.691,283.976,297.955,293.216,280.442,275.732,283.95,279.468,276.107,271.768,299.504,294.736,283.73,279.252,291.337,286.572,291.158,286.544,285.506,280.852
30/1/2026 17:20,143.727,141.512,188.429,185.524,149.087,146.804,186.04,183.176,177.733,175.012,123.281,121.328,119.217,117.312,203.575,200.408,150.295,147.996,120.8,118.876,124.779,122.808,181.298,178.516,145.324,143.088,142.443,140.244,177.876,175.152,148.059,145.788,186.142,183.276,163.622,161.172,188.234,184.736,144.74,142.512,181.829,179.104,180.244,177.48,150.445,148.144,183.976,181.148,187.688,184.796,205.602,202.4,145.417,143.18,170.879,168.32,150.907,148.6
30/1/2026 17:25,143.727,141.512,188.429,185.524,149.087,146.804,186.04,183.176,177.733,175.012,123.281,121.328,119.217,117.312,203.575,200.408,150.295,147.996,120.8,118.876,124.779,122.808,181.298,178.516,145.324,143.088,142.443,140.244,177.876,175.152,148.059,145.788,186.142,183.276,163.622,161.172,188.234,184.736,144.74,142.512,181.829,179.104,180.244,177.48,150.445,148.144,183.976,181.148,187.688,184.796,205.602,202.4,145.417,143.18,170.879,168.32,150.907,148.6
30/1/2026 17:30,143.727,141.512,188.429,185.524,149.087,146.804,186.04,183.176,177.733,175.012,123.281,121.328,119.217,117.312,203.575,200.408,150.295,147.996,120.8,118.876,124.779,122.808,181.298,178.516,145.324,143.088,142.443,140.244,177.876,175.152,148.059,145.788,186.142,183.276,163.622,161.172,188.234,184.736,144.74,142.512,181.829,179.104,180.244,177.48,150.445,148.144,183.976,181.148,187.688,184.796,205.602,202.4,145.417,143.18,170.879,168.32,150.907,148.6
30/1/2026 17:35,117.51,115.624,134.613,132.516,93.589,94.92,127.709,125.704,119.789,117.876,126.192,124.204,120.239,118.32,135.022,132.92,154.622,152.268,120.303,120.688,127.03,125.032,114.007,112.164,159.487,157.072,116.659,114.784,115.934,114.068,162.41,159.948,134.929,133.812,110.543,109.26,135.65,137.544,111.682,109.868,112.961,111.132,120.635,118.712,98.005,96.368,126.544,124.552,112.775,110.948,136.153,134.036,111.909,110.092,111.13,109.324,156.214,153.84
30/1/2026 17:40,117.51,115.624,134.613,132.516,93.589,94.92,127.709,125.704,119.789,117.876,126.192,124.204,120.239,118.32,135.022,132.92,154.622,152.268,120.303,120.688,127.03,125.032,114.007,112.164,159.487,157.072,116.659,114.784,115.934,114.068,162.41,159.948,134.929,133.812,110.543,109.26,135.65,137.544,111.682,109.868,112.961,111.132,120.635,118.712,98.005,96.368,126.544,124.552,112.775,110.948,136.153,134.036,111.909,110.092,111.13,109.324,156.214,153.84
30/1/2026 17:45,117.51,115.624,134.613,132.516,93.589,94.92,127.709,125.704,119.789,117.876,126.192,124.204,120.239,118.32,135.022,132.92,154.622,152.268,120.303,120.688,127.03,125.032,114.007,112.164,159.487,157.072,116.659,114.784,115.934,114.068,162.41,159.948,134.929,133.812,110.543,109.26,135.65,137.544,111.682,109.868,112.961,111.132,120.635,118.712,98.005,96.368,126.544,124.552,112.775,110.948,136.153,134.036,111.909,110.092,111.13,109.324,156.214,153.84
30/1/2026 17:50,147.91,145.64,179.602,176.848,108.574,146.728,181.624,178.836,180.212,177.448,125.185,123.208,139.971,137.804,170.909,168.304,182.752,179.944,140.291,133.632,126.816,124.82,171.585,168.968,167.732,165.18,148.837,152.564,171.109,168.5,178.112,175.384,178.967,176.224,140.084,137.916,167.223,164.68,123.622,121.664,144.862,142.632,181.283,178.5,147.589,145.324,180.42,177.652,148.387,146.112,172.106,169.48,123.266,121.312,140.761,138.584,187.702,178.336
30/1/2026 17:55,147.91,145.64,179.602,176.848,108.574,146.728,181.624,178.836,180.212,177.448,125.185,123.208,139.971,137.804,170.909,168.304,182.752,179.944,140.291,133.632,126.816,124.82,171.585,168.968,167.732,165.18,148.837,152.564,171.109,168.5,178.112,175.384,178.967,176.224,140.084,137.916,167.223,164.68,123.622,121.664,144.862,142.632,181.283,178.5,147.589,145.324,180.42,177.652,148.387,146.112,172.106,169.48,123.266,121.312,140.761,138.584,187.702,178.336
30/1/2026 18:00,147.91,145.64,179.602,176.848,108.574,146.728,181.624,178.836,180.212,177.448,125.185,123.208,139.971,137.804,170.909,168.304,182.752,179.944,140.291,133.632,126.816,124.82,171.585,168.968,167.732,165.18,148.837,152.564,171.109,168.5,178.112,175.384,178.967,176.224,140.084,137.916,167.223,164.68,123.622,121.664,144.862,142.632,181.283,178.5,147.589,145.324,180.42,177.652,148.387,146.112,172.106,169.48,123.266,121.312,140.761,138.584,187.702,178.336
30/1/2026 18:05,75.546,74.224,55.775,54.656,73.121,77.58,57.468,56.34,55.771,54.652,53.915,52.808,53.52,52.416,54.084,52.976,57.195,56.068,54.129,53.02,54.153,53.044,49.323,48.252,56.367,55.244,77.223,72.756,49,47.932,57.255,56.128,55.67,54.256,54.648,53.536,49.109,48.04,80.896,79.496,54.241,53.132,56.543,55.304,76.71,75.372,56.551,55.428,54.744,53.632,54.87,53.756,81.671,80.26,54.732,53.62,57.653,56.292
30/1/2026 18:10,75.546,74.224,55.775,54.656,73.121,77.58,57.468,56.34,55.771,54.652,53.915,52.808,53.52,52.416,54.084,52.976,57.195,56.068,54.129,53.02,54.153,53.044,49.323,48.252,56.367,55.244,77.223,72.756,49,47.932,57.255,56.128,55.67,54.256,54.648,53.536,49.109,48.04,80.896,79.496,54.241,53.132,56.543,55.304,76.71,75.372,56.551,55.428,54.744,53.632,54.87,53.756,81.671,80.26,54.732,53.62,57.653,56.292
30/1/2026 18:15,75.546,74.224,55.775,54.656,73.121,77.58,57.468,56.34,55.771,54.652,53.915,52.808,53.52,52.416,54.084,52.976,57.195,56.068,54.129,53.02,54.153,53.044,49.323,48.252,56.367,55.244,77.223,72.756,49,47.932,57.255,56.128,55.67,54.256,54.648,53.536,49.109,48.04,80.896,79.496,54.241,53.132,56.543,55.304,76.71,75.372,56.551,55.428,54.744,53.632,54.87,53.756,81.671,80.26,54.732,53.62,57.653,56.292
30/1/2026 18:20,46.875,45.828,44.546,43.524,43.684,42.456,41.501,40.516,40.994,40.016,47.954,46.896,47.671,46.616,43.218,42.212,45.383,44.352,48.201,47.14,47.861,46.804,42.518,41.52,45.743,44.708,46.617,45.572,42.21,41.216,46.18,45.14,43.894,42.88,46.839,45.592,41.396,40.412,46.006,44.968,47.707,46.652,41.517,40.532,43.854,42.864,40.828,39.852,47.784,46.728,43.902,42.888,46.423,45.38,46.73,45.684,45.638,44.604
30/1/2026 18:25,46.875,45.828,44.546,43.524,43.684,42.456,41.501,40.516,40.994,40.016,47.954,46.896,47.671,46.616,43.218,42.212,45.383,44.352,48.201,47.14,47.861,46.804,42.518,41.52,45.743,44.708,46.617,45.572,42.21,41.216,46.18,45.14,43.894,42.88,46.839,45.592,41.396,40.412,46.006,44.968,47.707,46.652,41.517,40.532,43.854,42.864,40.828,39.852,47.784,46.728,43.902,42.888,46.423,45.38,46.73,45.684,45.638,44.604
30/1/2026 18:30,46.875,45.828,44.546,43.524,43.684,42.456,41.501,40.516,40.994,40.016,47.954,46.896,47.671,46.616,43.218,42.212,45.383,44.352,48.201,47.14,47.861,46.804,42.518,41.52,45.743,44.708,46.617,45.572,42.21,41.216,46.18,45.14,43.894,42.88,46.839,45.592,41.396,40.412,46.006,44.968,47.707,46.652,41.517,40.532,43.854,42.864,40.828,39.852,47.784,46.728,43.902,42.888,46.423,45.38,46.73,45.684,45.638,44.604
30/1/2026 18:35,19.297,18.788,17.927,17.452,18.242,17.66,16.95,16.5,16.585,16.144,19.396,18.884,19.305,18.796,16.852,16.404,18.592,18.1,19.351,18.84,19.506,18.992,16.159,15.728,18.678,18.184,19.117,18.612,16.073,15.644,18.44,17.952,17.205,16.748,18.924,18.424,16.04,15.612,18.998,18.496,18.669,18.176,17.242,16.824,18.025,17.548,16.475,16.036,18.834,18.336,17.467,17.004,19.063,18.56,18.76,18.264,18.723,18.228
30/1/2026 18:40,19.297,18.788,17.927,17.452,18.242,17.66,16.95,16.5,16.585,16.144,19.396,18.884,19.305,18.796,16.852,16.404,18.592,18.1,19.351,18.84,19.506,18.992,16.159,15.728,18.678,18.184,19.117,18.612,16.073,15.644,18.44,17.952,17.205,16.748,18.924,18.424,16.04,15.612,18.998,18.496,18.669,18.176,17.242,16.824,18.025,17.548,16.475,16.036,18.834,18.336,17.467,17.004,19.063,18.56,18.76,18.264,18.723,18.228
30/1/2026 18:45,19.297,18.788,17.927,17.452,18.242,17.66,16.95,16.5,16.585,16.144,19.396,18.884,19.305,18.796,16.852,16.404,18.592,18.1,19.351,18.84,19.506,18.992,16.159,15.728,18.678,18.184,19.117,18.612,16.073,15.644,18.44,17.952,17.205,16.748,18.924,18.424,16.04,15.612,18.998,18.496,18.669,18.176,17.242,16.824,18.025,17.548,16.475,16.036,18.834,18.336,17.467,17.004,19.063,18.56,18.76,18.264,18.723,18.228
30/1/2026 18:50,13.251,12.892,13.341,12.98,12.647,12.304,12.397,12.06,12.052,11.724,12.91,12.56,12.919,12.568,12.274,11.94,13.239,12.88,12.906,12.556,13.058,12.704,11.79,11.468,13.284,12.924,13.062,12.7,11.721,11.4,12.902,12.552,12.59,12.212,13.16,12.856,11.688,11.416,12.927,12.576,12.926,12.576,12.737,12.392,12.499,12.16,12.024,11.696,13.045,12.692,12.836,12.488,12.951,12.6,13.058,12.704,13.354,12.968
30/1/2026 18:55,13.251,12.892,13.341,12.98,12.647,12.304,12.397,12.06,12.052,11.724,12.91,12.56,12.919,12.568,12.274,11.94,13.239,12.88,12.906,12.556,13.058,12.704,11.79,11.468,13.284,12.924,13.062,12.7,11.721,11.4,12.902,12.552,12.59,12.212,13.16,12.856,11.688,11.416,12.927,12.576,12.926,12.576,12.737,12.392,12.499,12.16,12.024,11.696,13.045,12.692,12.836,12.488,12.951,12.6,13.058,12.704,13.354,12.968
30/1/2026 19:00,13.251,12.892,13.341,12.98,12.647,12.304,12.397,12.06,12.052,11.724,12.91,12.56,12.919,12.568,12.274,11.94,13.239,12.88,12.906,12.556,13.058,12.704,11.79,11.468,13.284,12.924,13.062,12.7,11.721,11.4,12.902,12.552,12.59,12.212,13.16,12.856,11.688,11.416,12.927,12.576,12.926,12.576,12.737,12.392,12.499,12.16,12.024,11.696,13.045,12.692,12.836,12.488,12.951,12.6,13.058,12.704,13.354,12.968
30/1/2026 19:05,8,7.772,8.045,7.816,7.622,7.368,7.331,7.12,7.064,6.86,7.926,7.7,7.836,7.612,7.245,7.036,7.86,7.636,7.737,7.516,8.078,7.848,6.913,6.712,8.139,7.908,7.844,7.62,6.872,6.672,7.713,7.492,7.302,7.092,7.905,7.68,6.958,6.756,7.844,7.62,7.61,7.392,7.687,7.468,7.416,7.204,7.027,6.824,7.712,7.492,7.77,7.548,7.877,7.652,7.7,7.48,7.938,7.712
30/1/2026 19:10,8,7.772,8.045,7.816,7.622,7.368,7.331,7.12,7.064,6.86,7.926,7.7,7.836,7.612,7.245,7.036,7.86,7.636,7.737,7.516,8.078,7.848,6.913,6.712,8.139,7.908,7.844,7.62,6.872,6.672,7.713,7.492,7.302,7.092,7.905,7.68,6.958,6.756,7.844,7.62,7.61,7.392,7.687,7.468,7.416,7.204,7.027,6.824,7.712,7.492,7.77,7.548,7.877,7.652,7.7,7.48,7.938,7.712
30/1/2026 19:15,8,7.772,8.045,7.816,7.622,7.368,7.331,7.12,7.064,6.86,7.926,7.7,7.836,7.612,7.245,7.036,7.86,7.636,7.737,7.516,8.078,7.848,6.913,6.712,8.139,7.908,7.844,7.62,6.872,6.672,7.713,7.492,7.302,7.092,7.905,7.68,6.958,6.756,7.844,7.62,7.61,7.392,7.687,7.468,7.416,7.204,7.027,6.824,7.712,7.492,7.77,7.548,7.877,7.652,7.7,7.48,7.938,7.712
30/1/2026 19:20,1.047,0.996,1.194,1.14,0.723,0.68,0.556,0.516,0.433,0.396,0.949,0.9,0.969,0.92,0.376,0.34,0.998,0.948,0.846,0.804,1.018,0.968,0.683,0.64,1.047,0.996,0.887,0.86,0.658,0.616,0.605,0.564,0.437,0.4,0.969,0.92,0.744,0.7,0,0,0.752,0.708,0.875,0.828,0.474,0.436,0.502,0.464,0.826,0.78,0.756,0.712,0.83,0.784,0.797,0.752,1.043,0.988
30/1/2026 19:25,1.047,0.996,1.194,1.14,0.723,0.68,0.556,0.516,0.433,0.396,0.949,0.9,0.969,0.92,0.376,0.34,0.998,0.948,0.846,0.804,1.018,0.968,0.683,0.64,1.047,0.996,0.887,0.86,0.658,0.616,0.605,0.564,0.437,0.4,0.969,0.92,0.744,0.7,0,0,0.752,0.708,0.875,0.828,0.474,0.436,0.502,0.464,0.826,0.78,0.756,0.712,0.83,0.784,0.797,0.752,1.043,0.988
30/1/2026 19:30,1.047,0.996,1.194,1.14,0.723,0.68,0.556,0.516,0.433,0.396,0.949,0.9,0.969,0.92,0.376,0.34,0.998,0.948,0.846,0.804,1.018,0.968,0.683,0.64,1.047,0.996,0.887,0.86,0.658,0.616,0.605,0.564,0.437,0.4,0.969,0.92,0.744,0.7,0,0,0.752,0.708,0.875,0.828,0.474,0.436,0.502,0.464,0.826,0.78,0.756,0.712,0.83,0.784,0.797,0.752,1.043,0.988
30/1/2026 19:35,0,0,0,0,0,0,0,0,0,0,0,0,0,0,0,0,0,0,0,0,0,0,0,0,0,0,0,0,0,0,0,0,0,0,0,0,0,0,0,0,0,0,0,0,0,0,0,0,0,0,0,0,0,0,0,0,0,0
30/1/2026 19:40,0,0,0,0,0,0,0,0,0,0,0,0,0,0,0,0,0,0,0,0,0,0,0,0,0,0,0,0,0,0,0,0,0,0,0,0,0,0,0,0,0,0,0,0,0,0,0,0,0,0,0,0,0,0,0,0,0,0
30/1/2026 19:45,0,0,0,0,0,0,0,0,0,0,0,0,0,0,0,0,0,0,0,0,0,0,0,0,0,0,0,0,0,0,0,0,0,0,0,0,0,0,0,0,0,0,0,0,0,0,0,0,0,0,0,0,0,0,0,0,0,0
30/1/2026 19:50,0,0,0,0,0,0,0,0,0,0,0,0,0,0,0,0,0,0,0,0,0,0,0,0,0,0,0,0,0,0,0,0,0,0,0,0,0,0,0,0,0,0,0,0,0,0,0,0,0,0,0,0,0,0,0,0,0,0
30/1/2026 19:55,0,0,0,0,0,0,0,0,0,0,0,0,0,0,0,0,0,0,0,0,0,0,0,0,0,0,0,0,0,0,0,0,0,0,0,0,0,0,0,0,0,0,0,0,0,0,0,0,0,0,0,0,0,0,0,0,0,0
30/1/2026 20:00,0,0,0,0,0,0,0,0,0,0,0,0,0,0,0,0,0,0,0,0,0,0,0,0,0,0,0,0,0,0,0,0,0,0,0,0,0,0,0,0,0,0,0,0,0,0,0,0,0,0,0,0,0,0,0,0,0,0
30/1/2026 20:05,0,0,0,0,0,0,0,0,0,0,0,0,0,0,0,0,0,0,0,0,0,0,0,0,0,0,0,0,0,0,0,0,0,0,0,0,0,0,0,0,0,0,0,0,0,0,0,0,0,0,0,0,0,0,0,0,0,0
30/1/2026 20:10,0,0,0,0,0,0,0,0,0,0,0,0,0,0,0,0,0,0,0,0,0,0,0,0,0,0,0,0,0,0,0,0,0,0,0,0,0,0,0,0,0,0,0,0,0,0,0,0,0,0,0,0,0,0,0,0,0,0
30/1/2026 20:15,0,0,0,0,0,0,0,0,0,0,0,0,0,0,0,0,0,0,0,0,0,0,0,0,0,0,0,0,0,0,0,0,0,0,0,0,0,0,0,0,0,0,0,0,0,0,0,0,0,0,0,0,0,0,0,0,0,0
30/1/2026 20:20,0,0,0,0,0,0,0,0,0,0,0,0,0,0,0,0,0,0,0,0,0,0,0,0,0,0,0,0,0,0,0,0,0,0,0,0,0,0,0,0,0,0,0,0,0,0,0,0,0,0,0,0,0,0,0,0,0,0
30/1/2026 20:25,0,0,0,0,0,0,0,0,0,0,0,0,0,0,0,0,0,0,0,0,0,0,0,0,0,0,0,0,0,0,0,0,0,0,0,0,0,0,0,0,0,0,0,0,0,0,0,0,0,0,0,0,0,0,0,0,0,0
30/1/2026 20:30,0,0,0,0,0,0,0,0,0,0,0,0,0,0,0,0,0,0,0,0,0,0,0,0,0,0,0,0,0,0,0,0,0,0,0,0,0,0,0,0,0,0,0,0,0,0,0,0,0,0,0,0,0,0,0,0,0,0
30/1/2026 20:35,0,0,0,0,0,0,0,0,0,0,0,0,0,0,0,0,0,0,0,0,0,0,0,0,0,0,0,0,0,0,0,0,0,0,0,0,0,0,0,0,0,0,0,0,0,0,0,0,0,0,0,0,0,0,0,0,0,0
30/1/2026 20:40,0,0,0,0,--,--,0,0,0,0,0,0,0,0,0,0,0,0,0,0,0,0,0,0,0,0,0,0,0,0,0,0,0,0,0,0,0,0,0,0,0,0,0,0,--,--,0,0,0,0,0,0,0,0,0,0,0,0
30/1/2026 20:45,0,0,0,0,--,--,0,0,0,0,0,0,0,0,0,0,0,0,0,0,0,0,0,0,0,0,0,0,0,0,0,0,0,0,0,0,0,0,0,0,0,0,0,0,--,--,0,0,0,0,0,0,0,0,0,0,0,0
30/1/2026 20:50,0,0,0,0,--,--,0,0,0,0,0,0,0,0,0,0,0,0,0,0,0,0,0,0,0,0,0,0,0,0,0,0,0,0,0,0,0,0,0,0,0,0,0,0,--,--,0,0,0,0,0,0,0,0,0,0,0,0
30/1/2026 20:55,0,0,0,0,--,--,0,0,0,0,0,0,0,0,0,0,0,0,0,0,0,0,0,0,0,0,0,0,0,0,0,0,0,0,0,0,0,0,0,0,0,0,0,0,--,--,0,0,0,0,0,0,0,0,0,0,0,0
30/1/2026 21:00,0,0,0,0,--,--,0,0,0,0,0,0,0,0,0,0,0,0,0,0,0,0,0,0,0,0,0,0,0,0,0,0,0,0,0,0,0,0,0,0,0,0,0,0,--,--,0,0,0,0,0,0,0,0,0,0,0,0
30/1/2026 21:05,0,0,0,0,--,--,0,0,0,0,0,0,0,0,0,0,0,0,0,0,0,0,0,0,0,0,0,0,0,0,0,0,0,0,0,0,0,0,0,0,0,0,0,0,--,--,0,0,0,0,0,0,0,0,0,0,0,0
30/1/2026 21:10,0,0,0,0,--,--,0,0,0,0,0,0,0,0,0,0,0,0,0,0,0,0,0,0,0,0,0,0,0,0,0,0,0,0,0,0,0,0,0,0,0,0,0,0,--,--,0,0,0,0,0,0,0,0,0,0,0,0
30/1/2026 21:15,0,0,0,0,--,--,0,0,0,0,0,0,0,0,0,0,0,0,0,0,0,0,0,0,0,0,0,0,0,0,0,0,0,0,0,0,0,0,0,0,0,0,0,0,--,--,0,0,0,0,0,0,0,0,0,0,0,0
30/1/2026 21:20,0,0,0,0,--,--,0,0,0,0,0,0,0,0,0,0,0,0,0,0,0,0,0,0,0,0,0,0,0,0,0,0,0,0,0,0,0,0,0,0,0,0,0,0,--,--,0,0,0,0,0,0,0,0,0,0,0,0
30/1/2026 21:25,0,0,0,0,--,--,0,0,0,0,0,0,0,0,0,0,0,0,0,0,0,0,0,0,0,0,0,0,0,0,0,0,0,0,0,0,0,0,0,0,0,0,0,0,--,--,0,0,0,0,0,0,0,0,0,0,0,0
30/1/2026 21:30,0,0,0,0,--,--,0,0,0,0,0,0,0,0,0,0,0,0,0,0,0,0,0,0,0,0,0,0,0,0,0,0,0,0,0,0,0,0,0,0,0,0,0,0,--,--,0,0,0,0,0,0,0,0,0,0,0,0
30/1/2026 21:35,0,0,0,0,--,--,0,0,0,0,0,0,0,0,0,0,0,0,0,0,0,0,0,0,0,0,0,0,0,0,0,0,0,0,0,0,0,0,0,0,0,0,0,0,--,--,0,0,0,0,0,0,0,0,0,0,0,0
30/1/2026 21:40,0,0,0,0,--,--,0,0,0,0,0,0,0,0,0,0,0,0,0,0,0,0,0,0,0,0,0,0,0,0,0,0,0,0,0,0,0,0,0,0,0,0,0,0,--,--,0,0,0,0,0,0,0,0,0,0,0,0
30/1/2026 21:45,0,0,0,0,--,--,0,0,0,0,0,0,0,0,0,0,0,0,0,0,0,0,0,0,0,0,0,0,0,0,0,0,0,0,0,0,0,0,0,0,0,0,0,0,--,--,0,0,0,0,0,0,0,0,0,0,0,0
30/1/2026 21:50,0,0,0,0,--,--,0,0,0,0,0,0,0,0,0,0,0,0,0,0,0,0,0,0,0,0,0,0,0,0,0,0,0,0,0,0,0,0,0,0,0,0,0,0,--,--,0,0,0,0,0,0,0,0,0,0,0,0
30/1/2026 21:55,0,0,0,0,--,--,0,0,0,0,0,0,0,0,0,0,0,0,0,0,0,0,0,0,0,0,0,0,0,0,0,0,0,0,0,0,0,0,0,0,0,0,0,0,--,--,0,0,0,0,0,0,0,0,0,0,0,0
30/1/2026 22:00,0,0,0,0,--,--,0,0,0,0,0,0,0,0,0,0,0,0,0,0,0,0,0,0,0,0,0,0,0,0,0,0,0,0,0,0,0,0,0,0,0,0,0,0,--,--,0,0,0,0,0,0,0,0,0,0,0,0
30/1/2026 22:05,0,0,0,0,--,--,0,0,0,0,0,0,0,0,0,0,0,0,0,0,0,0,0,0,0,0,0,0,0,0,0,0,0,0,0,0,0,0,0,0,0,0,0,0,--,--,0,0,0,0,0,0,0,0,0,0,0,0
30/1/2026 22:10,0,0,0,0,--,--,0,0,0,0,0,0,0,0,0,0,0,0,0,0,0,0,0,0,0,0,0,0,0,0,0,0,0,0,0,0,0,0,0,0,0,0,0,0,--,--,0,0,0,0,0,0,0,0,0,0,0,0
30/1/2026 22:15,0,0,0,0,--,--,0,0,0,0,0,0,0,0,0,0,0,0,0,0,0,0,0,0,0,0,0,0,0,0,0,0,0,0,0,0,0,0,0,0,0,0,0,0,--,--,0,0,0,0,0,0,0,0,0,0,0,0
30/1/2026 22:20,0,0,0,0,--,--,0,0,0,0,0,0,0,0,0,0,0,0,0,0,0,0,0,0,0,0,0,0,0,0,0,0,0,0,0,0,0,0,0,0,0,0,0,0,--,--,0,0,0,0,0,0,0,0,0,0,0,0
30/1/2026 22:25,0,0,0,0,--,--,0,0,0,0,0,0,0,0,0,0,0,0,0,0,0,0,0,0,0,0,0,0,0,0,0,0,0,0,0,0,0,0,0,0,0,0,0,0,--,--,0,0,0,0,0,0,0,0,0,0,0,0
30/1/2026 22:30,0,0,0,0,--,--,0,0,0,0,0,0,0,0,0,0,0,0,0,0,0,0,0,0,0,0,0,0,0,0,0,0,0,0,0,0,0,0,0,0,0,0,0,0,--,--,0,0,0,0,0,0,0,0,0,0,0,0
30/1/2026 22:35,0,0,0,0,--,--,0,0,0,0,0,0,0,0,0,0,0,0,0,0,0,0,0,0,0,0,0,0,0,0,0,0,0,0,0,0,0,0,0,0,0,0,0,0,--,--,0,0,0,0,0,0,0,0,0,0,0,0
30/1/2026 22:40,0,0,0,0,--,--,0,0,0,0,0,0,0,0,0,0,0,0,0,0,0,0,0,0,0,0,0,0,0,0,0,0,0,0,0,0,0,0,0,0,0,0,0,0,--,--,0,0,0,0,0,0,0,0,0,0,0,0
30/1/2026 22:45,0,0,0,0,--,--,0,0,0,0,0,0,0,0,0,0,0,0,0,0,0,0,0,0,0,0,0,0,0,0,0,0,0,0,0,0,0,0,0,0,0,0,0,0,--,--,0,0,0,0,0,0,0,0,0,0,0,0
30/1/2026 22:50,0,0,0,0,--,--,0,0,0,0,0,0,0,0,0,0,0,0,0,0,0,0,0,0,0,0,0,0,0,0,0,0,0,0,0,0,0,0,0,0,0,0,0,0,--,--,0,0,0,0,0,0,0,0,0,0,0,0
30/1/2026 22:55,0,0,0,0,--,--,0,0,0,0,0,0,0,0,0,0,0,0,0,0,0,0,0,0,0,0,0,0,0,0,0,0,0,0,0,0,0,0,0,0,0,0,0,0,--,--,0,0,0,0,0,0,0,0,0,0,0,0
30/1/2026 23:00,0,0,0,0,--,--,0,0,0,0,0,0,0,0,0,0,0,0,0,0,0,0,0,0,0,0,0,0,0,0,0,0,0,0,0,0,0,0,0,0,0,0,0,0,--,--,0,0,0,0,0,0,0,0,0,0,0,0
30/1/2026 23:05,0,0,0,0,--,--,0,0,0,0,0,0,0,0,0,0,0,0,0,0,0,0,0,0,0,0,0,0,0,0,0,0,0,0,0,0,0,0,0,0,0,0,0,0,--,--,0,0,0,0,0,0,0,0,0,0,0,0
30/1/2026 23:10,0,0,0,0,--,--,0,0,0,0,0,0,0,0,0,0,0,0,0,0,0,0,0,0,0,0,0,0,0,0,0,0,0,0,0,0,0,0,0,0,0,0,0,0,--,--,0,0,0,0,0,0,0,0,0,0,0,0
30/1/2026 23:15,0,0,0,0,--,--,0,0,0,0,0,0,0,0,0,0,0,0,0,0,0,0,0,0,0,0,0,0,0,0,0,0,0,0,0,0,0,0,0,0,0,0,0,0,--,--,0,0,0,0,0,0,0,0,0,0,0,0
30/1/2026 23:20,0,0,0,0,--,--,0,0,0,0,0,0,0,0,0,0,0,0,0,0,0,0,0,0,0,0,0,0,0,0,0,0,0,0,0,0,0,0,0,0,0,0,0,0,--,--,0,0,0,0,0,0,0,0,0,0,0,0
30/1/2026 23:25,0,0,0,0,--,--,0,0,0,0,0,0,0,0,0,0,0,0,0,0,0,0,0,0,0,0,0,0,0,0,0,0,0,0,0,0,0,0,0,0,0,0,0,0,--,--,0,0,0,0,0,0,0,0,0,0,0,0
30/1/2026 23:30,0,0,0,0,--,--,0,0,0,0,0,0,0,0,0,0,0,0,0,0,0,0,0,0,0,0,0,0,0,0,0,0,0,0,0,0,0,0,0,0,0,0,0,0,--,--,0,0,0,0,0,0,0,0,0,0,0,0
30/1/2026 23:35,0,0,0,0,--,--,0,0,0,0,0,0,0,0,0,0,0,0,0,0,0,0,0,0,0,0,0,0,0,0,0,0,0,0,0,0,0,0,0,0,0,0,0,0,--,--,0,0,0,0,0,0,0,0,0,0,0,0
30/1/2026 23:40,0,0,0,0,--,--,0,0,0,0,0,0,0,0,0,0,0,0,0,0,0,0,0,0,0,0,0,0,0,0,0,0,0,0,0,0,0,0,0,0,0,0,0,0,--,--,0,0,0,0,0,0,0,0,0,0,0,0
30/1/2026 23:45,0,0,0,0,--,--,0,0,0,0,0,0,0,0,0,0,0,0,0,0,0,0,0,0,0,0,0,0,0,0,0,0,0,0,0,0,0,0,0,0,0,0,0,0,--,--,0,0,0,0,0,0,0,0,0,0,0,0
30/1/2026 23:50,0,0,0,0,--,--,0,0,0,0,0,0,0,0,0,0,0,0,0,0,0,0,0,0,0,0,0,0,0,0,0,0,0,0,0,0,0,0,0,0,0,0,0,0,--,--,0,0,0,0,0,0,0,0,0,0,0,0
30/1/2026 23:55,0,0,0,0,--,--,0,0,0,0,0,0,0,0,0,0,0,0,0,0,0,0,0,0,0,0,0,0,0,0,0,0,0,0,0,0,0,0,0,0,0,0,0,0,--,--,0,0,0,0,0,0,0,0,0,0,0,0
31/1/2026 0:00,--,--,--,--,--,--,--,--,--,--,--,--,--,--,--,--,--,--,--,--,--,--,--,--,--,--,--,--,--,--,--,--,--,--,--,--,--,--,--,--,--,--,--,--,--,--,--,--,--,--,--,--,--,--,--,--,--,--
31/1/2026 0:05,--,--,--,--,--,--,--,--,--,--,--,--,--,--,--,--,--,--,--,--,--,--,--,--,--,--,--,--,--,--,--,--,--,--,--,--,--,--,--,--,--,--,--,--,--,--,--,--,--,--,--,--,--,--,--,--,--,--
31/1/2026 0:10,--,--,--,--,--,--,--,--,--,--,--,--,--,--,--,--,--,--,--,--,--,--,--,--,--,--,--,--,--,--,--,--,--,--,--,--,--,--,--,--,--,--,--,--,--,--,--,--,--,--,--,--,--,--,--,--,--,--
31/1/2026 0:15,--,--,--,--,--,--,--,--,--,--,--,--,--,--,--,--,--,--,--,--,--,--,--,--,--,--,--,--,--,--,--,--,--,--,--,--,--,--,--,--,--,--,--,--,--,--,--,--,--,--,--,--,--,--,--,--,--,--
31/1/2026 0:20,0,0,0,0,--,--,0,0,0,0,0,0,0,0,0,0,0,0,0,0,0,0,0,0,0,0,0,0,0,0,0,0,0,0,0,0,0,0,0,0,0,0,0,0,--,--,0,0,0,0,0,0,0,0,0,0,0,0
31/1/2026 0:25,0,0,0,0,--,--,0,0,0,0,0,0,0,0,0,0,0,0,0,0,0,0,0,0,0,0,0,0,0,0,0,0,0,0,0,0,0,0,0,0,0,0,0,0,--,--,0,0,0,0,0,0,0,0,0,0,0,0
31/1/2026 0:30,0,0,0,0,--,--,0,0,0,0,0,0,0,0,0,0,0,0,0,0,0,0,0,0,0,0,0,0,0,0,0,0,0,0,0,0,0,0,0,0,0,0,0,0,--,--,0,0,0,0,0,0,0,0,0,0,0,0
31/1/2026 0:35,0,0,0,0,--,--,0,0,0,0,0,0,0,0,0,0,0,0,0,0,0,0,0,0,0,0,0,0,0,0,0,0,0,0,0,0,0,0,0,0,0,0,0,0,--,--,0,0,0,0,0,0,0,0,0,0,0,0
31/1/2026 0:40,0,0,0,0,--,--,0,0,0,0,0,0,0,0,0,0,0,0,0,0,0,0,0,0,0,0,0,0,0,0,0,0,0,0,0,0,0,0,0,0,0,0,0,0,--,--,0,0,0,0,0,0,0,0,0,0,0,0
31/1/2026 0:45,0,0,0,0,--,--,0,0,0,0,0,0,0,0,0,0,0,0,0,0,0,0,0,0,0,0,0,0,0,0,0,0,0,0,0,0,0,0,0,0,0,0,0,0,--,--,0,0,0,0,0,0,0,0,0,0,0,0
31/1/2026 0:50,0,0,0,0,--,--,0,0,0,0,0,0,0,0,0,0,0,0,0,0,0,0,0,0,0,0,0,0,0,0,0,0,0,0,0,0,0,0,0,0,0,0,0,0,--,--,0,0,0,0,0,0,0,0,0,0,0,0
31/1/2026 0:55,0,0,0,0,--,--,0,0,0,0,0,0,0,0,0,0,0,0,0,0,0,0,0,0,0,0,0,0,0,0,0,0,0,0,0,0,0,0,0,0,0,0,0,0,--,--,0,0,0,0,0,0,0,0,0,0,0,0
31/1/2026 1:00,0,0,0,0,--,--,0,0,0,0,0,0,0,0,0,0,0,0,0,0,0,0,0,0,0,0,0,0,0,0,0,0,0,0,0,0,0,0,0,0,0,0,0,0,--,--,0,0,0,0,0,0,0,0,0,0,0,0
31/1/2026 1:05,0,0,0,0,--,--,0,0,0,0,0,0,0,0,0,0,0,0,0,0,0,0,0,0,0,0,0,0,0,0,0,0,0,0,0,0,0,0,0,0,0,0,0,0,--,--,0,0,0,0,0,0,0,0,0,0,0,0
31/1/2026 1:10,0,0,0,0,--,--,0,0,0,0,0,0,0,0,0,0,0,0,0,0,0,0,0,0,0,0,0,0,0,0,0,0,0,0,0,0,0,0,0,0,0,0,0,0,--,--,0,0,0,0,0,0,0,0,0,0,0,0
31/1/2026 1:15,0,0,0,0,--,--,0,0,0,0,0,0,0,0,0,0,0,0,0,0,0,0,0,0,0,0,0,0,0,0,0,0,0,0,0,0,0,0,0,0,0,0,0,0,--,--,0,0,0,0,0,0,0,0,0,0,0,0
31/1/2026 1:20,0,0,0,0,--,--,0,0,0,0,0,0,0,0,0,0,0,0,0,0,0,0,0,0,0,0,0,0,0,0,0,0,0,0,0,0,0,0,0,0,0,0,0,0,--,--,0,0,0,0,0,0,0,0,0,0,0,0
31/1/2026 1:25,0,0,0,0,--,--,0,0,0,0,0,0,0,0,0,0,0,0,0,0,0,0,0,0,0,0,0,0,0,0,0,0,0,0,0,0,0,0,0,0,0,0,0,0,--,--,0,0,0,0,0,0,0,0,0,0,0,0
31/1/2026 1:30,0,0,0,0,--,--,0,0,0,0,0,0,0,0,0,0,0,0,0,0,0,0,0,0,0,0,0,0,0,0,0,0,0,0,0,0,0,0,0,0,0,0,0,0,--,--,0,0,0,0,0,0,0,0,0,0,0,0
31/1/2026 1:35,0,0,0,0,--,--,0,0,0,0,0,0,0,0,0,0,0,0,0,0,0,0,0,0,0,0,0,0,0,0,0,0,0,0,0,0,0,0,0,0,0,0,0,0,--,--,0,0,0,0,0,0,0,0,0,0,0,0
31/1/2026 1:40,0,0,0,0,--,--,0,0,0,0,0,0,0,0,0,0,0,0,0,0,0,0,0,0,0,0,0,0,0,0,0,0,0,0,0,0,0,0,0,0,0,0,0,0,--,--,0,0,0,0,0,0,0,0,0,0,0,0
31/1/2026 1:45,0,0,0,0,--,--,0,0,0,0,0,0,0,0,0,0,0,0,0,0,0,0,0,0,0,0,0,0,0,0,0,0,0,0,0,0,0,0,0,0,0,0,0,0,--,--,0,0,0,0,0,0,0,0,0,0,0,0
31/1/2026 1:50,0,0,0,0,--,--,0,0,0,0,0,0,0,0,0,0,0,0,0,0,0,0,0,0,0,0,0,0,0,0,0,0,0,0,0,0,0,0,0,0,0,0,0,0,--,--,0,0,0,0,0,0,0,0,0,0,0,0
31/1/2026 1:55,0,0,0,0,--,--,0,0,0,0,0,0,0,0,0,0,0,0,0,0,0,0,0,0,0,0,0,0,0,0,0,0,0,0,0,0,0,0,0,0,0,0,0,0,--,--,0,0,0,0,0,0,0,0,0,0,0,0
31/1/2026 2:00,0,0,0,0,--,--,0,0,0,0,0,0,0,0,0,0,0,0,0,0,0,0,0,0,0,0,0,0,0,0,0,0,0,0,0,0,0,0,0,0,0,0,0,0,--,--,0,0,0,0,0,0,0,0,0,0,0,0
31/1/2026 2:05,0,0,0,0,--,--,0,0,0,0,0,0,0,0,0,0,0,0,0,0,0,0,0,0,0,0,0,0,0,0,0,0,0,0,0,0,0,0,0,0,0,0,0,0,--,--,0,0,0,0,0,0,0,0,0,0,0,0
31/1/2026 2:10,0,0,0,0,--,--,0,0,0,0,0,0,0,0,0,0,0,0,0,0,0,0,0,0,0,0,0,0,0,0,0,0,0,0,0,0,0,0,0,0,0,0,0,0,--,--,0,0,0,0,0,0,0,0,0,0,0,0
31/1/2026 2:15,0,0,0,0,--,--,0,0,0,0,0,0,0,0,0,0,0,0,0,0,0,0,0,0,0,0,0,0,0,0,0,0,0,0,0,0,0,0,0,0,0,0,0,0,--,--,0,0,0,0,0,0,0,0,0,0,0,0
31/1/2026 2:20,0,0,0,0,--,--,0,0,0,0,0,0,0,0,0,0,0,0,0,0,0,0,0,0,0,0,0,0,0,0,0,0,0,0,0,0,0,0,0,0,0,0,0,0,--,--,0,0,0,0,0,0,0,0,0,0,0,0
31/1/2026 2:25,0,0,0,0,--,--,0,0,0,0,0,0,0,0,0,0,0,0,0,0,0,0,0,0,0,0,0,0,0,0,0,0,0,0,0,0,0,0,0,0,0,0,0,0,--,--,0,0,0,0,0,0,0,0,0,0,0,0
31/1/2026 2:30,0,0,0,0,--,--,0,0,0,0,0,0,0,0,0,0,0,0,0,0,0,0,0,0,0,0,0,0,0,0,0,0,0,0,0,0,0,0,0,0,0,0,0,0,--,--,0,0,0,0,0,0,0,0,0,0,0,0
31/1/2026 2:35,0,0,0,0,--,--,0,0,0,0,0,0,0,0,0,0,0,0,0,0,0,0,0,0,0,0,0,0,0,0,0,0,0,0,0,0,0,0,0,0,0,0,0,0,--,--,0,0,0,0,0,0,0,0,0,0,0,0
31/1/2026 2:40,0,0,0,0,--,--,0,0,0,0,0,0,0,0,0,0,0,0,0,0,0,0,0,0,0,0,0,0,0,0,0,0,0,0,0,0,0,0,0,0,0,0,0,0,--,--,0,0,0,0,0,0,0,0,0,0,0,0
31/1/2026 2:45,0,0,0,0,--,--,0,0,0,0,0,0,0,0,0,0,0,0,0,0,0,0,0,0,0,0,0,0,0,0,0,0,0,0,0,0,0,0,0,0,0,0,0,0,--,--,0,0,0,0,0,0,0,0,0,0,0,0
31/1/2026 2:50,0,0,0,0,--,--,0,0,0,0,0,0,0,0,0,0,0,0,0,0,0,0,0,0,0,0,0,0,0,0,0,0,0,0,0,0,0,0,0,0,0,0,0,0,--,--,0,0,0,0,0,0,0,0,0,0,0,0
31/1/2026 2:55,0,0,0,0,--,--,0,0,0,0,0,0,0,0,0,0,0,0,0,0,0,0,0,0,0,0,0,0,0,0,0,0,0,0,0,0,0,0,0,0,0,0,0,0,--,--,0,0,0,0,0,0,0,0,0,0,0,0
31/1/2026 3:00,0,0,0,0,--,--,0,0,0,0,0,0,0,0,0,0,0,0,0,0,0,0,0,0,0,0,0,0,0,0,0,0,0,0,0,0,0,0,0,0,0,0,0,0,--,--,0,0,0,0,0,0,0,0,0,0,0,0
31/1/2026 3:05,0,0,0,0,--,--,0,0,0,0,0,0,0,0,0,0,0,0,0,0,0,0,0,0,0,0,0,0,0,0,0,0,0,0,0,0,0,0,0,0,0,0,0,0,--,--,0,0,0,0,0,0,0,0,0,0,0,0
31/1/2026 3:10,0,0,0,0,--,--,0,0,0,0,0,0,0,0,0,0,0,0,0,0,0,0,0,0,0,0,0,0,0,0,0,0,0,0,0,0,0,0,0,0,0,0,0,0,--,--,0,0,0,0,0,0,0,0,0,0,0,0
31/1/2026 3:15,0,0,0,0,--,--,0,0,0,0,0,0,0,0,0,0,0,0,0,0,0,0,0,0,0,0,0,0,0,0,0,0,0,0,0,0,0,0,0,0,0,0,0,0,--,--,0,0,0,0,0,0,0,0,0,0,0,0
31/1/2026 3:20,0,0,0,0,--,--,0,0,0,0,0,0,0,0,0,0,0,0,0,0,0,0,0,0,0,0,0,0,0,0,0,0,0,0,0,0,0,0,0,0,0,0,0,0,--,--,0,0,0,0,0,0,0,0,0,0,0,0
31/1/2026 3:25,0,0,0,0,--,--,0,0,0,0,0,0,0,0,0,0,0,0,0,0,0,0,0,0,0,0,0,0,0,0,0,0,0,0,0,0,0,0,0,0,0,0,0,0,--,--,0,0,0,0,0,0,0,0,0,0,0,0
31/1/2026 3:30,0,0,0,0,--,--,0,0,0,0,0,0,0,0,0,0,0,0,0,0,0,0,0,0,0,0,0,0,0,0,0,0,0,0,0,0,0,0,0,0,0,0,0,0,--,--,0,0,0,0,0,0,0,0,0,0,0,0
31/1/2026 3:35,0,0,0,0,--,--,0,0,0,0,0,0,0,0,0,0,0,0,0,0,0,0,0,0,0,0,0,0,0,0,0,0,0,0,0,0,0,0,0,0,0,0,0,0,--,--,0,0,0,0,0,0,0,0,0,0,0,0
31/1/2026 3:40,0,0,0,0,--,--,0,0,0,0,0,0,0,0,0,0,0,0,0,0,0,0,0,0,0,0,0,0,0,0,0,0,0,0,0,0,0,0,0,0,0,0,0,0,--,--,0,0,0,0,0,0,0,0,0,0,0,0
31/1/2026 3:45,0,0,0,0,--,--,0,0,0,0,0,0,0,0,0,0,0,0,0,0,0,0,0,0,0,0,0,0,0,0,0,0,0,0,0,0,0,0,0,0,0,0,0,0,--,--,0,0,0,0,0,0,0,0,0,0,0,0
31/1/2026 3:50,0,0,0,0,--,--,0,0,0,0,0,0,0,0,0,0,0,0,0,0,0,0,0,0,0,0,0,0,0,0,0,0,0,0,0,0,0,0,0,0,0,0,0,0,--,--,0,0,0,0,0,0,0,0,0,0,0,0
31/1/2026 3:55,0,0,0,0,--,--,0,0,0,0,0,0,0,0,0,0,0,0,0,0,0,0,0,0,0,0,0,0,0,0,0,0,0,0,0,0,0,0,0,0,0,0,0,0,--,--,0,0,0,0,0,0,0,0,0,0,0,0
31/1/2026 4:00,0,0,0,0,--,--,0,0,0,0,0,0,0,0,0,0,0,0,0,0,0,0,0,0,0,0,0,0,0,0,0,0,0,0,0,0,0,0,0,0,0,0,0,0,--,--,0,0,0,0,0,0,0,0,0,0,0,0
31/1/2026 4:05,0,0,0,0,--,--,0,0,0,0,0,0,0,0,0,0,0,0,0,0,0,0,0,0,0,0,0,0,0,0,0,0,0,0,0,0,0,0,0,0,0,0,0,0,--,--,0,0,0,0,0,0,0,0,0,0,0,0
31/1/2026 4:10,0,0,0,0,--,--,0,0,0,0,0,0,0,0,0,0,0,0,0,0,0,0,0,0,0,0,0,0,0,0,0,0,0,0,0,0,0,0,0,0,0,0,0,0,--,--,0,0,0,0,0,0,0,0,0,0,0,0
31/1/2026 4:15,0,0,0,0,--,--,0,0,0,0,0,0,0,0,0,0,0,0,0,0,0,0,0,0,0,0,0,0,0,0,0,0,0,0,0,0,0,0,0,0,0,0,0,0,--,--,0,0,0,0,0,0,0,0,0,0,0,0
31/1/2026 4:20,0,0,0,0,--,--,0,0,0,0,0,0,0,0,0,0,0,0,0,0,0,0,0,0,0,0,0,0,0,0,0,0,0,0,0,0,0,0,0,0,0,0,0,0,--,--,0,0,0,0,0,0,0,0,0,0,0,0
31/1/2026 4:25,0,0,0,0,--,--,0,0,0,0,0,0,0,0,0,0,0,0,0,0,0,0,0,0,0,0,0,0,0,0,0,0,0,0,0,0,0,0,0,0,0,0,0,0,--,--,0,0,0,0,0,0,0,0,0,0,0,0
31/1/2026 4:30,0,0,0,0,--,--,0,0,0,0,0,0,0,0,0,0,0,0,0,0,0,0,0,0,0,0,0,0,0,0,0,0,0,0,0,0,0,0,0,0,0,0,0,0,--,--,0,0,0,0,0,0,0,0,0,0,0,0
31/1/2026 4:35,0,0,0,0,--,--,0,0,0,0,0,0,0,0,0,0,0,0,0,0,0,0,0,0,0,0,0,0,0,0,0,0,0,0,0,0,0,0,0,0,0,0,0,0,--,--,0,0,0,0,0,0,0,0,0,0,0,0
31/1/2026 4:40,0,0,0,0,--,--,0,0,0,0,0,0,0,0,0,0,0,0,0,0,0,0,0,0,0,0,0,0,0,0,0,0,0,0,0,0,0,0,0,0,0,0,0,0,--,--,0,0,0,0,0,0,0,0,0,0,0,0
31/1/2026 4:45,0,0,0,0,--,--,0,0,0,0,0,0,0,0,0,0,0,0,0,0,0,0,0,0,0,0,0,0,0,0,0,0,0,0,0,0,0,0,0,0,0,0,0,0,--,--,0,0,0,0,0,0,0,0,0,0,0,0
31/1/2026 4:50,0,0,0,0,--,--,0,0,0,0,0,0,0,0,0,0,0,0,0,0,0,0,0,0,0,0,0,0,0,0,0,0,0,0,0,0,0,0,0,0,0,0,0,0,--,--,0,0,0,0,0,0,0,0,0,0,0,0
31/1/2026 4:55,0,0,0,0,--,--,0,0,0,0,0,0,0,0,0,0,0,0,0,0,0,0,0,0,0,0,0,0,0,0,0,0,0,0,0,0,0,0,0,0,0,0,0,0,--,--,0,0,0,0,0,0,0,0,0,0,0,0
31/1/2026 5:00,0,0,0,0,--,--,0,0,0,0,0,0,0,0,0,0,0,0,0,0,0,0,0,0,0,0,0,0,0,0,0,0,0,0,0,0,0,0,0,0,0,0,0,0,--,--,0,0,0,0,0,0,0,0,0,0,0,0
31/1/2026 5:05,0,0,0,0,--,--,0,0,0,0,0,0,0,0,0,0,0,0,0,0,0,0,0,0,0,0,0,0,0,0,0,0,0,0,0,0,0,0,0,0,0,0,0,0,--,--,0,0,0,0,0,0,0,0,0,0,0,0
31/1/2026 5:10,0,0,0,0,--,--,0,0,0,0,0,0,0,0,0,0,0,0,0,0,0,0,0,0,0,0,0,0,0,0,0,0,0,0,0,0,0,0,0,0,0,0,0,0,--,--,0,0,0,0,0,0,0,0,0,0,0,0
31/1/2026 5:15,0,0,0,0,--,--,0,0,0,0,0,0,0,0,0,0,0,0,0,0,0,0,0,0,0,0,0,0,0,0,0,0,0,0,0,0,0,0,0,0,0,0,0,0,--,--,0,0,0,0,0,0,0,0,0,0,0,0
31/1/2026 5:20,0,0,0,0,--,--,0,0,0,0,0,0,0,0,0,0,0,0,0,0,0,0,0,0,0,0,0,0,0,0,0,0,0,0,0,0,0,0,0,0,0,0,0,0,--,--,0,0,0,0,0,0,0,0,0,0,0,0
31/1/2026 5:25,0,0,0,0,--,--,0,0,0,0,0,0,0,0,0,0,0,0,0,0,0,0,0,0,0,0,0,0,0,0,0,0,0,0,0,0,0,0,0,0,0,0,0,0,--,--,0,0,0,0,0,0,0,0,0,0,0,0
31/1/2026 5:30,0,0,0,0,--,--,0,0,0,0,0,0,0,0,0,0,0,0,0,0,0,0,0,0,0,0,0,0,0,0,0,0,0,0,0,0,0,0,0,0,0,0,0,0,--,--,0,0,0,0,0,0,0,0,0,0,0,0
31/1/2026 5:35,0,0,0,0,--,--,0,0,0,0,0,0,0,0,0,0,0,0,0,0,0,0,0,0,0,0,0,0,0,0,0,0,0,0,0,0,0,0,0,0,0,0,0,0,--,--,0,0,0,0,0,0,0,0,0,0,0,0
31/1/2026 5:40,0,0,0,0,--,--,0,0,0,0,0,0,0,0,0,0,0,0,0,0,0,0,0,0,0,0,0,0,0,0,0,0,0,0,0,0,0,0,0,0,0,0,0,0,--,--,0,0,0,0,0,0,0,0,0,0,0,0
31/1/2026 5:45,0,0,0,0,--,--,0,0,0,0,0,0,0,0,0,0,0,0,0,0,0,0,0,0,0,0,0,0,0,0,0,0,0,0,0,0,0,0,0,0,0,0,0,0,--,--,0,0,0,0,0,0,0,0,0,0,0,0
31/1/2026 5:50,0,0,0,0,--,--,0,0,0,0,0,0,0,0,0,0,0,0,0,0,0,0,0,0,0,0,0,0,0,0,0,0,0,0,0,0,0,0,0,0,0,0,0,0,--,--,0,0,0,0,0,0,0,0,0,0,0,0
31/1/2026 5:55,0,0,0,0,--,--,0,0,0,0,0,0,0,0,0,0,0,0,0,0,0,0,0,0,0,0,0,0,0,0,0,0,0,0,0,0,0,0,0,0,0,0,0,0,--,--,0,0,0,0,0,0,0,0,0,0,0,0
31/1/2026 6:00,0,0,0,0,--,--,0,0,0,0,0,0,0,0,0,0,0,0,0,0,0,0,0,0,0,0,0,0,0,0,0,0,0,0,0,0,0,0,0,0,0,0,0,0,--,--,0,0,0,0,0,0,0,0,0,0,0,0
31/1/2026 6:05,0,0,0,0,--,--,0,0,0,0,0,0,0,0,0,0,0,0,0,0,0,0,0,0,0,0,0,0,0,0,0,0,0,0,0,0,0,0,0,0,0,0,0,0,--,--,0,0,0,0,0,0,0,0,0,0,0,0
31/1/2026 6:10,0,0,0,0,--,--,0,0,0,0,0,0,0,0,0,0,0,0,0,0,0,0,0,0,0,0,0,0,0,0,0,0,0,0,0,0,0,0,0,0,0,0,0,0,--,--,0,0,0,0,0,0,0,0,0,0,0,0
31/1/2026 6:15,0,0,0,0,--,--,0,0,0,0,0,0,0,0,0,0,0,0,0,0,0,0,0,0,0,0,0,0,0,0,0,0,0,0,0,0,0,0,0,0,0,0,0,0,--,--,0,0,0,0,0,0,0,0,0,0,0,0
31/1/2026 6:20,0,0,0,0,--,--,0,0,0,0,0,0,0,0,0,0,0,0,0,0,0,0,0,0,0,0,0,0,0,0,0,0,0,0,0,0,0,0,0,0,0,0,0,0,--,--,0,0,0,0,0,0,0,0,0,0,0,0
31/1/2026 6:25,0,0,0,0,--,--,0,0,0,0,0,0,0,0,0,0,0,0,0,0,0,0,0,0,0,0,0,0,0,0,0,0,0,0,0,0,0,0,0,0,0,0,0,0,--,--,0,0,0,0,0,0,0,0,0,0,0,0
31/1/2026 6:30,0,0,0,0,--,--,0,0,0,0,0,0,0,0,0,0,0,0,0,0,0,0,0,0,0,0,0,0,0,0,0,0,0,0,0,0,0,0,0,0,0,0,0,0,--,--,0,0,0,0,0,0,0,0,0,0,0,0
31/1/2026 6:35,0,0,0,0,--,--,0,0,0,0,0,0,0,0,0,0,0,0,0,0,0,0,0,0,0,0,0,0,0,0,0,0,0,0,0,0,0,0,0,0,0,0,0,0,--,--,0,0,0,0,0,0,0,0,0,0,0,0
31/1/2026 6:40,0,0,0,0,--,--,0,0,0,0,0,0,0,0,0,0,0,0,0,0,0,0,0,0,0,0,0,0,0,0,0,0,0,0,0,0,0,0,0,0,0,0,0,0,--,--,0,0,0,0,0,0,0,0,0,0,0,0
31/1/2026 6:45,0,0,0,0,--,--,0,0,0,0,0,0,0,0,0,0,0,0,0,0,0,0,0,0,0,0,0,0,0,0,0,0,0,0,0,0,0,0,0,0,0,0,0,0,--,--,0,0,0,0,0,0,0,0,0,0,0,0
31/1/2026 6:50,0,0,0,0,--,--,0,0,0,0,0,0,0,0,0,0,0,0,0,0,0,0,0,0,0,0,0,0,0,0,0,0,0,0,0,0,0,0,0,0,0,0,0,0,--,--,0,0,0,0,0,0,0,0,0,0,0,0
31/1/2026 6:55,0,0,0,0,--,--,0,0,0,0,0,0,0,0,0,0,0,0,0,0,0,0,0,0,0,0,0,0,0,0,0,0,0,0,0,0,0,0,0,0,0,0,0,0,--,--,0,0,0,0,0,0,0,0,0,0,0,0
31/1/2026 7:00,0,0,0,0,--,--,0,0,0,0,0,0,0,0,0,0,0,0,0,0,0,0,0,0,0,0,0,0,0,0,0,0,0,0,0,0,0,0,0,0,0,0,0,0,--,--,0,0,0,0,0,0,0,0,0,0,0,0
31/1/2026 7:05,0,0,0,0,--,--,0,0,0,0,0,0,0,0,0,0,0,0,0,0,0,0,0,0,0,0,0,0,0,0,0,0,0,0,0,0,0,0,0,0,0,0,0,0,--,--,0,0,0,0,0,0,0,0,0,0,0,0
31/1/2026 7:10,0,0,0,0,--,--,0,0,0,0,0,0,0,0,0,0,0,0,0,0,0,0,0,0,0,0,0,0,0,0,0,0,0,0,0,0,0,0,0,0,0,0,0,0,--,--,0,0,0,0,0,0,0,0,0,0,0,0
31/1/2026 7:15,0,0,0,0,--,--,0,0,0,0,0,0,0,0,0,0,0,0,0,0,0,0,0,0,0,0,0,0,0,0,0,0,0,0,0,0,0,0,0,0,0,0,0,0,--,--,0,0,0,0,0,0,0,0,0,0,0,0
31/1/2026 7:20,0,0,0,0,0,0,0,0,0,0,0,0,0,0,0,0,0,0,0.521,0.364,0,0,0,0,0,0,0.382,0.348,0,0,0,0,0,0,0.178,0.072,0,0,0,0,0,0,0,0,0,0,0,0,0,0,0,0,0,0,0,0,0.39,0.368
31/1/2026 7:25,0,0,0,0,0,0,0,0,0,0,0,0,0,0,0,0,0,0,0.521,0.364,0,0,0,0,0,0,0.382,0.348,0,0,0,0,0,0,0.178,0.072,0,0,0,0,0,0,0,0,0,0,0,0,0,0,0,0,0,0,0,0,0.39,0.368
31/1/2026 7:30,0,0,0,0,0,0,0,0,0,0,0,0,0,0,0,0,0,0,0.521,0.364,0,0,0,0,0,0,0.382,0.348,0,0,0,0,0,0,0.178,0.072,0,0,0,0,0,0,0,0,0,0,0,0,0,0,0,0,0,0,0,0,0.39,0.368
31/1/2026 7:35,0,0,0,0,1.148,1.096,0,0,0,0,0,0,0,0,0,0,0,0,3.214,3.12,0,0,0,0,0,0,3.313,3.212,0,0,0,0,3.668,3.496,3.165,3.068,3.357,3.256,0,0,0,0,3.353,3.252,0,0,0,0,0,0,0,0,0,0,0,0,3.513,3.408
31/1/2026 7:40,0,0,0,0,1.148,1.096,0,0,0,0,0,0,0,0,0,0,0,0,3.214,3.12,0,0,0,0,0,0,3.313,3.212,0,0,0,0,3.668,3.496,3.165,3.068,3.357,3.256,0,0,0,0,3.353,3.252,0,0,0,0,0,0,0,0,0,0,0,0,3.513,3.408
31/1/2026 7:45,0,0,0,0,1.148,1.096,0,0,0,0,0,0,0,0,0,0,0,0,3.214,3.12,0,0,0,0,0,0,3.313,3.212,0,0,0,0,3.668,3.496,3.165,3.068,3.357,3.256,0,0,0,0,3.353,3.252,0,0,0,0,0,0,0,0,0,0,0,0,3.513,3.408
31/1/2026 7:50,0,0,0,0,14.682,14.412,0,0,0,0,0,0,0,0,0,0,0,0,35.271,34.472,0,0,0,0,0,0,33.283,32.512,0,0,0,0,33.672,32.896,35.303,34.504,33.424,32.836,0,0,0,0,29.799,29.1,0,0,0,0,0,0,0,0,0,0,0,0,34.204,33.42
31/1/2026 7:55,0,0,0,0,14.682,14.412,0,0,0,0,0,0,0,0,0,0,0,0,35.271,34.472,0,0,0,0,0,0,33.283,32.512,0,0,0,0,33.672,32.896,35.303,34.504,33.424,32.836,0,0,0,0,29.799,29.1,0,0,0,0,0,0,0,0,0,0,0,0,34.204,33.42
31/1/2026 8:00,0,0,0,0,14.682,14.412,0,0,0,0,0,0,0,0,0,0,0,0,35.271,34.472,0,0,0,0,0,0,33.283,32.512,0,0,0,0,33.672,32.896,35.303,34.504,33.424,32.836,0,0,0,0,29.799,29.1,0,0,0,0,0,0,0,0,0,0,0,0,34.204,33.42
31/1/2026 8:05,0,0,0,0,49.029,47.924,0,0,0,0,0,0,0,0,0,0,0,0,98.245,96.664,0,0,0,0,0,0,101.034,99.416,0,0,0,0,101.277,99.656,98.638,96.856,93.343,91.732,0,0,0,0,97.714,96.14,0,0,0,0,0,0,0,0,0,0,0,0,102.295,100.936
31/1/2026 8:10,0,0,0,0,49.029,47.924,0,0,0,0,0,0,0,0,0,0,0,0,98.245,96.664,0,0,0,0,0,0,101.034,99.416,0,0,0,0,101.277,99.656,98.638,96.856,93.343,91.732,0,0,0,0,97.714,96.14,0,0,0,0,0,0,0,0,0,0,0,0,102.295,100.936
31/1/2026 8:15,0,0,0,0,49.029,47.924,0,0,0,0,0,0,0,0,0,0,0,0,98.245,96.664,0,0,0,0,0,0,101.034,99.416,0,0,0,0,101.277,99.656,98.638,96.856,93.343,91.732,0,0,0,0,97.714,96.14,0,0,0,0,0,0,0,0,0,0,0,0,102.295,100.936
31/1/2026 8:20,0,0,0,0,55.818,54.74,0,0,0,0,0,0,0,0,0,0,0,0,122.955,121.06,0,0,0,0,0,0,119.752,117.896,0,0,0,0,117.998,116.464,122.193,120.48,113.519,111.74,0,0,0,0,110.128,108.392,0,0,0,0,0,0,0,0,0,0,0,0,119.922,118.148
31/1/2026 8:25,0,0,0,0,55.818,54.74,0,0,0,0,0,0,0,0,0,0,0,0,122.955,121.06,0,0,0,0,0,0,119.752,117.896,0,0,0,0,117.998,116.464,122.193,120.48,113.519,111.74,0,0,0,0,110.128,108.392,0,0,0,0,0,0,0,0,0,0,0,0,119.922,118.148
31/1/2026 8:30,0,0,0,0,55.818,54.74,0,0,0,0,0,0,0,0,0,0,0,0,122.955,121.06,0,0,0,0,0,0,119.752,117.896,0,0,0,0,117.998,116.464,122.193,120.48,113.519,111.74,0,0,0,0,110.128,108.392,0,0,0,0,0,0,0,0,0,0,0,0,119.922,118.148
31/1/2026 8:35,113.148,111.556,113.644,112.048,104.394,103.072,0,0,106.931,105.404,0,0,114.424,112.82,0,0,113.148,111.556,115.16,113.36,0,0,0,0,0,0,113.021,111.248,0,0,0,0,113.037,111.264,116.488,114.672,107.377,105.676,0,0,0,0,107.997,106.288,0,0,0,0,0,0,0,0,0,0,116.064,114.444,113.475,111.696
31/1/2026 8:40,113.148,111.556,113.644,112.048,104.394,103.072,0,0,106.931,105.404,0,0,114.424,112.82,0,0,113.148,111.556,115.16,113.36,0,0,0,0,0,0,113.021,111.248,0,0,0,0,113.037,111.264,116.488,114.672,107.377,105.676,0,0,0,0,107.997,106.288,0,0,0,0,0,0,0,0,0,0,116.064,114.444,113.475,111.696
31/1/2026 8:45,113.148,111.556,113.644,112.048,104.394,103.072,0,0,106.931,105.404,0,0,114.424,112.82,0,0,113.148,111.556,115.16,113.36,0,0,0,0,0,0,113.021,111.248,0,0,0,0,113.037,111.264,116.488,114.672,107.377,105.676,0,0,0,0,107.997,106.288,0,0,0,0,0,0,0,0,0,0,116.064,114.444,113.475,111.696
31/1/2026 8:50,145.239,143.004,112.633,110.808,152.149,149.504,156.328,153.952,164.407,161.912,0,0,138.271,136.368,123.359,121.404,149.149,146.864,139.906,137.784,0,0,0,0,0,0,144.777,142.548,0,0,0,0,112.33,110.596,139.845,137.644,127.702,125.684,0,0,0,0,165.213,162.704,0,0,0,0,0,0,0,0,0,0,139.637,137.712,149.177,146.892
31/1/2026 8:55,145.239,143.004,112.633,110.808,152.149,149.504,156.328,153.952,164.407,161.912,0,0,138.271,136.368,123.359,121.404,149.149,146.864,139.906,137.784,0,0,0,0,0,0,144.777,142.548,0,0,0,0,112.33,110.596,139.845,137.644,127.702,125.684,0,0,0,0,165.213,162.704,0,0,0,0,0,0,0,0,0,0,139.637,137.712,149.177,146.892
31/1/2026 9:00,145.239,143.004,112.633,110.808,152.149,149.504,156.328,153.952,164.407,161.912,0,0,138.271,136.368,123.359,121.404,149.149,146.864,139.906,137.784,0,0,0,0,0,0,144.777,142.548,0,0,0,0,112.33,110.596,139.845,137.644,127.702,125.684,0,0,0,0,165.213,162.704,0,0,0,0,0,0,0,0,0,0,139.637,137.712,149.177,146.892
31/1/2026 9:05,188.173,185.272,117.21,115.328,174.014,171.408,110.584,108.784,109.915,108.124,143.76,141.544,127.932,125.924,117.011,115.132,187.746,184.852,130.158,128.12,0,0,0,0,0,0,188.975,186.06,0,0,0,0,117.007,115.128,131.811,129.752,168.036,165.48,0,0,134.693,132.596,110.887,109.084,0,0,0,0,0,0,0,0,0,0,129.136,127.112,186.398,185.012
31/1/2026 9:10,188.173,185.272,117.21,115.328,174.014,171.408,110.584,108.784,109.915,108.124,143.76,141.544,127.932,125.924,117.011,115.132,187.746,184.852,130.158,128.12,0,0,0,0,0,0,188.975,186.06,0,0,0,0,117.007,115.128,131.811,129.752,168.036,165.48,0,0,134.693,132.596,110.887,109.084,0,0,0,0,0,0,0,0,0,0,129.136,127.112,186.398,185.012
31/1/2026 9:15,188.173,185.272,117.21,115.328,174.014,171.408,110.584,108.784,109.915,108.124,143.76,141.544,127.932,125.924,117.011,115.132,187.746,184.852,130.158,128.12,0,0,0,0,0,0,188.975,186.06,0,0,0,0,117.007,115.128,131.811,129.752,168.036,165.48,0,0,134.693,132.596,110.887,109.084,0,0,0,0,0,0,0,0,0,0,129.136,127.112,186.398,185.012
31/1/2026 9:20,134.556,132.46,131.97,129.908,97.77,96.088,128.52,126.504,127.896,125.888,131.937,129.876,132.197,130.132,131.151,129.1,99.392,97.736,133.299,131.22,0,0,119.659,117.748,100.053,98.388,134.252,131.84,0,0,101.119,99.44,131.662,129.604,133.226,131.148,120.38,118.46,0,0,132.545,130.476,128.986,126.964,97.957,96.32,0,0,0,0,0,0,133.774,131.688,133.34,131.26,99.688,97.98
31/1/2026 9:25,134.556,132.46,131.97,129.908,97.77,96.088,128.52,126.504,127.896,125.888,131.937,129.876,132.197,130.132,131.151,129.1,99.392,97.736,133.299,131.22,0,0,119.659,117.748,100.053,98.388,134.252,131.84,0,0,101.119,99.44,131.662,129.604,133.226,131.148,120.38,118.46,0,0,132.545,130.476,128.986,126.964,97.957,96.32,0,0,0,0,0,0,133.774,131.688,133.34,131.26,99.688,97.98
31/1/2026 9:30,134.556,132.46,131.97,129.908,97.77,96.088,128.52,126.504,127.896,125.888,131.937,129.876,132.197,130.132,131.151,129.1,99.392,97.736,133.299,131.22,0,0,119.659,117.748,100.053,98.388,134.252,131.84,0,0,101.119,99.44,131.662,129.604,133.226,131.148,120.38,118.46,0,0,132.545,130.476,128.986,126.964,97.957,96.32,0,0,0,0,0,0,133.774,131.688,133.34,131.26,99.688,97.98
31/1/2026 9:35,76.764,75.424,106.63,104.88,73.829,72.532,100.778,99.104,100.745,99.072,102.784,101.084,102.172,100.48,105.256,103.524,77.67,76.316,102.95,101.248,0,0,98.706,97.06,78.088,76.728,76.411,75.076,0,0,78.778,77.408,106.139,104.396,79.037,77.7,98.901,97.308,76.111,74.78,78.968,77.596,101.657,99.972,74.08,72.78,0,0,79.488,78.108,0,0,76.894,75.552,79.224,77.848,77.877,76.52
31/1/2026 9:40,76.764,75.424,106.63,104.88,73.829,72.532,100.778,99.104,100.745,99.072,102.784,101.084,102.172,100.48,105.256,103.524,77.67,76.316,102.95,101.248,0,0,98.706,97.06,78.088,76.728,76.411,75.076,0,0,78.778,77.408,106.139,104.396,79.037,77.7,98.901,97.308,76.111,74.78,78.968,77.596,101.657,99.972,74.08,72.78,0,0,79.488,78.108,0,0,76.894,75.552,79.224,77.848,77.877,76.52
31/1/2026 9:45,76.764,75.424,106.63,104.88,73.829,72.532,100.778,99.104,100.745,99.072,102.784,101.084,102.172,100.48,105.256,103.524,77.67,76.316,102.95,101.248,0,0,98.706,97.06,78.088,76.728,76.411,75.076,0,0,78.778,77.408,106.139,104.396,79.037,77.7,98.901,97.308,76.111,74.78,78.968,77.596,101.657,99.972,74.08,72.78,0,0,79.488,78.108,0,0,76.894,75.552,79.224,77.848,77.877,76.52
31/1/2026 9:50,372.1,365.612,315.765,310.528,351.655,345.636,274.858,270.404,258.938,254.78,204.239,201.06,211.29,207.988,280.37,275.812,355.359,349.256,216.872,206.94,203.477,200.312,313.953,308.752,363.85,357.552,368.411,363.744,310.445,305.312,369.832,363.396,318.119,312.836,297.058,277.096,308.748,303.648,369.455,363.028,256.102,251.996,261.608,257.4,355.003,348.908,272.136,267.732,353.984,347.912,280.129,275.576,372.674,366.172,286.762,282.084,355.339,349.236
31/1/2026 9:55,372.1,365.612,315.765,310.528,351.655,345.636,274.858,270.404,258.938,254.78,204.239,201.06,211.29,207.988,280.37,275.812,355.359,349.256,216.872,206.94,203.477,200.312,313.953,308.752,363.85,357.552,368.411,363.744,310.445,305.312,369.832,363.396,318.119,312.836,297.058,277.096,308.748,303.648,369.455,363.028,256.102,251.996,261.608,257.4,355.003,348.908,272.136,267.732,353.984,347.912,280.129,275.576,372.674,366.172,286.762,282.084,355.339,349.236
31/1/2026 10:00,372.1,365.612,315.765,310.528,351.655,345.636,274.858,270.404,258.938,254.78,204.239,201.06,211.29,207.988,280.37,275.812,355.359,349.256,216.872,206.94,203.477,200.312,313.953,308.752,363.85,357.552,368.411,363.744,310.445,305.312,369.832,363.396,318.119,312.836,297.058,277.096,308.748,303.648,369.455,363.028,256.102,251.996,261.608,257.4,355.003,348.908,272.136,267.732,353.984,347.912,280.129,275.576,372.674,366.172,286.762,282.084,355.339,349.236
31/1/2026 10:05,372.882,366.376,377.477,370.864,377.382,370.772,376.42,369.832,374.987,368.432,377.034,370.432,369.073,362.656,387.948,381.088,372.665,366.164,369.126,370.132,383.408,376.656,331.635,326.064,390.178,383.264,369.814,363.38,331.918,326.34,397.12,390.04,380.697,374.008,346.579,340.676,329.468,323.352,380.512,373.828,338.049,332.336,379.087,371.328,381.29,374.588,376.863,370.264,339.693,333.944,391.399,384.456,382.806,376.068,350.365,344.376,378.899,366.176
31/1/2026 10:10,372.882,366.376,377.477,370.864,377.382,370.772,376.42,369.832,374.987,368.432,377.034,370.432,369.073,362.656,387.948,381.088,372.665,366.164,369.126,370.132,383.408,376.656,331.635,326.064,390.178,383.264,369.814,363.38,331.918,326.34,397.12,390.04,380.697,374.008,346.579,340.676,329.468,323.352,380.512,373.828,338.049,332.336,379.087,371.328,381.29,374.588,376.863,370.264,339.693,333.944,391.399,384.456,382.806,376.068,350.365,344.376,378.899,366.176
31/1/2026 10:15,372.882,366.376,377.477,370.864,377.382,370.772,376.42,369.832,374.987,368.432,377.034,370.432,369.073,362.656,387.948,381.088,372.665,366.164,369.126,370.132,383.408,376.656,331.635,326.064,390.178,383.264,369.814,363.38,331.918,326.34,397.12,390.04,380.697,374.008,346.579,340.676,329.468,323.352,380.512,373.828,338.049,332.336,379.087,371.328,381.29,374.588,376.863,370.264,339.693,333.944,391.399,384.456,382.806,376.068,350.365,344.376,378.899,366.176
31/1/2026 10:20,351.572,345.556,504.361,494.488,330.837,327.936,406.712,399.4,400.554,393.392,287.503,282.812,305.92,300.876,504.633,494.752,433.09,425.124,307.241,302.172,291.744,287.12,465.265,456.472,441.913,433.724,350.136,344.152,465.228,456.436,451.396,442.964,505.667,495.756,442.401,434.2,468.962,459.432,341.997,336.196,458.82,450.196,400.62,393.456,336.04,330.548,410.89,403.476,457.724,449.128,506.763,496.82,344.489,338.632,438.695,430.588,434.908,426.896
31/1/2026 10:25,351.572,345.556,504.361,494.488,330.837,327.936,406.712,399.4,400.554,393.392,287.503,282.812,305.92,300.876,504.633,494.752,433.09,425.124,307.241,302.172,291.744,287.12,465.265,456.472,441.913,433.724,350.136,344.152,465.228,456.436,451.396,442.964,505.667,495.756,442.401,434.2,468.962,459.432,341.997,336.196,458.82,450.196,400.62,393.456,336.04,330.548,410.89,403.476,457.724,449.128,506.763,496.82,344.489,338.632,438.695,430.588,434.908,426.896
31/1/2026 10:30,351.572,345.556,504.361,494.488,330.837,327.936,406.712,399.4,400.554,393.392,287.503,282.812,305.92,300.876,504.633,494.752,433.09,425.124,307.241,302.172,291.744,287.12,465.265,456.472,441.913,433.724,350.136,344.152,465.228,456.436,451.396,442.964,505.667,495.756,442.401,434.2,468.962,459.432,341.997,336.196,458.82,450.196,400.62,393.456,336.04,330.548,410.89,403.476,457.724,449.128,506.763,496.82,344.489,338.632,438.695,430.588,434.908,426.896
31/1/2026 10:35,208.22,204.972,215.165,211.796,195.11,192.18,203.542,200.376,207.067,203.84,209.632,206.36,207.747,204.508,211.362,208.06,208.171,204.924,210.422,207.136,210.659,207.468,198.881,195.796,209.425,206.156,206.64,203.684,199.817,196.716,212.759,209.432,215.222,212.18,215.628,212.352,199.105,196.016,203.367,200.204,212.661,209.436,208.504,205.252,196.644,193.688,203.355,200.192,213.048,209.816,212.364,209.044,205.109,201.916,216.079,212.796,208.574,205.32
31/1/2026 10:40,208.22,204.972,215.165,211.796,195.11,192.18,203.542,200.376,207.067,203.84,209.632,206.36,207.747,204.508,211.362,208.06,208.171,204.924,210.422,207.136,210.659,207.468,198.881,195.796,209.425,206.156,206.64,203.684,199.817,196.716,212.759,209.432,215.222,212.18,215.628,212.352,199.105,196.016,203.367,200.204,212.661,209.436,208.504,205.252,196.644,193.688,203.355,200.192,213.048,209.816,212.364,209.044,205.109,201.916,216.079,212.796,208.574,205.32
31/1/2026 10:45,208.22,204.972,215.165,211.796,195.11,192.18,203.542,200.376,207.067,203.84,209.632,206.36,207.747,204.508,211.362,208.06,208.171,204.924,210.422,207.136,210.659,207.468,198.881,195.796,209.425,206.156,206.64,203.684,199.817,196.716,212.759,209.432,215.222,212.18,215.628,212.352,199.105,196.016,203.367,200.204,212.661,209.436,208.504,205.252,196.644,193.688,203.355,200.192,213.048,209.816,212.364,209.044,205.109,201.916,216.079,212.796,208.574,205.32
31/1/2026 10:50,452.004,443.556,293.248,288.448,513.226,510.18,345.241,339.368,343.809,337.968,440.616,432.46,422.849,415.14,290.202,285.46,349.792,343.816,423.796,416.064,444.839,436.576,302.331,297.356,349.906,343.928,448.707,440.344,294.928,290.096,357.085,350.944,294.619,289.792,373.166,366.856,301.89,297.696,439.549,431.42,376.031,369.656,345.556,339.676,524.382,513.924,345.638,339.756,378.147,371.724,291.262,286.5,442.857,434.644,376.023,369.648,350.389,344.4
31/1/2026 10:55,452.004,443.556,293.248,288.448,513.226,510.18,345.241,339.368,343.809,337.968,440.616,432.46,422.849,415.14,290.202,285.46,349.792,343.816,423.796,416.064,444.839,436.576,302.331,297.356,349.906,343.928,448.707,440.344,294.928,290.096,357.085,350.944,294.619,289.792,373.166,366.856,301.89,297.696,439.549,431.42,376.031,369.656,345.556,339.676,524.382,513.924,345.638,339.756,378.147,371.724,291.262,286.5,442.857,434.644,376.023,369.648,350.389,344.4
31/1/2026 11:00,452.004,443.556,293.248,288.448,513.226,510.18,345.241,339.368,343.809,337.968,440.616,432.46,422.849,415.14,290.202,285.46,349.792,343.816,423.796,416.064,444.839,436.576,302.331,297.356,349.906,343.928,448.707,440.344,294.928,290.096,357.085,350.944,294.619,289.792,373.166,366.856,301.89,297.696,439.549,431.42,376.031,369.656,345.556,339.676,524.382,513.924,345.638,339.756,378.147,371.724,291.262,286.5,442.857,434.644,376.023,369.648,350.389,344.4
31/1/2026 11:05,177.024,174.316,175.771,173.084,184.516,181.752,175.128,172.452,179.393,176.644,148.475,146.2,148.082,145.812,171.396,168.784,171.107,168.5,151.424,147.228,153.92,151.576,143.216,141.008,169.073,166.5,177.191,174.48,143.102,140.896,172.698,170.064,175.795,173.108,152.76,150.464,145.229,142.996,170.688,168.088,158.587,156.212,181.94,177.6,185.889,183.104,173.854,171.2,157.845,155.48,172.499,169.868,172.849,170.212,153.624,151.316,173.557,169.4
31/1/2026 11:10,177.024,174.316,175.771,173.084,184.516,181.752,175.128,172.452,179.393,176.644,148.475,146.2,148.082,145.812,171.396,168.784,171.107,168.5,151.424,147.228,153.92,151.576,143.216,141.008,169.073,166.5,177.191,174.48,143.102,140.896,172.698,170.064,175.795,173.108,152.76,150.464,145.229,142.996,170.688,168.088,158.587,156.212,181.94,177.6,185.889,183.104,173.854,171.2,157.845,155.48,172.499,169.868,172.849,170.212,153.624,151.316,173.557,169.4
31/1/2026 11:15,177.024,174.316,175.771,173.084,184.516,181.752,175.128,172.452,179.393,176.644,148.475,146.2,148.082,145.812,171.396,168.784,171.107,168.5,151.424,147.228,153.92,151.576,143.216,141.008,169.073,166.5,177.191,174.48,143.102,140.896,172.698,170.064,175.795,173.108,152.76,150.464,145.229,142.996,170.688,168.088,158.587,156.212,181.94,177.6,185.889,183.104,173.854,171.2,157.845,155.48,172.499,169.868,172.849,170.212,153.624,151.316,173.557,169.4
31/1/2026 11:20,188.026,185.128,183.024,180.212,166.683,164.188,159.923,157.504,163.825,161.34,200.375,197.264,198.56,195.48,182.649,179.844,184.501,181.664,200.709,197.592,201.625,198.492,181.497,178.712,181.53,178.744,186.198,183.332,182.385,179.584,184.684,181.844,183.089,180.276,200.826,198.2,183.899,181.072,181.448,178.664,201.814,198.772,165.651,163.136,168.377,165.856,159.542,157.128,202.538,199.484,183.479,180.66,188.856,185.944,201.648,198.608,185.893,183.032
31/1/2026 11:25,188.026,185.128,183.024,180.212,166.683,164.188,159.923,157.504,163.825,161.34,200.375,197.264,198.56,195.48,182.649,179.844,184.501,181.664,200.709,197.592,201.625,198.492,181.497,178.712,181.53,178.744,186.198,183.332,182.385,179.584,184.684,181.844,183.089,180.276,200.826,198.2,183.899,181.072,181.448,178.664,201.814,198.772,165.651,163.136,168.377,165.856,159.542,157.128,202.538,199.484,183.479,180.66,188.856,185.944,201.648,198.608,185.893,183.032
31/1/2026 11:30,188.026,185.128,183.024,180.212,166.683,164.188,159.923,157.504,163.825,161.34,200.375,197.264,198.56,195.48,182.649,179.844,184.501,181.664,200.709,197.592,201.625,198.492,181.497,178.712,181.53,178.744,186.198,183.332,182.385,179.584,184.684,181.844,183.089,180.276,200.826,198.2,183.899,181.072,181.448,178.664,201.814,198.772,165.651,163.136,168.377,165.856,159.542,157.128,202.538,199.484,183.479,180.66,188.856,185.944,201.648,198.608,185.893,183.032
31/1/2026 11:35,246.954,243.016,241.104,237.272,242.899,239.152,257.78,253.644,268.56,264.224,239.307,235.508,236.766,233.012,227.74,224.148,230.184,226.548,239.776,235.968,240.102,236.288,202.74,199.588,228.795,225.184,245.928,242.008,203.86,200.688,233.381,229.688,238.986,231.56,233.487,230.212,205.024,201.832,247.06,243.12,233.194,229.616,270.406,266.036,244.93,241.148,257.772,253.636,233.702,230.116,229.214,225.596,249.545,245.56,234.114,230.52,230.721,227.076
31/1/2026 11:40,246.954,243.016,241.104,237.272,242.899,239.152,257.78,253.644,268.56,264.224,239.307,235.508,236.766,233.012,227.74,224.148,230.184,226.548,239.776,235.968,240.102,236.288,202.74,199.588,228.795,225.184,245.928,242.008,203.86,200.688,233.381,229.688,238.986,231.56,233.487,230.212,205.024,201.832,247.06,243.12,233.194,229.616,270.406,266.036,244.93,241.148,257.772,253.636,233.702,230.116,229.214,225.596,249.545,245.56,234.114,230.52,230.721,227.076
31/1/2026 11:45,246.954,243.016,241.104,237.272,242.899,239.152,257.78,253.644,268.56,264.224,239.307,235.508,236.766,233.012,227.74,224.148,230.184,226.548,239.776,235.968,240.102,236.288,202.74,199.588,228.795,225.184,245.928,242.008,203.86,200.688,233.381,229.688,238.986,231.56,233.487,230.212,205.024,201.832,247.06,243.12,233.194,229.616,270.406,266.036,244.93,241.148,257.772,253.636,233.702,230.116,229.214,225.596,249.545,245.56,234.114,230.52,230.721,227.076
31/1/2026 11:50,224.588,221.052,197.241,194.184,211.477,208.296,190.253,187.316,188.787,185.876,226.465,222.896,224.852,221.312,192.626,189.648,211.379,208.076,227.687,224.096,227.744,224.152,185.303,182.452,208.537,205.284,223.228,219.716,185.979,183.116,212.584,209.26,197.083,194.64,218.908,215.576,190.314,187.376,219.742,216.292,219.538,216.196,190.583,187.64,213.154,209.92,189.044,186.128,220.238,216.884,193.359,190.368,221.729,218.244,219.388,216.048,211.815,208.504
31/1/2026 11:55,224.588,221.052,197.241,194.184,211.477,208.296,190.253,187.316,188.787,185.876,226.465,222.896,224.852,221.312,192.626,189.648,211.379,208.076,227.687,224.096,227.744,224.152,185.303,182.452,208.537,205.284,223.228,219.716,185.979,183.116,212.584,209.26,197.083,194.64,218.908,215.576,190.314,187.376,219.742,216.292,219.538,216.196,190.583,187.64,213.154,209.92,189.044,186.128,220.238,216.884,193.359,190.368,221.729,218.244,219.388,216.048,211.815,208.504
31/1/2026 12:00,224.588,221.052,197.241,194.184,211.477,208.296,190.253,187.316,188.787,185.876,226.465,222.896,224.852,221.312,192.626,189.648,211.379,208.076,227.687,224.096,227.744,224.152,185.303,182.452,208.537,205.284,223.228,219.716,185.979,183.116,212.584,209.26,197.083,194.64,218.908,215.576,190.314,187.376,219.742,216.292,219.538,216.196,190.583,187.64,213.154,209.92,189.044,186.128,220.238,216.884,193.359,190.368,221.729,218.244,219.388,216.048,211.815,208.504
31/1/2026 12:05,180.679,177.908,164.191,161.7,169.518,166.868,158.072,155.676,157.509,155.12,184.541,181.704,184.366,181.532,162.97,160.5,172.776,170.14,186.943,184.008,185.249,182.4,158.821,156.416,173.236,170.592,179.385,176.836,158.473,156.072,176.467,173.768,163.894,161.408,180.065,177.368,158.271,155.872,178.901,176.16,180.252,177.552,158.433,156.388,170.7,168.144,157.347,154.96,180.727,178.02,163.975,161.488,180.626,177.856,180.536,177.832,173.488,170.84
31/1/2026 12:10,180.679,177.908,164.191,161.7,169.518,166.868,158.072,155.676,157.509,155.12,184.541,181.704,184.366,181.532,162.97,160.5,172.776,170.14,186.943,184.008,185.249,182.4,158.821,156.416,173.236,170.592,179.385,176.836,158.473,156.072,176.467,173.768,163.894,161.408,180.065,177.368,158.271,155.872,178.901,176.16,180.252,177.552,158.433,156.388,170.7,168.144,157.347,154.96,180.727,178.02,163.975,161.488,180.626,177.856,180.536,177.832,173.488,170.84
31/1/2026 12:15,180.679,177.908,164.191,161.7,169.518,166.868,158.072,155.676,157.509,155.12,184.541,181.704,184.366,181.532,162.97,160.5,172.776,170.14,186.943,184.008,185.249,182.4,158.821,156.416,173.236,170.592,179.385,176.836,158.473,156.072,176.467,173.768,163.894,161.408,180.065,177.368,158.271,155.872,178.901,176.16,180.252,177.552,158.433,156.388,170.7,168.144,157.347,154.96,180.727,178.02,163.975,161.488,180.626,177.856,180.536,177.832,173.488,170.84
31/1/2026 12:20,414.474,406.972,397.845,390.748,442.065,528.78,431.617,423.688,469.727,460.816,368.446,362.044,390.902,383.972,384.232,377.46,381.102,374.404,389.259,382.368,371.804,365.324,383.831,377.068,376.027,369.448,417.792,410.208,392.89,385.912,385.052,378.26,397.821,390.724,367.873,361.484,452.021,368.104,428.318,420.472,362.749,356.672,479.432,453.988,544.9,533.824,425.971,418.184,375.4,368.836,386.318,379.496,433.164,425.196,368.663,362.256,381.201,374.5
31/1/2026 12:25,414.474,406.972,397.845,390.748,442.065,528.78,431.617,423.688,469.727,460.816,368.446,362.044,390.902,383.972,384.232,377.46,381.102,374.404,389.259,382.368,371.804,365.324,383.831,377.068,376.027,369.448,417.792,410.208,392.89,385.912,385.052,378.26,397.821,390.724,367.873,361.484,452.021,368.104,428.318,420.472,362.749,356.672,479.432,453.988,544.9,533.824,425.971,418.184,375.4,368.836,386.318,379.496,433.164,425.196,368.663,362.256,381.201,374.5
31/1/2026 12:30,414.474,406.972,397.845,390.748,442.065,528.78,431.617,423.688,469.727,460.816,368.446,362.044,390.902,383.972,384.232,377.46,381.102,374.404,389.259,382.368,371.804,365.324,383.831,377.068,376.027,369.448,417.792,410.208,392.89,385.912,385.052,378.26,397.821,390.724,367.873,361.484,452.021,368.104,428.318,420.472,362.749,356.672,479.432,453.988,544.9,533.824,425.971,418.184,375.4,368.836,386.318,379.496,433.164,425.196,368.663,362.256,381.201,374.5
31/1/2026 12:35,658.038,643.944,620.577,607.096,628.712,613.984,451.531,443.092,517.058,506.812,395.064,388.252,378.417,371.988,626.671,612.988,654.957,640.444,384.434,377.868,388.168,381.516,614.18,600.912,648.31,633.944,661.019,646.372,614.35,601.076,663.518,648.816,631.709,617.856,549.536,538.676,622.156,608.624,626.803,613.116,525.862,515.688,551.656,540.372,635.723,621.736,458.877,450.248,526.282,516.096,632.217,618.348,642.189,628.452,549.619,538.756,654.695,640.188
31/1/2026 12:40,658.038,643.944,620.577,607.096,628.712,613.984,451.531,443.092,517.058,506.812,395.064,388.252,378.417,371.988,626.671,612.988,654.957,640.444,384.434,377.868,388.168,381.516,614.18,600.912,648.31,633.944,661.019,646.372,614.35,601.076,663.518,648.816,631.709,617.856,549.536,538.676,622.156,608.624,626.803,613.116,525.862,515.688,551.656,540.372,635.723,621.736,458.877,450.248,526.282,516.096,632.217,618.348,642.189,628.452,549.619,538.756,654.695,640.188
31/1/2026 12:45,658.038,643.944,620.577,607.096,628.712,613.984,451.531,443.092,517.058,506.812,395.064,388.252,378.417,371.988,626.671,612.988,654.957,640.444,384.434,377.868,388.168,381.516,614.18,600.912,648.31,633.944,661.019,646.372,614.35,601.076,663.518,648.816,631.709,617.856,549.536,538.676,622.156,608.624,626.803,613.116,525.862,515.688,551.656,540.372,635.723,621.736,458.877,450.248,526.282,516.096,632.217,618.348,642.189,628.452,549.619,538.756,654.695,640.188
31/1/2026 12:50,246.644,242.832,255.248,251.284,247.751,243.984,274.074,269.772,277.28,272.92,236.836,233.196,236.01,232.384,256.258,252.276,259.321,255.284,238.986,235.02,237.712,234.056,229.591,226.076,255.077,251.116,238.774,240.832,229.888,226.368,260.445,256.388,255.92,251.944,245.581,241.788,230.779,227.244,240.871,237.16,245.231,241.444,280.869,273.7,249.97,246.1,270.257,266.024,245.956,242.156,257.358,253.356,243.55,239.792,245.634,241.84,262.701,256.044
31/1/2026 12:55,246.644,242.832,255.248,251.284,247.751,243.984,274.074,269.772,277.28,272.92,236.836,233.196,236.01,232.384,256.258,252.276,259.321,255.284,238.986,235.02,237.712,234.056,229.591,226.076,255.077,251.116,238.774,240.832,229.888,226.368,260.445,256.388,255.92,251.944,245.581,241.788,230.779,227.244,240.871,237.16,245.231,241.444,280.869,273.7,249.97,246.1,270.257,266.024,245.956,242.156,257.358,253.356,243.55,239.792,245.634,241.84,262.701,256.044
31/1/2026 13:00,246.644,242.832,255.248,251.284,247.751,243.984,274.074,269.772,277.28,272.92,236.836,233.196,236.01,232.384,256.258,252.276,259.321,255.284,238.986,235.02,237.712,234.056,229.591,226.076,255.077,251.116,238.774,240.832,229.888,226.368,260.445,256.388,255.92,251.944,245.581,241.788,230.779,227.244,240.871,237.16,245.231,241.444,280.869,273.7,249.97,246.1,270.257,266.024,245.956,242.156,257.358,253.356,243.55,239.792,245.634,241.84,262.701,256.044
31/1/2026 13:05,249.659,245.672,276.423,271.94,242.227,238.668,260.844,256.652,262.197,257.98,243.352,239.48,243.193,239.324,272.183,267.78,258.147,254.004,244.48,242.408,244.205,240.436,242.337,238.6,259.267,255.104,247.907,243.952,242.801,239.056,261.99,257.776,277.299,272.156,256.621,252.332,244.413,240.108,246.445,242.516,254.853,250.896,264.129,259.876,244.315,240.544,260.058,255.88,255.643,251.672,273.944,269.508,248.738,244.768,257.02,253.024,258.623,254.364
31/1/2026 13:10,249.659,245.672,276.423,271.94,242.227,238.668,260.844,256.652,262.197,257.98,243.352,239.48,243.193,239.324,272.183,267.78,258.147,254.004,244.48,242.408,244.205,240.436,242.337,238.6,259.267,255.104,247.907,243.952,242.801,239.056,261.99,257.776,277.299,272.156,256.621,252.332,244.413,240.108,246.445,242.516,254.853,250.896,264.129,259.876,244.315,240.544,260.058,255.88,255.643,251.672,273.944,269.508,248.738,244.768,257.02,253.024,258.623,254.364
31/1/2026 13:15,249.659,245.672,276.423,271.94,242.227,238.668,260.844,256.652,262.197,257.98,243.352,239.48,243.193,239.324,272.183,267.78,258.147,254.004,244.48,242.408,244.205,240.436,242.337,238.6,259.267,255.104,247.907,243.952,242.801,239.056,261.99,257.776,277.299,272.156,256.621,252.332,244.413,240.108,246.445,242.516,254.853,250.896,264.129,259.876,244.315,240.544,260.058,255.88,255.643,251.672,273.944,269.508,248.738,244.768,257.02,253.024,258.623,254.364
31/1/2026 13:20,580.318,568.144,388.671,382.008,492.685,483.44,383.759,377.208,394.794,387.988,676.026,661.548,665.296,651.048,393.851,387.068,459.874,451.488,675.102,659.064,677.047,662.548,555.645,544.604,459.451,451.076,577.906,565.808,554.42,543.416,470.517,461.86,388.053,381.404,648.366,634.48,541.884,537.008,576.597,564.54,644.132,630.336,409.467,388.052,496.243,486.604,381.073,374.584,645.947,632.112,398.721,391.824,579.451,567.304,646.793,632.94,458.331,449.984
31/1/2026 13:25,580.318,568.144,388.671,382.008,492.685,483.44,383.759,377.208,394.794,387.988,676.026,661.548,665.296,651.048,393.851,387.068,459.874,451.488,675.102,659.064,677.047,662.548,555.645,544.604,459.451,451.076,577.906,565.808,554.42,543.416,470.517,461.86,388.053,381.404,648.366,634.48,541.884,537.008,576.597,564.54,644.132,630.336,409.467,388.052,496.243,486.604,381.073,374.584,645.947,632.112,398.721,391.824,579.451,567.304,646.793,632.94,458.331,449.984
31/1/2026 13:30,580.318,568.144,388.671,382.008,492.685,483.44,383.759,377.208,394.794,387.988,676.026,661.548,665.296,651.048,393.851,387.068,459.874,451.488,675.102,659.064,677.047,662.548,555.645,544.604,459.451,451.076,577.906,565.808,554.42,543.416,470.517,461.86,388.053,381.404,648.366,634.48,541.884,537.008,576.597,564.54,644.132,630.336,409.467,388.052,496.243,486.604,381.073,374.584,645.947,632.112,398.721,391.824,579.451,567.304,646.793,632.94,458.331,449.984
31/1/2026 13:35,641.147,627.444,630.663,617.3,606.2,589.464,589.383,576.92,604.177,591.236,649.364,635.456,672.56,658.156,612.359,599.58,595.672,583.416,675.466,653.26,642.135,628.4,565.771,554.428,588.849,576.804,614.895,623.588,560.691,549.5,603.55,591.048,630.779,617.412,527.087,541.18,576.359,565.276,630.411,617.056,485.028,475.992,608.573,595.488,611.152,598.412,587.759,575.348,485.197,476.156,615.787,602.9,634.967,621.464,554.76,543.384,596.043,581.536
31/1/2026 13:40,641.147,627.444,630.663,617.3,606.2,589.464,589.383,576.92,604.177,591.236,649.364,635.456,672.56,658.156,612.359,599.58,595.672,583.416,675.466,653.26,642.135,628.4,565.771,554.428,588.849,576.804,614.895,623.588,560.691,549.5,603.55,591.048,630.779,617.412,527.087,541.18,576.359,565.276,630.411,617.056,485.028,475.992,608.573,595.488,611.152,598.412,587.759,575.348,485.197,476.156,615.787,602.9,634.967,621.464,554.76,543.384,596.043,581.536
31/1/2026 13:45,641.147,627.444,630.663,617.3,606.2,589.464,589.383,576.92,604.177,591.236,649.364,635.456,672.56,658.156,612.359,599.58,595.672,583.416,675.466,653.26,642.135,628.4,565.771,554.428,588.849,576.804,614.895,623.588,560.691,549.5,603.55,591.048,630.779,617.412,527.087,541.18,576.359,565.276,630.411,617.056,485.028,475.992,608.573,595.488,611.152,598.412,587.759,575.348,485.197,476.156,615.787,602.9,634.967,621.464,554.76,543.384,596.043,581.536
31/1/2026 13:50,425.105,417.34,547.208,536.416,164.94,162.404,292.921,288.276,291.809,287.184,576.643,564.972,588.671,576.632,546.948,536.164,489.343,479.9,594.107,581.9,575.917,564.268,508.041,498.372,523.676,513.564,429.466,421.592,534.057,523.648,537.966,527.1,548.123,538.34,568.117,556.704,514.215,504.372,460.463,451.796,568.694,557.264,293.993,289.328,165.549,163.072,291.308,286.692,569.132,557.688,547.286,536.492,464.505,455.732,567.202,555.816,495.639,486.016
31/1/2026 13:55,425.105,417.34,547.208,536.416,164.94,162.404,292.921,288.276,291.809,287.184,576.643,564.972,588.671,576.632,546.948,536.164,489.343,479.9,594.107,581.9,575.917,564.268,508.041,498.372,523.676,513.564,429.466,421.592,534.057,523.648,537.966,527.1,548.123,538.34,568.117,556.704,514.215,504.372,460.463,451.796,568.694,557.264,293.993,289.328,165.549,163.072,291.308,286.692,569.132,557.688,547.286,536.492,464.505,455.732,567.202,555.816,495.639,486.016
31/1/2026 14:00,425.105,417.34,547.208,536.416,164.94,162.404,292.921,288.276,291.809,287.184,576.643,564.972,588.671,576.632,546.948,536.164,489.343,479.9,594.107,581.9,575.917,564.268,508.041,498.372,523.676,513.564,429.466,421.592,534.057,523.648,537.966,527.1,548.123,538.34,568.117,556.704,514.215,504.372,460.463,451.796,568.694,557.264,293.993,289.328,165.549,163.072,291.308,286.692,569.132,557.688,547.286,536.492,464.505,455.732,567.202,555.816,495.639,486.016
31/1/2026 14:05,226.745,223.28,590.648,578.548,257.324,254.864,505.61,496.008,509.112,499.412,172.424,169.844,173.188,170.596,577.344,565.652,310.301,305.332,175.137,172.516,172.912,170.324,351.188,345.368,270.684,266.444,227.303,220.676,348.321,342.564,273.128,268.844,546.137,580.9,183.398,180.652,394.921,388.112,213.865,210.62,192.721,189.832,515.228,505.356,261.071,257.004,507.338,497.688,191.241,188.376,578.59,566.86,218.935,215.604,183.191,180.448,327.489,299.44
31/1/2026 14:10,226.745,223.28,590.648,578.548,257.324,254.864,505.61,496.008,509.112,499.412,172.424,169.844,173.188,170.596,577.344,565.652,310.301,305.332,175.137,172.516,172.912,170.324,351.188,345.368,270.684,266.444,227.303,220.676,348.321,342.564,273.128,268.844,546.137,580.9,183.398,180.652,394.921,388.112,213.865,210.62,192.721,189.832,515.228,505.356,261.071,257.004,507.338,497.688,191.241,188.376,578.59,566.86,218.935,215.604,183.191,180.448,327.489,299.44
31/1/2026 14:15,226.745,223.28,590.648,578.548,257.324,254.864,505.61,496.008,509.112,499.412,172.424,169.844,173.188,170.596,577.344,565.652,310.301,305.332,175.137,172.516,172.912,170.324,351.188,345.368,270.684,266.444,227.303,220.676,348.321,342.564,273.128,268.844,546.137,580.9,183.398,180.652,394.921,388.112,213.865,210.62,192.721,189.832,515.228,505.356,261.071,257.004,507.338,497.688,191.241,188.376,578.59,566.86,218.935,215.604,183.191,180.448,327.489,299.44
31/1/2026 14:20,615.262,602.392,606.179,593.596,597.719,586.096,573.784,562.2,567.77,556.368,617.24,604.308,622.896,609.784,597.281,584.976,603.978,591.464,612.857,617.684,619.851,606.836,520.13,510.12,603.891,591.38,613.407,600.596,510.477,500.74,618.265,605.3,607.257,594.64,609.924,597.224,458.281,439.088,610.491,597.772,597.879,585.556,573.66,560.912,606.157,593.152,574.192,562.596,595.786,583.528,600.935,588.516,615.088,602.224,606.719,594.12,603.193,590.444
31/1/2026 14:25,615.262,602.392,606.179,593.596,597.719,586.096,573.784,562.2,567.77,556.368,617.24,604.308,622.896,609.784,597.281,584.976,603.978,591.464,612.857,617.684,619.851,606.836,520.13,510.12,603.891,591.38,613.407,600.596,510.477,500.74,618.265,605.3,607.257,594.64,609.924,597.224,458.281,439.088,610.491,597.772,597.879,585.556,573.66,560.912,606.157,593.152,574.192,562.596,595.786,583.528,600.935,588.516,615.088,602.224,606.719,594.12,603.193,590.444
31/1/2026 14:30,615.262,602.392,606.179,593.596,597.719,586.096,573.784,562.2,567.77,556.368,617.24,604.308,622.896,609.784,597.281,584.976,603.978,591.464,612.857,617.684,619.851,606.836,520.13,510.12,603.891,591.38,613.407,600.596,510.477,500.74,618.265,605.3,607.257,594.64,609.924,597.224,458.281,439.088,610.491,597.772,597.879,585.556,573.66,560.912,606.157,593.152,574.192,562.596,595.786,583.528,600.935,588.516,615.088,602.224,606.719,594.12,603.193,590.444
31/1/2026 14:35,606.538,593.944,295.509,290.816,567.597,556.2,430.381,422.728,425.74,418.2,242.73,238.988,278.48,274.1,311.613,306.62,595.774,583.516,282.277,277.828,242.091,238.36,272.59,268.316,598.705,586.356,606.505,593.912,266.337,262.176,614.927,602.068,284.824,280.328,314.992,309.936,311.927,293.7,594.474,582.256,410.121,402.956,426.187,418.636,572.6,561.052,430.5,422.844,413.555,406.308,325.184,319.924,598.243,585.908,314.703,309.652,593.438,581.252
31/1/2026 14:40,606.538,593.944,295.509,290.816,567.597,556.2,430.381,422.728,425.74,418.2,242.73,238.988,278.48,274.1,311.613,306.62,595.774,583.516,282.277,277.828,242.091,238.36,272.59,268.316,598.705,586.356,606.505,593.912,266.337,262.176,614.927,602.068,284.824,280.328,314.992,309.936,311.927,293.7,594.474,582.256,410.121,402.956,426.187,418.636,572.6,561.052,430.5,422.844,413.555,406.308,325.184,319.924,598.243,585.908,314.703,309.652,593.438,581.252
31/1/2026 14:45,606.538,593.944,295.509,290.816,567.597,556.2,430.381,422.728,425.74,418.2,242.73,238.988,278.48,274.1,311.613,306.62,595.774,583.516,282.277,277.828,242.091,238.36,272.59,268.316,598.705,586.356,606.505,593.912,266.337,262.176,614.927,602.068,284.824,280.328,314.992,309.936,311.927,293.7,594.474,582.256,410.121,402.956,426.187,418.636,572.6,561.052,430.5,422.844,413.555,406.308,325.184,319.924,598.243,585.908,314.703,309.652,593.438,581.252
31/1/2026 14:50,541.213,530.596,528.909,518.648,523.305,513.204,511.095,501.34,508.536,498.852,532.03,521.68,534.951,524.516,524.449,514.316,532.768,522.396,541.814,530.12,533.847,523.444,483.054,474.072,535.82,525.36,538.642,528.58,484.468,475.448,549.149,538.3,530.643,520.332,525.742,515.572,480.822,471.9,537.176,526.676,519.949,509.944,513.524,503.7,530.268,519.968,511.824,502.048,520.093,510.084,523.049,512.956,542.861,532.196,524.807,514.664,532.373,522.012
31/1/2026 14:55,541.213,530.596,528.909,518.648,523.305,513.204,511.095,501.34,508.536,498.852,532.03,521.68,534.951,524.516,524.449,514.316,532.768,522.396,541.814,530.12,533.847,523.444,483.054,474.072,535.82,525.36,538.642,528.58,484.468,475.448,549.149,538.3,530.643,520.332,525.742,515.572,480.822,471.9,537.176,526.676,519.949,509.944,513.524,503.7,530.268,519.968,511.824,502.048,520.093,510.084,523.049,512.956,542.861,532.196,524.807,514.664,532.373,522.012
31/1/2026 15:00,541.213,530.596,528.909,518.648,523.305,513.204,511.095,501.34,508.536,498.852,532.03,521.68,534.951,524.516,524.449,514.316,532.768,522.396,541.814,530.12,533.847,523.444,483.054,474.072,535.82,525.36,538.642,528.58,484.468,475.448,549.149,538.3,530.643,520.332,525.742,515.572,480.822,471.9,537.176,526.676,519.949,509.944,513.524,503.7,530.268,519.968,511.824,502.048,520.093,510.084,523.049,512.956,542.861,532.196,524.807,514.664,532.373,522.012
31/1/2026 15:05,457.255,448.936,546.421,535.652,345.908,340.896,512.35,502.56,518.874,508.9,554.799,543.784,554.964,543.944,543.388,532.708,549.079,538.232,562.113,550.88,556.213,545.156,492.499,483.26,549.495,538.636,446.97,438.908,490.373,481.192,565.618,554.28,548.485,537.656,557.936,546.828,503.992,494.436,472.889,464.172,555.042,544.02,521.316,511.664,350.68,344.872,512.004,502.224,557.846,546.74,545.972,535.216,471.132,462.46,557.334,546.244,550.608,539.716
31/1/2026 15:10,457.255,448.936,546.421,535.652,345.908,340.896,512.35,502.56,518.874,508.9,554.799,543.784,554.964,543.944,543.388,532.708,549.079,538.232,562.113,550.88,556.213,545.156,492.499,483.26,549.495,538.636,446.97,438.908,490.373,481.192,565.618,554.28,548.485,537.656,557.936,546.828,503.992,494.436,472.889,464.172,555.042,544.02,521.316,511.664,350.68,344.872,512.004,502.224,557.846,546.74,545.972,535.216,471.132,462.46,557.334,546.244,550.608,539.716
31/1/2026 15:15,457.255,448.936,546.421,535.652,345.908,340.896,512.35,502.56,518.874,508.9,554.799,543.784,554.964,543.944,543.388,532.708,549.079,538.232,562.113,550.88,556.213,545.156,492.499,483.26,549.495,538.636,446.97,438.908,490.373,481.192,565.618,554.28,548.485,537.656,557.936,546.828,503.992,494.436,472.889,464.172,555.042,544.02,521.316,511.664,350.68,344.872,512.004,502.224,557.846,546.74,545.972,535.216,471.132,462.46,557.334,546.244,550.608,539.716
31/1/2026 15:20,507.268,497.62,521.909,511.848,455.036,446.8,500.488,491.028,502.417,492.904,523.485,513.38,524.07,513.948,517.212,507.284,521.818,511.76,530.947,520.628,524.432,514.3,482.902,473.924,524.161,514.036,504.577,495.004,483.687,474.688,537.332,526.828,523.812,515.952,529.366,519.092,484.958,475.924,509.593,499.88,525.194,515.04,506.454,496.828,462.619,454.164,500.59,491.128,525.783,515.612,519.596,509.6,514.787,504.928,528.62,518.368,521.716,511.316
31/1/2026 15:25,507.268,497.62,521.909,511.848,455.036,446.8,500.488,491.028,502.417,492.904,523.485,513.38,524.07,513.948,517.212,507.284,521.818,511.76,530.947,520.628,524.432,514.3,482.902,473.924,524.161,514.036,504.577,495.004,483.687,474.688,537.332,526.828,523.812,515.952,529.366,519.092,484.958,475.924,509.593,499.88,525.194,515.04,506.454,496.828,462.619,454.164,500.59,491.128,525.783,515.612,519.596,509.6,514.787,504.928,528.62,518.368,521.716,511.316
31/1/2026 15:30,507.268,497.62,521.909,511.848,455.036,446.8,500.488,491.028,502.417,492.904,523.485,513.38,524.07,513.948,517.212,507.284,521.818,511.76,530.947,520.628,524.432,514.3,482.902,473.924,524.161,514.036,504.577,495.004,483.687,474.688,537.332,526.828,523.812,515.952,529.366,519.092,484.958,475.924,509.593,499.88,525.194,515.04,506.454,496.828,462.619,454.164,500.59,491.128,525.783,515.612,519.596,509.6,514.787,504.928,528.62,518.368,521.716,511.316
31/1/2026 15:35,456.821,448.512,524.038,513.916,370.51,364.26,480.243,471.336,492.504,483.264,555.966,544.916,563.849,552.564,520.859,510.828,513.96,504.124,571,560.516,557.928,546.82,489.082,479.936,517.982,508.032,458.774,461,491.915,482.692,528.02,517.784,526.492,516.3,550.241,539.36,497.595,488.336,482.298,473.336,552.335,541.392,494.683,485.384,374.455,368.116,483.12,474.136,553.344,542.372,521.028,510.992,493.466,484.2,552.945,541.984,513.656,503.828
31/1/2026 15:40,456.821,448.512,524.038,513.916,370.51,364.26,480.243,471.336,492.504,483.264,555.966,544.916,563.849,552.564,520.859,510.828,513.96,504.124,571,560.516,557.928,546.82,489.082,479.936,517.982,508.032,458.774,461,491.915,482.692,528.02,517.784,526.492,516.3,550.241,539.36,497.595,488.336,482.298,473.336,552.335,541.392,494.683,485.384,374.455,368.116,483.12,474.136,553.344,542.372,521.028,510.992,493.466,484.2,552.945,541.984,513.656,503.828
31/1/2026 15:45,456.821,448.512,524.038,513.916,370.51,364.26,480.243,471.336,492.504,483.264,555.966,544.916,563.849,552.564,520.859,510.828,513.96,504.124,571,560.516,557.928,546.82,489.082,479.936,517.982,508.032,458.774,461,491.915,482.692,528.02,517.784,526.492,516.3,550.241,539.36,497.595,488.336,482.298,473.336,552.335,541.392,494.683,485.384,374.455,368.116,483.12,474.136,553.344,542.372,521.028,510.992,493.466,484.2,552.945,541.984,513.656,503.828
31/1/2026 15:50,520.308,510.292,476.548,467.736,495.061,485.752,248.977,245.124,210.316,207.132,519.941,509.936,519.307,509.32,417.569,410.224,507.985,498.316,525.961,516.1,521.761,511.704,474.122,465.372,515.467,505.588,517.068,508.056,474.635,465.872,527.909,517.676,474.763,474.696,522.44,512.364,475.707,467.668,515.076,505.208,519.48,509.488,218.207,214.888,501.207,491.728,258.265,254.248,519.188,509.204,428.538,420.928,518.892,508.916,521.395,511.348,506.767,497.132
31/1/2026 15:55,520.308,510.292,476.548,467.736,495.061,485.752,248.977,245.124,210.316,207.132,519.941,509.936,519.307,509.32,417.569,410.224,507.985,498.316,525.961,516.1,521.761,511.704,474.122,465.372,515.467,505.588,517.068,508.056,474.635,465.872,527.909,517.676,474.763,474.696,522.44,512.364,475.707,467.668,515.076,505.208,519.48,509.488,218.207,214.888,501.207,491.728,258.265,254.248,519.188,509.204,428.538,420.928,518.892,508.916,521.395,511.348,506.767,497.132
31/1/2026 16:00,520.308,510.292,476.548,467.736,495.061,485.752,248.977,245.124,210.316,207.132,519.941,509.936,519.307,509.32,417.569,410.224,507.985,498.316,525.961,516.1,521.761,511.704,474.122,465.372,515.467,505.588,517.068,508.056,474.635,465.872,527.909,517.676,474.763,474.696,522.44,512.364,475.707,467.668,515.076,505.208,519.48,509.488,218.207,214.888,501.207,491.728,258.265,254.248,519.188,509.204,428.538,420.928,518.892,508.916,521.395,511.348,506.767,497.132
31/1/2026 16:05,323.469,318.244,205.597,202.492,118.318,116.52,114.75,112.956,115.576,113.772,466.199,457.652,471.457,462.776,225.862,222.412,354.825,348.924,476.134,467.332,469.191,460.568,410.651,403.472,262.668,258.572,328.434,323.104,414.88,407.6,404.236,397.208,202.366,207.244,476.129,466.272,423.749,415.648,345.002,339.316,471.272,462.596,116.248,114.436,118.885,117.04,113.603,111.824,470.086,461.44,232.891,229.32,349.34,343.56,474.47,465.712,365.87,359.724
31/1/2026 16:10,323.469,318.244,205.597,202.492,118.318,116.52,114.75,112.956,115.576,113.772,466.199,457.652,471.457,462.776,225.862,222.412,354.825,348.924,476.134,467.332,469.191,460.568,410.651,403.472,262.668,258.572,328.434,323.104,414.88,407.6,404.236,397.208,202.366,207.244,476.129,466.272,423.749,415.648,345.002,339.316,471.272,462.596,116.248,114.436,118.885,117.04,113.603,111.824,470.086,461.44,232.891,229.32,349.34,343.56,474.47,465.712,365.87,359.724
31/1/2026 16:15,323.469,318.244,205.597,202.492,118.318,116.52,114.75,112.956,115.576,113.772,466.199,457.652,471.457,462.776,225.862,222.412,354.825,348.924,476.134,467.332,469.191,460.568,410.651,403.472,262.668,258.572,328.434,323.104,414.88,407.6,404.236,397.208,202.366,207.244,476.129,466.272,423.749,415.648,345.002,339.316,471.272,462.596,116.248,114.436,118.885,117.04,113.603,111.824,470.086,461.44,232.891,229.32,349.34,343.56,474.47,465.712,365.87,359.724
31/1/2026 16:20,368.112,361.916,428.021,420.424,152.853,150.556,342.364,336.736,334.123,328.672,430.763,423.1,431.444,423.764,424.418,416.908,428.722,421.108,435.889,428.228,431.62,423.936,389.082,382.408,428.21,420.608,361.865,355.808,389.23,382.552,438.28,430.432,430.411,422.156,432.83,425.116,391.588,384.856,379.515,373.06,429.103,421.48,337.54,332.016,154.739,152.416,339.842,334.268,430.107,422.46,425.93,418.384,380.784,374.3,432.473,424.768,428.702,421.088
31/1/2026 16:25,368.112,361.916,428.021,420.424,152.853,150.556,342.364,336.736,334.123,328.672,430.763,423.1,431.444,423.764,424.418,416.908,428.722,421.108,435.889,428.228,431.62,423.936,389.082,382.408,428.21,420.608,361.865,355.808,389.23,382.552,438.28,430.432,430.411,422.156,432.83,425.116,391.588,384.856,379.515,373.06,429.103,421.48,337.54,332.016,154.739,152.416,339.842,334.268,430.107,422.46,425.93,418.384,380.784,374.3,432.473,424.768,428.702,421.088
31/1/2026 16:30,368.112,361.916,428.021,420.424,152.853,150.556,342.364,336.736,334.123,328.672,430.763,423.1,431.444,423.764,424.418,416.908,428.722,421.108,435.889,428.228,431.62,423.936,389.082,382.408,428.21,420.608,361.865,355.808,389.23,382.552,438.28,430.432,430.411,422.156,432.83,425.116,391.588,384.856,379.515,373.06,429.103,421.48,337.54,332.016,154.739,152.416,339.842,334.268,430.107,422.46,425.93,418.384,380.784,374.3,432.473,424.768,428.702,421.088
31/1/2026 16:35,237.223,233.576,382.52,375.996,361.933,360.996,388.41,381.752,387.264,380.632,161.711,159.292,176.422,173.78,401.606,394.64,346.159,340.448,179.947,177.252,158.947,156.568,364.868,358.744,329.717,324.36,243.464,239.708,367.233,361.056,334.164,328.712,385.381,378.792,372.483,366.188,357.856,351.888,200.784,197.76,350.808,344.996,389.549,383.732,371.348,365.08,388.91,382.24,348.011,342.26,401.049,394.096,206.866,203.74,368.526,362.32,340.03,328.472
31/1/2026 16:40,237.223,233.576,382.52,375.996,361.933,360.996,388.41,381.752,387.264,380.632,161.711,159.292,176.422,173.78,401.606,394.64,346.159,340.448,179.947,177.252,158.947,156.568,364.868,358.744,329.717,324.36,243.464,239.708,367.233,361.056,334.164,328.712,385.381,378.792,372.483,366.188,357.856,351.888,200.784,197.76,350.808,344.996,389.549,383.732,371.348,365.08,388.91,382.24,348.011,342.26,401.049,394.096,206.866,203.74,368.526,362.32,340.03,328.472
31/1/2026 16:45,237.223,233.576,382.52,375.996,361.933,360.996,388.41,381.752,387.264,380.632,161.711,159.292,176.422,173.78,401.606,394.64,346.159,340.448,179.947,177.252,158.947,156.568,364.868,358.744,329.717,324.36,243.464,239.708,367.233,361.056,334.164,328.712,385.381,378.792,372.483,366.188,357.856,351.888,200.784,197.76,350.808,344.996,389.549,383.732,371.348,365.08,388.91,382.24,348.011,342.26,401.049,394.096,206.866,203.74,368.526,362.32,340.03,328.472
31/1/2026 16:50,320.286,315.128,361.272,355.228,341.755,334.004,354.49,348.596,351.659,345.828,360.576,354.548,358.359,352.38,357.603,351.64,361.313,355.268,362.38,356.312,361.75,355.696,329.158,323.812,359.689,353.68,316.865,311.772,329.84,324.48,367.74,361.552,362.998,356.916,364.111,358.004,328.634,323.3,352.612,346.76,360.396,354.372,354.457,348.564,343.173,337.528,355.258,349.348,361.419,355.372,359.19,353.192,354.064,348.18,365.064,358.936,361.759,355.704
31/1/2026 16:55,320.286,315.128,361.272,355.228,341.755,334.004,354.49,348.596,351.659,345.828,360.576,354.548,358.359,352.38,357.603,351.64,361.313,355.268,362.38,356.312,361.75,355.696,329.158,323.812,359.689,353.68,316.865,311.772,329.84,324.48,367.74,361.552,362.998,356.916,364.111,358.004,328.634,323.3,352.612,346.76,360.396,354.372,354.457,348.564,343.173,337.528,355.258,349.348,361.419,355.372,359.19,353.192,354.064,348.18,365.064,358.936,361.759,355.704
31/1/2026 17:00,320.286,315.128,361.272,355.228,341.755,334.004,354.49,348.596,351.659,345.828,360.576,354.548,358.359,352.38,357.603,351.64,361.313,355.268,362.38,356.312,361.75,355.696,329.158,323.812,359.689,353.68,316.865,311.772,329.84,324.48,367.74,361.552,362.998,356.916,364.111,358.004,328.634,323.3,352.612,346.76,360.396,354.372,354.457,348.564,343.173,337.528,355.258,349.348,361.419,355.372,359.19,353.192,354.064,348.18,365.064,358.936,361.759,355.704
31/1/2026 17:05,316.955,311.86,320.009,314.856,318.891,313.336,310.636,305.66,311.133,306.148,321.316,316.136,321.402,316.22,316.984,311.888,322.329,317.128,324.246,319.004,322.603,317.396,285.535,281.024,320.883,315.712,314.269,309.476,286.309,281.784,327.891,322.572,320.965,315.8,323.898,318.664,287.063,282.464,314.505,309.456,321.981,316.788,313.958,308.92,322.378,317.176,309.711,304.752,323.162,317.944,317.885,312.772,317.143,312.044,324.041,318.804,322.407,317.204
31/1/2026 17:10,316.955,311.86,320.009,314.856,318.891,313.336,310.636,305.66,311.133,306.148,321.316,316.136,321.402,316.22,316.984,311.888,322.329,317.128,324.246,319.004,322.603,317.396,285.535,281.024,320.883,315.712,314.269,309.476,286.309,281.784,327.891,322.572,320.965,315.8,323.898,318.664,287.063,282.464,314.505,309.456,321.981,316.788,313.958,308.92,322.378,317.176,309.711,304.752,323.162,317.944,317.885,312.772,317.143,312.044,324.041,318.804,322.407,317.204
31/1/2026 17:15,316.955,311.86,320.009,314.856,318.891,313.336,310.636,305.66,311.133,306.148,321.316,316.136,321.402,316.22,316.984,311.888,322.329,317.128,324.246,319.004,322.603,317.396,285.535,281.024,320.883,315.712,314.269,309.476,286.309,281.784,327.891,322.572,320.965,315.8,323.898,318.664,287.063,282.464,314.505,309.456,321.981,316.788,313.958,308.92,322.378,317.176,309.711,304.752,323.162,317.944,317.885,312.772,317.143,312.044,324.041,318.804,322.407,317.204
31/1/2026 17:20,275.216,270.756,265.626,261.476,267.271,262.888,257.151,253.152,257.216,253.216,274.453,270.144,274.286,269.98,263.37,259.26,269.981,265.752,277.301,272.94,275.252,270.928,243.563,239.804,269.361,265.144,273.557,269.128,244.084,240.316,274.914,270.596,266.612,262.444,275.443,271.116,244.572,240.796,272.571,268.16,273.296,269.008,258.8,254.772,269.683,265.46,256.21,252.228,274.669,270.356,264.327,260.2,275.053,270.596,275.541,271.212,270.443,266.072
31/1/2026 17:25,275.216,270.756,265.626,261.476,267.271,262.888,257.151,253.152,257.216,253.216,274.453,270.144,274.286,269.98,263.37,259.26,269.981,265.752,277.301,272.94,275.252,270.928,243.563,239.804,269.361,265.144,273.557,269.128,244.084,240.316,274.914,270.596,266.612,262.444,275.443,271.116,244.572,240.796,272.571,268.16,273.296,269.008,258.8,254.772,269.683,265.46,256.21,252.228,274.669,270.356,264.327,260.2,275.053,270.596,275.541,271.212,270.443,266.072
31/1/2026 17:30,275.216,270.756,265.626,261.476,267.271,262.888,257.151,253.152,257.216,253.216,274.453,270.144,274.286,269.98,263.37,259.26,269.981,265.752,277.301,272.94,275.252,270.928,243.563,239.804,269.361,265.144,273.557,269.128,244.084,240.316,274.914,270.596,266.612,262.444,275.443,271.116,244.572,240.796,272.571,268.16,273.296,269.008,258.8,254.772,269.683,265.46,256.21,252.228,274.669,270.356,264.327,260.2,275.053,270.596,275.541,271.212,270.443,266.072
31/1/2026 17:35,253.204,249.152,233.548,229.852,245.822,242.024,233.121,229.544,233.19,229.5,245.867,242.068,247.789,243.956,231.503,227.844,244.363,240.472,251.157,247.264,251.193,247.3,149.87,147.612,244.868,240.968,251.452,247.408,148.361,146.124,249.778,245.788,234.094,230.388,223.165,219.76,165.197,157.856,250.222,246.224,237.582,233.928,234.688,230.744,247.883,244.048,232.233,228.672,238.038,234.376,232.709,229.028,252.76,248.716,224.223,220.8,245.231,241.324
31/1/2026 17:40,253.204,249.152,233.548,229.852,245.822,242.024,233.121,229.544,233.19,229.5,245.867,242.068,247.789,243.956,231.503,227.844,244.363,240.472,251.157,247.264,251.193,247.3,149.87,147.612,244.868,240.968,251.452,247.408,148.361,146.124,249.778,245.788,234.094,230.388,223.165,219.76,165.197,157.856,250.222,246.224,237.582,233.928,234.688,230.744,247.883,244.048,232.233,228.672,238.038,234.376,232.709,229.028,252.76,248.716,224.223,220.8,245.231,241.324
31/1/2026 17:45,253.204,249.152,233.548,229.852,245.822,242.024,233.121,229.544,233.19,229.5,245.867,242.068,247.789,243.956,231.503,227.844,244.363,240.472,251.157,247.264,251.193,247.3,149.87,147.612,244.868,240.968,251.452,247.408,148.361,146.124,249.778,245.788,234.094,230.388,223.165,219.76,165.197,157.856,250.222,246.224,237.582,233.928,234.688,230.744,247.883,244.048,232.233,228.672,238.038,234.376,232.709,229.028,252.76,248.716,224.223,220.8,245.231,241.324
31/1/2026 17:50,177.188,174.476,199.24,196.148,117.777,116.184,121.267,119.392,97.954,96.376,211.615,208.308,210.687,207.396,197.498,194.436,210.02,206.74,213.626,210.224,212.43,209.208,190.119,187.184,208.322,205.072,175.861,173.172,190.628,187.684,212.287,208.968,199.778,196.676,213.789,210.724,190.054,186.98,174.392,171.728,212.772,209.544,102.524,100.828,118.615,116.772,116.873,115.052,213.581,210.34,186.769,183.892,175.967,173.276,214.143,210.892,210.63,207.34
31/1/2026 17:55,177.188,174.476,199.24,196.148,117.777,116.184,121.267,119.392,97.954,96.376,211.615,208.308,210.687,207.396,197.498,194.436,210.02,206.74,213.626,210.224,212.43,209.208,190.119,187.184,208.322,205.072,175.861,173.172,190.628,187.684,212.287,208.968,199.778,196.676,213.789,210.724,190.054,186.98,174.392,171.728,212.772,209.544,102.524,100.828,118.615,116.772,116.873,115.052,213.581,210.34,186.769,183.892,175.967,173.276,214.143,210.892,210.63,207.34
31/1/2026 18:00,177.188,174.476,199.24,196.148,117.777,116.184,121.267,119.392,97.954,96.376,211.615,208.308,210.687,207.396,197.498,194.436,210.02,206.74,213.626,210.224,212.43,209.208,190.119,187.184,208.322,205.072,175.861,173.172,190.628,187.684,212.287,208.968,199.778,196.676,213.789,210.724,190.054,186.98,174.392,171.728,212.772,209.544,102.524,100.828,118.615,116.772,116.873,115.052,213.581,210.34,186.769,183.892,175.967,173.276,214.143,210.892,210.63,207.34
31/1/2026 18:05,132.322,130.256,161.616,159.168,164.073,161.584,161.828,159.376,160.608,158.176,156.923,154.54,151.292,148.98,160.25,157.824,173.107,170.464,152.819,150.9,157.218,154.832,160.229,157.804,169.538,166.956,130.012,124.7,161.389,158.944,174.006,171.348,162.227,159.768,179.552,176.8,160.949,158.976,145.831,143.588,178.913,176.172,161.698,159.248,165.371,162.86,160.685,158.252,179.654,176.9,161.69,159.24,149.915,147.62,180.798,178.024,173.229,170.584
31/1/2026 18:10,132.322,130.256,161.616,159.168,164.073,161.584,161.828,159.376,160.608,158.176,156.923,154.54,151.292,148.98,160.25,157.824,173.107,170.464,152.819,150.9,157.218,154.832,160.229,157.804,169.538,166.956,130.012,124.7,161.389,158.944,174.006,171.348,162.227,159.768,179.552,176.8,160.949,158.976,145.831,143.588,178.913,176.172,161.698,159.248,165.371,162.86,160.685,158.252,179.654,176.9,161.69,159.24,149.915,147.62,180.798,178.024,173.229,170.584
31/1/2026 18:15,132.322,130.256,161.616,159.168,164.073,161.584,161.828,159.376,160.608,158.176,156.923,154.54,151.292,148.98,160.25,157.824,173.107,170.464,152.819,150.9,157.218,154.832,160.229,157.804,169.538,166.956,130.012,124.7,161.389,158.944,174.006,171.348,162.227,159.768,179.552,176.8,160.949,158.976,145.831,143.588,178.913,176.172,161.698,159.248,165.371,162.86,160.685,158.252,179.654,176.9,161.69,159.24,149.915,147.62,180.798,178.024,173.229,170.584
31/1/2026 18:20,127.188,125.188,111.832,110.016,121.792,119.856,118.639,116.74,118.372,116.476,125.548,123.568,125.229,123.252,111.593,109.78,125.994,124.008,127.649,125.644,126.07,124.084,77.547,76.196,126.653,124.66,126.876,124.88,78.351,76.988,127.58,125.576,112.03,110.212,114.885,110.432,70.361,69.116,125.164,123.188,108.899,107.12,119.153,117.248,122.747,120.8,117.108,115.228,107.825,106.06,111.937,110.12,126.908,124.912,113.577,111.74,126.629,124.588
31/1/2026 18:25,127.188,125.188,111.832,110.016,121.792,119.856,118.639,116.74,118.372,116.476,125.548,123.568,125.229,123.252,111.593,109.78,125.994,124.008,127.649,125.644,126.07,124.084,77.547,76.196,126.653,124.66,126.876,124.88,78.351,76.988,127.58,125.576,112.03,110.212,114.885,110.432,70.361,69.116,125.164,123.188,108.899,107.12,119.153,117.248,122.747,120.8,117.108,115.228,107.825,106.06,111.937,110.12,126.908,124.912,113.577,111.74,126.629,124.588
31/1/2026 18:30,127.188,125.188,111.832,110.016,121.792,119.856,118.639,116.74,118.372,116.476,125.548,123.568,125.229,123.252,111.593,109.78,125.994,124.008,127.649,125.644,126.07,124.084,77.547,76.196,126.653,124.66,126.876,124.88,78.351,76.988,127.58,125.576,112.03,110.212,114.885,110.432,70.361,69.116,125.164,123.188,108.899,107.12,119.153,117.248,122.747,120.8,117.108,115.228,107.825,106.06,111.937,110.12,126.908,124.912,113.577,111.74,126.629,124.588
31/1/2026 18:35,41.278,40.296,46.569,45.552,57.683,56.832,53.798,52.728,54.542,53.468,36.137,35.228,34.962,34.072,43.822,42.832,44.813,43.788,35.324,34.428,36.19,35.28,32.607,31.768,42.04,41.048,41.295,40.312,32.602,31.764,43.243,42.236,46.15,45.136,43.058,42.076,33.562,32.708,46.043,45.004,41.48,40.516,55.519,53.568,58.125,57.036,55.788,54.708,41.488,40.524,44.716,43.716,47.437,46.384,43.139,42.156,46.104,45.064
31/1/2026 18:40,41.278,40.296,46.569,45.552,57.683,56.832,53.798,52.728,54.542,53.468,36.137,35.228,34.962,34.072,43.822,42.832,44.813,43.788,35.324,34.428,36.19,35.28,32.607,31.768,42.04,41.048,41.295,40.312,32.602,31.764,43.243,42.236,46.15,45.136,43.058,42.076,33.562,32.708,46.043,45.004,41.48,40.516,55.519,53.568,58.125,57.036,55.788,54.708,41.488,40.524,44.716,43.716,47.437,46.384,43.139,42.156,46.104,45.064
31/1/2026 18:45,41.278,40.296,46.569,45.552,57.683,56.832,53.798,52.728,54.542,53.468,36.137,35.228,34.962,34.072,43.822,42.832,44.813,43.788,35.324,34.428,36.19,35.28,32.607,31.768,42.04,41.048,41.295,40.312,32.602,31.764,43.243,42.236,46.15,45.136,43.058,42.076,33.562,32.708,46.043,45.004,41.48,40.516,55.519,53.568,58.125,57.036,55.788,54.708,41.488,40.524,44.716,43.716,47.437,46.384,43.139,42.156,46.104,45.064
31/1/2026 18:50,23.931,23.296,22.883,22.284,29.056,28.304,25.848,25.176,26.361,25.676,21.562,20.996,21.341,20.772,21.501,20.936,22.216,21.624,21.497,20.924,21.702,21.132,21.176,20.62,23.139,22.524,23.639,23.012,21.102,20.548,23.053,22.44,22.161,21.58,22.87,22.272,20.36,19.824,22.663,22.06,22.366,21.78,27.161,26.456,28.908,28.16,25.135,24.48,22.538,21.948,22.21,21.628,22.593,21.992,22.792,22.196,22.618,22.016
31/1/2026 18:55,23.931,23.296,22.883,22.284,29.056,28.304,25.848,25.176,26.361,25.676,21.562,20.996,21.341,20.772,21.501,20.936,22.216,21.624,21.497,20.924,21.702,21.132,21.176,20.62,23.139,22.524,23.639,23.012,21.102,20.548,23.053,22.44,22.161,21.58,22.87,22.272,20.36,19.824,22.663,22.06,22.366,21.78,27.161,26.456,28.908,28.16,25.135,24.48,22.538,21.948,22.21,21.628,22.593,21.992,22.792,22.196,22.618,22.016
31/1/2026 19:00,23.931,23.296,22.883,22.284,29.056,28.304,25.848,25.176,26.361,25.676,21.562,20.996,21.341,20.772,21.501,20.936,22.216,21.624,21.497,20.924,21.702,21.132,21.176,20.62,23.139,22.524,23.639,23.012,21.102,20.548,23.053,22.44,22.161,21.58,22.87,22.272,20.36,19.824,22.663,22.06,22.366,21.78,27.161,26.456,28.908,28.16,25.135,24.48,22.538,21.948,22.21,21.628,22.593,21.992,22.792,22.196,22.618,22.016
31/1/2026 19:05,10.663,10.368,9.452,9.188,9.949,9.624,9.411,9.148,8.997,8.744,10.651,10.356,10.569,10.276,8.435,8.196,10.544,10.252,10.61,10.316,10.819,10.52,8.484,8.244,10.618,10.324,10.548,10.256,8.455,8.216,10.155,9.872,8.763,8.516,10.79,10.492,8.521,8.228,10.569,10.276,10.482,10.192,9.649,9.38,9.711,9.44,9.062,8.808,10.556,10.264,9.029,8.776,10.548,10.256,10.614,10.32,10.618,10.324
31/1/2026 19:10,10.663,10.368,9.452,9.188,9.949,9.624,9.411,9.148,8.997,8.744,10.651,10.356,10.569,10.276,8.435,8.196,10.544,10.252,10.61,10.316,10.819,10.52,8.484,8.244,10.618,10.324,10.548,10.256,8.455,8.216,10.155,9.872,8.763,8.516,10.79,10.492,8.521,8.228,10.569,10.276,10.482,10.192,9.649,9.38,9.711,9.44,9.062,8.808,10.556,10.264,9.029,8.776,10.548,10.256,10.614,10.32,10.618,10.324
31/1/2026 19:15,10.663,10.368,9.452,9.188,9.949,9.624,9.411,9.148,8.997,8.744,10.651,10.356,10.569,10.276,8.435,8.196,10.544,10.252,10.61,10.316,10.819,10.52,8.484,8.244,10.618,10.324,10.548,10.256,8.455,8.216,10.155,9.872,8.763,8.516,10.79,10.492,8.521,8.228,10.569,10.276,10.482,10.192,9.649,9.38,9.711,9.44,9.062,8.808,10.556,10.264,9.029,8.776,10.548,10.256,10.614,10.32,10.618,10.324
31/1/2026 19:20,2.311,2.232,1.824,1.756,1.452,1.38,1.272,1.216,1.129,1.076,1.628,1.564,1.653,1.588,1.084,1.032,1.747,1.68,1.538,1.476,1.796,1.728,1.292,1.236,1.787,1.72,2.389,2.308,1.276,1.22,1.358,1.3,1.1,1.048,1.628,1.564,1.35,1.292,0,0,1.464,1.404,1.591,1.528,1.223,1.168,1.157,1.104,1.563,1.5,1.464,1.404,2.287,2.208,1.464,1.404,1.788,1.72
31/1/2026 19:25,2.311,2.232,1.824,1.756,1.452,1.38,1.272,1.216,1.129,1.076,1.628,1.564,1.653,1.588,1.084,1.032,1.747,1.68,1.538,1.476,1.796,1.728,1.292,1.236,1.787,1.72,2.389,2.308,1.276,1.22,1.358,1.3,1.1,1.048,1.628,1.564,1.35,1.292,0,0,1.464,1.404,1.591,1.528,1.223,1.168,1.157,1.104,1.563,1.5,1.464,1.404,2.287,2.208,1.464,1.404,1.788,1.72
31/1/2026 19:30,2.311,2.232,1.824,1.756,1.452,1.38,1.272,1.216,1.129,1.076,1.628,1.564,1.653,1.588,1.084,1.032,1.747,1.68,1.538,1.476,1.796,1.728,1.292,1.236,1.787,1.72,2.389,2.308,1.276,1.22,1.358,1.3,1.1,1.048,1.628,1.564,1.35,1.292,0,0,1.464,1.404,1.591,1.528,1.223,1.168,1.157,1.104,1.563,1.5,1.464,1.404,2.287,2.208,1.464,1.404,1.788,1.72
31/1/2026 19:35,0,0,0,0,0,0,0,0,0,0,0,0,0,0,0,0,0,0,0,0,0,0,0,0,0,0,0,0,0,0,0,0,0,0,0,0,0,0,0,0,0,0,0,0,0,0,0,0,0,0,0,0,0,0,0,0,0,0
31/1/2026 19:40,0,0,0,0,0,0,0,0,0,0,0,0,0,0,0,0,0,0,0,0,0,0,0,0,0,0,0,0,0,0,0,0,0,0,0,0,0,0,0,0,0,0,0,0,0,0,0,0,0,0,0,0,0,0,0,0,0,0
31/1/2026 19:45,0,0,0,0,0,0,0,0,0,0,0,0,0,0,0,0,0,0,0,0,0,0,0,0,0,0,0,0,0,0,0,0,0,0,0,0,0,0,0,0,0,0,0,0,0,0,0,0,0,0,0,0,0,0,0,0,0,0
31/1/2026 19:50,0,0,0,0,0,0,0,0,0,0,0,0,0,0,0,0,0,0,0,0,0,0,0,0,0,0,0,0,0,0,0,0,0,0,0,0,0,0,0,0,0,0,0,0,0,0,0,0,0,0,0,0,0,0,0,0,0,0
31/1/2026 19:55,0,0,0,0,0,0,0,0,0,0,0,0,0,0,0,0,0,0,0,0,0,0,0,0,0,0,0,0,0,0,0,0,0,0,0,0,0,0,0,0,0,0,0,0,0,0,0,0,0,0,0,0,0,0,0,0,0,0
31/1/2026 20:00,0,0,0,0,0,0,0,0,0,0,0,0,0,0,0,0,0,0,0,0,0,0,0,0,0,0,0,0,0,0,0,0,0,0,0,0,0,0,0,0,0,0,0,0,0,0,0,0,0,0,0,0,0,0,0,0,0,0
31/1/2026 20:05,0,0,0,0,0,0,0,0,0,0,0,0,0,0,0,0,0,0,0,0,0,0,0,0,0,0,0,0,0,0,0,0,0,0,0,0,0,0,0,0,0,0,0,0,0,0,0,0,0,0,0,0,0,0,0,0,0,0
31/1/2026 20:10,0,0,0,0,0,0,0,0,0,0,0,0,0,0,0,0,0,0,0,0,0,0,0,0,0,0,0,0,0,0,0,0,0,0,0,0,0,0,0,0,0,0,0,0,0,0,0,0,0,0,0,0,0,0,0,0,0,0
31/1/2026 20:15,0,0,0,0,0,0,0,0,0,0,0,0,0,0,0,0,0,0,0,0,0,0,0,0,0,0,0,0,0,0,0,0,0,0,0,0,0,0,0,0,0,0,0,0,0,0,0,0,0,0,0,0,0,0,0,0,0,0
31/1/2026 20:20,0,0,0,0,0,0,0,0,0,0,0,0,0,0,0,0,0,0,0,0,0,0,0,0,0,0,0,0,0,0,0,0,0,0,0,0,0,0,0,0,0,0,0,0,0,0,0,0,0,0,0,0,0,0,0,0,0,0
31/1/2026 20:25,0,0,0,0,0,0,0,0,0,0,0,0,0,0,0,0,0,0,0,0,0,0,0,0,0,0,0,0,0,0,0,0,0,0,0,0,0,0,0,0,0,0,0,0,0,0,0,0,0,0,0,0,0,0,0,0,0,0
31/1/2026 20:30,0,0,0,0,0,0,0,0,0,0,0,0,0,0,0,0,0,0,0,0,0,0,0,0,0,0,0,0,0,0,0,0,0,0,0,0,0,0,0,0,0,0,0,0,0,0,0,0,0,0,0,0,0,0,0,0,0,0
31/1/2026 20:35,0,0,0,0,0,0,0,0,0,0,0,0,0,0,0,0,0,0,0,0,0,0,0,0,0,0,0,0,0,0,0,0,0,0,0,0,0,0,0,0,0,0,0,0,0,0,0,0,0,0,0,0,0,0,0,0,0,0
31/1/2026 20:40,0,0,0,0,--,--,0,0,0,0,0,0,0,0,0,0,0,0,0,0,0,0,0,0,0,0,0,0,0,0,0,0,0,0,0,0,0,0,0,0,0,0,0,0,--,--,0,0,0,0,0,0,0,0,0,0,0,0
31/1/2026 20:45,0,0,0,0,--,--,0,0,0,0,0,0,0,0,0,0,0,0,0,0,0,0,0,0,0,0,0,0,0,0,0,0,0,0,0,0,0,0,0,0,0,0,0,0,--,--,0,0,0,0,0,0,0,0,0,0,0,0
31/1/2026 20:50,0,0,0,0,--,--,0,0,0,0,0,0,0,0,0,0,0,0,0,0,0,0,0,0,0,0,0,0,0,0,0,0,0,0,0,0,0,0,0,0,0,0,0,0,--,--,0,0,0,0,0,0,0,0,0,0,0,0
31/1/2026 20:55,0,0,0,0,--,--,0,0,0,0,0,0,0,0,0,0,0,0,0,0,0,0,0,0,0,0,0,0,0,0,0,0,0,0,0,0,0,0,0,0,0,0,0,0,--,--,0,0,0,0,0,0,0,0,0,0,0,0
31/1/2026 21:00,0,0,0,0,--,--,0,0,0,0,0,0,0,0,0,0,0,0,0,0,0,0,0,0,0,0,0,0,0,0,0,0,0,0,0,0,0,0,0,0,0,0,0,0,--,--,0,0,0,0,0,0,0,0,0,0,0,0
31/1/2026 21:05,0,0,0,0,--,--,0,0,0,0,0,0,0,0,0,0,0,0,0,0,0,0,0,0,0,0,0,0,0,0,0,0,0,0,0,0,0,0,0,0,0,0,0,0,--,--,0,0,0,0,0,0,0,0,0,0,0,0
31/1/2026 21:10,0,0,0,0,--,--,0,0,0,0,0,0,0,0,0,0,0,0,0,0,0,0,0,0,0,0,0,0,0,0,0,0,0,0,0,0,0,0,0,0,0,0,0,0,--,--,0,0,0,0,0,0,0,0,0,0,0,0
31/1/2026 21:15,0,0,0,0,--,--,0,0,0,0,0,0,0,0,0,0,0,0,0,0,0,0,0,0,0,0,0,0,0,0,0,0,0,0,0,0,0,0,0,0,0,0,0,0,--,--,0,0,0,0,0,0,0,0,0,0,0,0
31/1/2026 21:20,0,0,0,0,--,--,0,0,0,0,0,0,0,0,0,0,0,0,0,0,0,0,0,0,0,0,0,0,0,0,0,0,0,0,0,0,0,0,0,0,0,0,0,0,--,--,0,0,0,0,0,0,0,0,0,0,0,0
31/1/2026 21:25,0,0,0,0,--,--,0,0,0,0,0,0,0,0,0,0,0,0,0,0,0,0,0,0,0,0,0,0,0,0,0,0,0,0,0,0,0,0,0,0,0,0,0,0,--,--,0,0,0,0,0,0,0,0,0,0,0,0
31/1/2026 21:30,0,0,0,0,--,--,0,0,0,0,0,0,0,0,0,0,0,0,0,0,0,0,0,0,0,0,0,0,0,0,0,0,0,0,0,0,0,0,0,0,0,0,0,0,--,--,0,0,0,0,0,0,0,0,0,0,0,0
31/1/2026 21:35,0,0,0,0,--,--,0,0,0,0,0,0,0,0,0,0,0,0,0,0,0,0,0,0,0,0,0,0,0,0,0,0,0,0,0,0,0,0,0,0,0,0,0,0,--,--,0,0,0,0,0,0,0,0,0,0,0,0
31/1/2026 21:40,0,0,0,0,--,--,0,0,0,0,0,0,0,0,0,0,0,0,0,0,0,0,0,0,0,0,0,0,0,0,0,0,0,0,0,0,0,0,0,0,0,0,0,0,--,--,0,0,0,0,0,0,0,0,0,0,0,0
31/1/2026 21:45,0,0,0,0,--,--,0,0,0,0,0,0,0,0,0,0,0,0,0,0,0,0,0,0,0,0,0,0,0,0,0,0,0,0,0,0,0,0,0,0,0,0,0,0,--,--,0,0,0,0,0,0,0,0,0,0,0,0
31/1/2026 21:50,0,0,0,0,--,--,0,0,0,0,0,0,0,0,0,0,0,0,0,0,0,0,0,0,0,0,0,0,0,0,0,0,0,0,0,0,0,0,0,0,0,0,0,0,--,--,0,0,0,0,0,0,0,0,0,0,0,0
31/1/2026 21:55,0,0,0,0,--,--,0,0,0,0,0,0,0,0,0,0,0,0,0,0,0,0,0,0,0,0,0,0,0,0,0,0,0,0,0,0,0,0,0,0,0,0,0,0,--,--,0,0,0,0,0,0,0,0,0,0,0,0
31/1/2026 22:00,0,0,0,0,--,--,0,0,0,0,0,0,0,0,0,0,0,0,0,0,0,0,0,0,0,0,0,0,0,0,0,0,0,0,0,0,0,0,0,0,0,0,0,0,--,--,0,0,0,0,0,0,0,0,0,0,0,0
31/1/2026 22:05,0,0,0,0,--,--,0,0,0,0,0,0,0,0,0,0,0,0,0,0,0,0,0,0,0,0,0,0,0,0,0,0,0,0,0,0,0,0,0,0,0,0,0,0,--,--,0,0,0,0,0,0,0,0,0,0,0,0
31/1/2026 22:10,0,0,0,0,--,--,0,0,0,0,0,0,0,0,0,0,0,0,0,0,0,0,0,0,0,0,0,0,0,0,0,0,0,0,0,0,0,0,0,0,0,0,0,0,--,--,0,0,0,0,0,0,0,0,0,0,0,0
31/1/2026 22:15,0,0,0,0,--,--,0,0,0,0,0,0,0,0,0,0,0,0,0,0,0,0,0,0,0,0,0,0,0,0,0,0,0,0,0,0,0,0,0,0,0,0,0,0,--,--,0,0,0,0,0,0,0,0,0,0,0,0
31/1/2026 22:20,0,0,0,0,--,--,0,0,0,0,0,0,0,0,0,0,0,0,0,0,0,0,0,0,0,0,0,0,0,0,0,0,0,0,0,0,0,0,0,0,0,0,0,0,--,--,0,0,0,0,0,0,0,0,0,0,0,0
31/1/2026 22:25,0,0,0,0,--,--,0,0,0,0,0,0,0,0,0,0,0,0,0,0,0,0,0,0,0,0,0,0,0,0,0,0,0,0,0,0,0,0,0,0,0,0,0,0,--,--,0,0,0,0,0,0,0,0,0,0,0,0
31/1/2026 22:30,0,0,0,0,--,--,0,0,0,0,0,0,0,0,0,0,0,0,0,0,0,0,0,0,0,0,0,0,0,0,0,0,0,0,0,0,0,0,0,0,0,0,0,0,--,--,0,0,0,0,0,0,0,0,0,0,0,0
31/1/2026 22:35,0,0,0,0,--,--,0,0,0,0,0,0,0,0,0,0,0,0,0,0,0,0,0,0,0,0,0,0,0,0,0,0,0,0,0,0,0,0,0,0,0,0,0,0,--,--,0,0,0,0,0,0,0,0,0,0,0,0
31/1/2026 22:40,0,0,0,0,--,--,0,0,0,0,0,0,0,0,0,0,0,0,0,0,0,0,0,0,0,0,0,0,0,0,0,0,0,0,0,0,0,0,0,0,0,0,0,0,--,--,0,0,0,0,0,0,0,0,0,0,0,0
31/1/2026 22:45,0,0,0,0,--,--,0,0,0,0,0,0,0,0,0,0,0,0,0,0,0,0,0,0,0,0,0,0,0,0,0,0,0,0,0,0,0,0,0,0,0,0,0,0,--,--,0,0,0,0,0,0,0,0,0,0,0,0
31/1/2026 22:50,0,0,0,0,--,--,0,0,0,0,0,0,0,0,0,0,0,0,0,0,0,0,0,0,0,0,0,0,0,0,0,0,0,0,0,0,0,0,0,0,0,0,0,0,--,--,0,0,0,0,0,0,0,0,0,0,0,0
31/1/2026 22:55,0,0,0,0,--,--,0,0,0,0,0,0,0,0,0,0,0,0,0,0,0,0,0,0,0,0,0,0,0,0,0,0,0,0,0,0,0,0,0,0,0,0,0,0,--,--,0,0,0,0,0,0,0,0,0,0,0,0
31/1/2026 23:00,0,0,0,0,--,--,0,0,0,0,0,0,0,0,0,0,0,0,0,0,0,0,0,0,0,0,0,0,0,0,0,0,0,0,0,0,0,0,0,0,0,0,0,0,--,--,0,0,0,0,0,0,0,0,0,0,0,0
31/1/2026 23:05,0,0,0,0,--,--,0,0,0,0,0,0,0,0,0,0,0,0,0,0,0,0,0,0,0,0,0,0,0,0,0,0,0,0,0,0,0,0,0,0,0,0,0,0,--,--,0,0,0,0,0,0,0,0,0,0,0,0
31/1/2026 23:10,0,0,0,0,--,--,0,0,0,0,0,0,0,0,0,0,0,0,0,0,0,0,0,0,0,0,0,0,0,0,0,0,0,0,0,0,0,0,0,0,0,0,0,0,--,--,0,0,0,0,0,0,0,0,0,0,0,0
31/1/2026 23:15,0,0,0,0,--,--,0,0,0,0,0,0,0,0,0,0,0,0,0,0,0,0,0,0,0,0,0,0,0,0,0,0,0,0,0,0,0,0,0,0,0,0,0,0,--,--,0,0,0,0,0,0,0,0,0,0,0,0
31/1/2026 23:20,0,0,0,0,--,--,0,0,0,0,0,0,0,0,0,0,0,0,0,0,0,0,0,0,0,0,0,0,0,0,0,0,0,0,0,0,0,0,0,0,0,0,0,0,--,--,0,0,0,0,0,0,0,0,0,0,0,0
31/1/2026 23:25,0,0,0,0,--,--,0,0,0,0,0,0,0,0,0,0,0,0,0,0,0,0,0,0,0,0,0,0,0,0,0,0,0,0,0,0,0,0,0,0,0,0,0,0,--,--,0,0,0,0,0,0,0,0,0,0,0,0
31/1/2026 23:30,0,0,0,0,--,--,0,0,0,0,0,0,0,0,0,0,0,0,0,0,0,0,0,0,0,0,0,0,0,0,0,0,0,0,0,0,0,0,0,0,0,0,0,0,--,--,0,0,0,0,0,0,0,0,0,0,0,0
31/1/2026 23:35,0,0,0,0,--,--,0,0,0,0,0,0,0,0,0,0,0,0,0,0,0,0,0,0,0,0,0,0,0,0,0,0,0,0,0,0,0,0,0,0,0,0,0,0,--,--,0,0,0,0,0,0,0,0,0,0,0,0
31/1/2026 23:40,0,0,0,0,--,--,0,0,0,0,0,0,0,0,0,0,0,0,0,0,0,0,0,0,0,0,0,0,0,0,0,0,0,0,0,0,0,0,0,0,0,0,0,0,--,--,0,0,0,0,0,0,0,0,0,0,0,0
31/1/2026 23:45,0,0,0,0,--,--,0,0,0,0,0,0,0,0,0,0,0,0,0,0,0,0,0,0,0,0,0,0,0,0,0,0,0,0,0,0,0,0,0,0,0,0,0,0,--,--,0,0,0,0,0,0,0,0,0,0,0,0
31/1/2026 23:50,0,0,0,0,--,--,0,0,0,0,0,0,0,0,0,0,0,0,0,0,0,0,0,0,0,0,0,0,0,0,0,0,0,0,0,0,0,0,0,0,0,0,0,0,--,--,0,0,0,0,0,0,0,0,0,0,0,0
31/1/2026 23:55,0,0,0,0,--,--,0,0,0,0,0,0,0,0,0,0,0,0,0,0,0,0,0,0,0,0,0,0,0,0,0,0,0,0,0,0,0,0,0,0,0,0,0,0,--,--,0,0,0,0,0,0,0,0,0,0,0,0
1/2/2026 0:00,--,--,--,--,--,--,--,--,--,--,--,--,--,--,--,--,--,--,--,--,--,--,--,--,--,--,--,--,--,--,--,--,--,--,--,--,--,--,--,--,--,--,--,--,--,--,--,--,--,--,--,--,--,--,--,--,--,--
1/2/2026 0:05,--,--,--,--,--,--,--,--,--,--,--,--,--,--,--,--,--,--,--,--,--,--,--,--,--,--,--,--,--,--,--,--,--,--,--,--,--,--,--,--,--,--,--,--,--,--,--,--,--,--,--,--,--,--,--,--,--,--
1/2/2026 0:10,--,--,--,--,--,--,--,--,--,--,--,--,--,--,--,--,--,--,--,--,--,--,--,--,--,--,--,--,--,--,--,--,--,--,--,--,--,--,--,--,--,--,--,--,--,--,--,--,--,--,--,--,--,--,--,--,--,--
1/2/2026 0:15,--,--,--,--,--,--,--,--,--,--,--,--,--,--,--,--,--,--,--,--,--,--,--,--,--,--,--,--,--,--,--,--,--,--,--,--,--,--,--,--,--,--,--,--,--,--,--,--,--,--,--,--,--,--,--,--,--,--
1/2/2026 0:20,0,0,0,0,--,--,0,0,0,0,0,0,0,0,0,0,0,0,0,0,0,0,0,0,0,0,0,0,0,0,0,0,0,0,0,0,0,0,0,0,0,0,0,0,--,--,0,0,0,0,0,0,0,0,0,0,0,0
1/2/2026 0:25,0,0,0,0,--,--,0,0,0,0,0,0,0,0,0,0,0,0,0,0,0,0,0,0,0,0,0,0,0,0,0,0,0,0,0,0,0,0,0,0,0,0,0,0,--,--,0,0,0,0,0,0,0,0,0,0,0,0
1/2/2026 0:30,0,0,0,0,--,--,0,0,0,0,0,0,0,0,0,0,0,0,0,0,0,0,0,0,0,0,0,0,0,0,0,0,0,0,0,0,0,0,0,0,0,0,0,0,--,--,0,0,0,0,0,0,0,0,0,0,0,0
1/2/2026 0:35,0,0,0,0,--,--,0,0,0,0,0,0,0,0,0,0,0,0,0,0,0,0,0,0,0,0,0,0,0,0,0,0,0,0,0,0,0,0,0,0,0,0,0,0,--,--,0,0,0,0,0,0,0,0,0,0,0,0
1/2/2026 0:40,0,0,0,0,--,--,0,0,0,0,0,0,0,0,0,0,0,0,0,0,0,0,0,0,0,0,0,0,0,0,0,0,0,0,0,0,0,0,0,0,0,0,0,0,--,--,0,0,0,0,0,0,0,0,0,0,0,0
1/2/2026 0:45,0,0,0,0,--,--,0,0,0,0,0,0,0,0,0,0,0,0,0,0,0,0,0,0,0,0,0,0,0,0,0,0,0,0,0,0,0,0,0,0,0,0,0,0,--,--,0,0,0,0,0,0,0,0,0,0,0,0
1/2/2026 0:50,0,0,0,0,--,--,0,0,0,0,0,0,0,0,0,0,0,0,0,0,0,0,0,0,0,0,0,0,0,0,0,0,0,0,0,0,0,0,0,0,0,0,0,0,--,--,0,0,0,0,0,0,0,0,0,0,0,0
1/2/2026 0:55,0,0,0,0,--,--,0,0,0,0,0,0,0,0,0,0,0,0,0,0,0,0,0,0,0,0,0,0,0,0,0,0,0,0,0,0,0,0,0,0,0,0,0,0,--,--,0,0,0,0,0,0,0,0,0,0,0,0
1/2/2026 1:00,0,0,0,0,--,--,0,0,0,0,0,0,0,0,0,0,0,0,0,0,0,0,0,0,0,0,0,0,0,0,0,0,0,0,0,0,0,0,0,0,0,0,0,0,--,--,0,0,0,0,0,0,0,0,0,0,0,0
1/2/2026 1:05,0,0,0,0,--,--,0,0,0,0,0,0,0,0,0,0,0,0,0,0,0,0,0,0,0,0,0,0,0,0,0,0,0,0,0,0,0,0,0,0,0,0,0,0,--,--,0,0,0,0,0,0,0,0,0,0,0,0
1/2/2026 1:10,0,0,0,0,--,--,0,0,0,0,0,0,0,0,0,0,0,0,0,0,0,0,0,0,0,0,0,0,0,0,0,0,0,0,0,0,0,0,0,0,0,0,0,0,--,--,0,0,0,0,0,0,0,0,0,0,0,0
1/2/2026 1:15,0,0,0,0,--,--,0,0,0,0,0,0,0,0,0,0,0,0,0,0,0,0,0,0,0,0,0,0,0,0,0,0,0,0,0,0,0,0,0,0,0,0,0,0,--,--,0,0,0,0,0,0,0,0,0,0,0,0
1/2/2026 1:20,0,0,0,0,--,--,0,0,0,0,0,0,0,0,0,0,0,0,0,0,0,0,0,0,0,0,0,0,0,0,0,0,0,0,0,0,0,0,0,0,0,0,0,0,--,--,0,0,0,0,0,0,0,0,0,0,0,0
1/2/2026 1:25,0,0,0,0,--,--,0,0,0,0,0,0,0,0,0,0,0,0,0,0,0,0,0,0,0,0,0,0,0,0,0,0,0,0,0,0,0,0,0,0,0,0,0,0,--,--,0,0,0,0,0,0,0,0,0,0,0,0
1/2/2026 1:30,0,0,0,0,--,--,0,0,0,0,0,0,0,0,0,0,0,0,0,0,0,0,0,0,0,0,0,0,0,0,0,0,0,0,0,0,0,0,0,0,0,0,0,0,--,--,0,0,0,0,0,0,0,0,0,0,0,0
1/2/2026 1:35,0,0,0,0,--,--,0,0,0,0,0,0,0,0,0,0,0,0,0,0,0,0,0,0,0,0,0,0,0,0,0,0,0,0,0,0,0,0,0,0,0,0,0,0,--,--,0,0,0,0,0,0,0,0,0,0,0,0
1/2/2026 1:40,0,0,0,0,--,--,0,0,0,0,0,0,0,0,0,0,0,0,0,0,0,0,0,0,0,0,0,0,0,0,0,0,0,0,0,0,0,0,0,0,0,0,0,0,--,--,0,0,0,0,0,0,0,0,0,0,0,0
1/2/2026 1:45,0,0,0,0,--,--,0,0,0,0,0,0,0,0,0,0,0,0,0,0,0,0,0,0,0,0,0,0,0,0,0,0,0,0,0,0,0,0,0,0,0,0,0,0,--,--,0,0,0,0,0,0,0,0,0,0,0,0
1/2/2026 1:50,0,0,0,0,--,--,0,0,0,0,0,0,0,0,0,0,0,0,0,0,0,0,0,0,0,0,0,0,0,0,0,0,0,0,0,0,0,0,0,0,0,0,0,0,--,--,0,0,0,0,0,0,0,0,0,0,0,0
1/2/2026 1:55,0,0,0,0,--,--,0,0,0,0,0,0,0,0,0,0,0,0,0,0,0,0,0,0,0,0,0,0,0,0,0,0,0,0,0,0,0,0,0,0,0,0,0,0,--,--,0,0,0,0,0,0,0,0,0,0,0,0
1/2/2026 2:00,0,0,0,0,--,--,0,0,0,0,0,0,0,0,0,0,0,0,0,0,0,0,0,0,0,0,0,0,0,0,0,0,0,0,0,0,0,0,0,0,0,0,0,0,--,--,0,0,0,0,0,0,0,0,0,0,0,0
1/2/2026 2:05,0,0,0,0,--,--,0,0,0,0,0,0,0,0,0,0,0,0,0,0,0,0,0,0,0,0,0,0,0,0,0,0,0,0,0,0,0,0,0,0,0,0,0,0,--,--,0,0,0,0,0,0,0,0,0,0,0,0
1/2/2026 2:10,0,0,0,0,--,--,0,0,0,0,0,0,0,0,0,0,0,0,0,0,0,0,0,0,0,0,0,0,0,0,0,0,0,0,0,0,0,0,0,0,0,0,0,0,--,--,0,0,0,0,0,0,0,0,0,0,0,0
1/2/2026 2:15,0,0,0,0,--,--,0,0,0,0,0,0,0,0,0,0,0,0,0,0,0,0,0,0,0,0,0,0,0,0,0,0,0,0,0,0,0,0,0,0,0,0,0,0,--,--,0,0,0,0,0,0,0,0,0,0,0,0
1/2/2026 2:20,0,0,0,0,--,--,0,0,0,0,0,0,0,0,0,0,0,0,0,0,0,0,0,0,0,0,0,0,0,0,0,0,0,0,0,0,0,0,0,0,0,0,0,0,--,--,0,0,0,0,0,0,0,0,0,0,0,0
1/2/2026 2:25,0,0,0,0,--,--,0,0,0,0,0,0,0,0,0,0,0,0,0,0,0,0,0,0,0,0,0,0,0,0,0,0,0,0,0,0,0,0,0,0,0,0,0,0,--,--,0,0,0,0,0,0,0,0,0,0,0,0
1/2/2026 2:30,0,0,0,0,--,--,0,0,0,0,0,0,0,0,0,0,0,0,0,0,0,0,0,0,0,0,0,0,0,0,0,0,0,0,0,0,0,0,0,0,0,0,0,0,--,--,0,0,0,0,0,0,0,0,0,0,0,0
1/2/2026 2:35,0,0,0,0,--,--,0,0,0,0,0,0,0,0,0,0,0,0,0,0,0,0,0,0,0,0,0,0,0,0,0,0,0,0,0,0,0,0,0,0,0,0,0,0,--,--,0,0,0,0,0,0,0,0,0,0,0,0
1/2/2026 2:40,0,0,0,0,--,--,0,0,0,0,0,0,0,0,0,0,0,0,0,0,0,0,0,0,0,0,0,0,0,0,0,0,0,0,0,0,0,0,0,0,0,0,0,0,--,--,0,0,0,0,0,0,0,0,0,0,0,0
1/2/2026 2:45,0,0,0,0,--,--,0,0,0,0,0,0,0,0,0,0,0,0,0,0,0,0,0,0,0,0,0,0,0,0,0,0,0,0,0,0,0,0,0,0,0,0,0,0,--,--,0,0,0,0,0,0,0,0,0,0,0,0
1/2/2026 2:50,0,0,0,0,--,--,0,0,0,0,0,0,0,0,0,0,0,0,0,0,0,0,0,0,0,0,0,0,0,0,0,0,0,0,0,0,0,0,0,0,0,0,0,0,--,--,0,0,0,0,0,0,0,0,0,0,0,0
1/2/2026 2:55,0,0,0,0,--,--,0,0,0,0,0,0,0,0,0,0,0,0,0,0,0,0,0,0,0,0,0,0,0,0,0,0,0,0,0,0,0,0,0,0,0,0,0,0,--,--,0,0,0,0,0,0,0,0,0,0,0,0
1/2/2026 3:00,0,0,0,0,--,--,0,0,0,0,0,0,0,0,0,0,0,0,0,0,0,0,0,0,0,0,0,0,0,0,0,0,0,0,0,0,0,0,0,0,0,0,0,0,--,--,0,0,0,0,0,0,0,0,0,0,0,0
1/2/2026 3:05,0,0,0,0,--,--,0,0,0,0,0,0,0,0,0,0,0,0,0,0,0,0,0,0,0,0,0,0,0,0,0,0,0,0,0,0,0,0,0,0,0,0,0,0,--,--,0,0,0,0,0,0,0,0,0,0,0,0
1/2/2026 3:10,0,0,0,0,--,--,0,0,0,0,0,0,0,0,0,0,0,0,0,0,0,0,0,0,0,0,0,0,0,0,0,0,0,0,0,0,0,0,0,0,0,0,0,0,--,--,0,0,0,0,0,0,0,0,0,0,0,0
1/2/2026 3:15,0,0,0,0,--,--,0,0,0,0,0,0,0,0,0,0,0,0,0,0,0,0,0,0,0,0,0,0,0,0,0,0,0,0,0,0,0,0,0,0,0,0,0,0,--,--,0,0,0,0,0,0,0,0,0,0,0,0
1/2/2026 3:20,0,0,0,0,--,--,0,0,0,0,0,0,0,0,0,0,0,0,0,0,0,0,0,0,0,0,0,0,0,0,0,0,0,0,0,0,0,0,0,0,0,0,0,0,--,--,0,0,0,0,0,0,0,0,0,0,0,0
1/2/2026 3:25,0,0,0,0,--,--,0,0,0,0,0,0,0,0,0,0,0,0,0,0,0,0,0,0,0,0,0,0,0,0,0,0,0,0,0,0,0,0,0,0,0,0,0,0,--,--,0,0,0,0,0,0,0,0,0,0,0,0
1/2/2026 3:30,0,0,0,0,--,--,0,0,0,0,0,0,0,0,0,0,0,0,0,0,0,0,0,0,0,0,0,0,0,0,0,0,0,0,0,0,0,0,0,0,0,0,0,0,--,--,0,0,0,0,0,0,0,0,0,0,0,0
1/2/2026 3:35,0,0,0,0,--,--,0,0,0,0,0,0,0,0,0,0,0,0,0,0,0,0,0,0,0,0,0,0,0,0,0,0,0,0,0,0,0,0,0,0,0,0,0,0,--,--,0,0,0,0,0,0,0,0,0,0,0,0
1/2/2026 3:40,0,0,0,0,--,--,0,0,0,0,0,0,0,0,0,0,0,0,0,0,0,0,0,0,0,0,0,0,0,0,0,0,0,0,0,0,0,0,0,0,0,0,0,0,--,--,0,0,0,0,0,0,0,0,0,0,0,0
1/2/2026 3:45,0,0,0,0,--,--,0,0,0,0,0,0,0,0,0,0,0,0,0,0,0,0,0,0,0,0,0,0,0,0,0,0,0,0,0,0,0,0,0,0,0,0,0,0,--,--,0,0,0,0,0,0,0,0,0,0,0,0
1/2/2026 3:50,0,0,0,0,--,--,0,0,0,0,0,0,0,0,0,0,0,0,0,0,0,0,0,0,0,0,0,0,0,0,0,0,0,0,0,0,0,0,0,0,0,0,0,0,--,--,0,0,0,0,0,0,0,0,0,0,0,0
1/2/2026 3:55,0,0,0,0,--,--,0,0,0,0,0,0,0,0,0,0,0,0,0,0,0,0,0,0,0,0,0,0,0,0,0,0,0,0,0,0,0,0,0,0,0,0,0,0,--,--,0,0,0,0,0,0,0,0,0,0,0,0
1/2/2026 4:00,0,0,0,0,--,--,0,0,0,0,0,0,0,0,0,0,0,0,0,0,0,0,0,0,0,0,0,0,0,0,0,0,0,0,0,0,0,0,0,0,0,0,0,0,--,--,0,0,0,0,0,0,0,0,0,0,0,0
1/2/2026 4:05,0,0,0,0,--,--,0,0,0,0,0,0,0,0,0,0,0,0,0,0,0,0,0,0,0,0,0,0,0,0,0,0,0,0,0,0,0,0,0,0,0,0,0,0,--,--,0,0,0,0,0,0,0,0,0,0,0,0
1/2/2026 4:10,0,0,0,0,--,--,0,0,0,0,0,0,0,0,0,0,0,0,0,0,0,0,0,0,0,0,0,0,0,0,0,0,0,0,0,0,0,0,0,0,0,0,0,0,--,--,0,0,0,0,0,0,0,0,0,0,0,0
1/2/2026 4:15,0,0,0,0,--,--,0,0,0,0,0,0,0,0,0,0,0,0,0,0,0,0,0,0,0,0,0,0,0,0,0,0,0,0,0,0,0,0,0,0,0,0,0,0,--,--,0,0,0,0,0,0,0,0,0,0,0,0
1/2/2026 4:20,0,0,0,0,--,--,0,0,0,0,0,0,0,0,0,0,0,0,0,0,0,0,0,0,0,0,0,0,0,0,0,0,0,0,0,0,0,0,0,0,0,0,0,0,--,--,0,0,0,0,0,0,0,0,0,0,0,0
1/2/2026 4:25,0,0,0,0,--,--,0,0,0,0,0,0,0,0,0,0,0,0,0,0,0,0,0,0,0,0,0,0,0,0,0,0,0,0,0,0,0,0,0,0,0,0,0,0,--,--,0,0,0,0,0,0,0,0,0,0,0,0
1/2/2026 4:30,0,0,0,0,--,--,0,0,0,0,0,0,0,0,0,0,0,0,0,0,0,0,0,0,0,0,0,0,0,0,0,0,0,0,0,0,0,0,0,0,0,0,0,0,--,--,0,0,0,0,0,0,0,0,0,0,0,0
1/2/2026 4:35,0,0,0,0,--,--,0,0,0,0,0,0,0,0,0,0,0,0,0,0,0,0,0,0,0,0,0,0,0,0,0,0,0,0,0,0,0,0,0,0,0,0,0,0,--,--,0,0,0,0,0,0,0,0,0,0,0,0
1/2/2026 4:40,0,0,0,0,--,--,0,0,0,0,0,0,0,0,0,0,0,0,0,0,0,0,0,0,0,0,0,0,0,0,0,0,0,0,0,0,0,0,0,0,0,0,0,0,--,--,0,0,0,0,0,0,0,0,0,0,0,0
1/2/2026 4:45,0,0,0,0,--,--,0,0,0,0,0,0,0,0,0,0,0,0,0,0,0,0,0,0,0,0,0,0,0,0,0,0,0,0,0,0,0,0,0,0,0,0,0,0,--,--,0,0,0,0,0,0,0,0,0,0,0,0
1/2/2026 4:50,0,0,0,0,--,--,0,0,0,0,0,0,0,0,0,0,0,0,0,0,0,0,0,0,0,0,0,0,0,0,0,0,0,0,0,0,0,0,0,0,0,0,0,0,--,--,0,0,0,0,0,0,0,0,0,0,0,0
1/2/2026 4:55,0,0,0,0,--,--,0,0,0,0,0,0,0,0,0,0,0,0,0,0,0,0,0,0,0,0,0,0,0,0,0,0,0,0,0,0,0,0,0,0,0,0,0,0,--,--,0,0,0,0,0,0,0,0,0,0,0,0
1/2/2026 5:00,0,0,0,0,--,--,0,0,0,0,0,0,0,0,0,0,0,0,0,0,0,0,0,0,0,0,0,0,0,0,0,0,0,0,0,0,0,0,0,0,0,0,0,0,--,--,0,0,0,0,0,0,0,0,0,0,0,0
1/2/2026 5:05,0,0,0,0,--,--,0,0,0,0,0,0,0,0,0,0,0,0,0,0,0,0,0,0,0,0,0,0,0,0,0,0,0,0,0,0,0,0,0,0,0,0,0,0,--,--,0,0,0,0,0,0,0,0,0,0,0,0
1/2/2026 5:10,0,0,0,0,--,--,0,0,0,0,0,0,0,0,0,0,0,0,0,0,0,0,0,0,0,0,0,0,0,0,0,0,0,0,0,0,0,0,0,0,0,0,0,0,--,--,0,0,0,0,0,0,0,0,0,0,0,0
1/2/2026 5:15,0,0,0,0,--,--,0,0,0,0,0,0,0,0,0,0,0,0,0,0,0,0,0,0,0,0,0,0,0,0,0,0,0,0,0,0,0,0,0,0,0,0,0,0,--,--,0,0,0,0,0,0,0,0,0,0,0,0
1/2/2026 5:20,0,0,0,0,--,--,0,0,0,0,0,0,0,0,0,0,0,0,0,0,0,0,0,0,0,0,0,0,0,0,0,0,0,0,0,0,0,0,0,0,0,0,0,0,--,--,0,0,0,0,0,0,0,0,0,0,0,0
1/2/2026 5:25,0,0,0,0,--,--,0,0,0,0,0,0,0,0,0,0,0,0,0,0,0,0,0,0,0,0,0,0,0,0,0,0,0,0,0,0,0,0,0,0,0,0,0,0,--,--,0,0,0,0,0,0,0,0,0,0,0,0
1/2/2026 5:30,0,0,0,0,--,--,0,0,0,0,0,0,0,0,0,0,0,0,0,0,0,0,0,0,0,0,0,0,0,0,0,0,0,0,0,0,0,0,0,0,0,0,0,0,--,--,0,0,0,0,0,0,0,0,0,0,0,0
1/2/2026 5:35,0,0,0,0,--,--,0,0,0,0,0,0,0,0,0,0,0,0,0,0,0,0,0,0,0,0,0,0,0,0,0,0,0,0,0,0,0,0,0,0,0,0,0,0,--,--,0,0,0,0,0,0,0,0,0,0,0,0
1/2/2026 5:40,0,0,0,0,--,--,0,0,0,0,0,0,0,0,0,0,0,0,0,0,0,0,0,0,0,0,0,0,0,0,0,0,0,0,0,0,0,0,0,0,0,0,0,0,--,--,0,0,0,0,0,0,0,0,0,0,0,0
1/2/2026 5:45,0,0,0,0,--,--,0,0,0,0,0,0,0,0,0,0,0,0,0,0,0,0,0,0,0,0,0,0,0,0,0,0,0,0,0,0,0,0,0,0,0,0,0,0,--,--,0,0,0,0,0,0,0,0,0,0,0,0
1/2/2026 5:50,0,0,0,0,--,--,0,0,0,0,0,0,0,0,0,0,0,0,0,0,0,0,0,0,0,0,0,0,0,0,0,0,0,0,0,0,0,0,0,0,0,0,0,0,--,--,0,0,0,0,0,0,0,0,0,0,0,0
1/2/2026 5:55,0,0,0,0,--,--,0,0,0,0,0,0,0,0,0,0,0,0,0,0,0,0,0,0,0,0,0,0,0,0,0,0,0,0,0,0,0,0,0,0,0,0,0,0,--,--,0,0,0,0,0,0,0,0,0,0,0,0
1/2/2026 6:00,0,0,0,0,--,--,0,0,0,0,0,0,0,0,0,0,0,0,0,0,0,0,0,0,0,0,0,0,0,0,0,0,0,0,0,0,0,0,0,0,0,0,0,0,--,--,0,0,0,0,0,0,0,0,0,0,0,0
1/2/2026 6:05,0,0,0,0,--,--,0,0,0,0,0,0,0,0,0,0,0,0,0,0,0,0,0,0,0,0,0,0,0,0,0,0,0,0,0,0,0,0,0,0,0,0,0,0,--,--,0,0,0,0,0,0,0,0,0,0,0,0
1/2/2026 6:10,0,0,0,0,--,--,0,0,0,0,0,0,0,0,0,0,0,0,0,0,0,0,0,0,0,0,0,0,0,0,0,0,0,0,0,0,0,0,0,0,0,0,0,0,--,--,0,0,0,0,0,0,0,0,0,0,0,0
1/2/2026 6:15,0,0,0,0,--,--,0,0,0,0,0,0,0,0,0,0,0,0,0,0,0,0,0,0,0,0,0,0,0,0,0,0,0,0,0,0,0,0,0,0,0,0,0,0,--,--,0,0,0,0,0,0,0,0,0,0,0,0
1/2/2026 6:20,0,0,0,0,--,--,0,0,0,0,0,0,0,0,0,0,0,0,0,0,0,0,0,0,0,0,0,0,0,0,0,0,0,0,0,0,0,0,0,0,0,0,0,0,--,--,0,0,0,0,0,0,0,0,0,0,0,0
1/2/2026 6:25,0,0,0,0,--,--,0,0,0,0,0,0,0,0,0,0,0,0,0,0,0,0,0,0,0,0,0,0,0,0,0,0,0,0,0,0,0,0,0,0,0,0,0,0,--,--,0,0,0,0,0,0,0,0,0,0,0,0
1/2/2026 6:30,0,0,0,0,--,--,0,0,0,0,0,0,0,0,0,0,0,0,0,0,0,0,0,0,0,0,0,0,0,0,0,0,0,0,0,0,0,0,0,0,0,0,0,0,--,--,0,0,0,0,0,0,0,0,0,0,0,0
1/2/2026 6:35,0,0,0,0,--,--,0,0,0,0,0,0,0,0,0,0,0,0,0,0,0,0,0,0,0,0,0,0,0,0,0,0,0,0,0,0,0,0,0,0,0,0,0,0,--,--,0,0,0,0,0,0,0,0,0,0,0,0
1/2/2026 6:40,0,0,0,0,--,--,0,0,0,0,0,0,0,0,0,0,0,0,0,0,0,0,0,0,0,0,0,0,0,0,0,0,0,0,0,0,0,0,0,0,0,0,0,0,--,--,0,0,0,0,0,0,0,0,0,0,0,0
1/2/2026 6:45,0,0,0,0,--,--,0,0,0,0,0,0,0,0,0,0,0,0,0,0,0,0,0,0,0,0,0,0,0,0,0,0,0,0,0,0,0,0,0,0,0,0,0,0,--,--,0,0,0,0,0,0,0,0,0,0,0,0
1/2/2026 6:50,0,0,0,0,--,--,0,0,0,0,0,0,0,0,0,0,0,0,0,0,0,0,0,0,0,0,0,0,0,0,0,0,0,0,0,0,0,0,0,0,0,0,0,0,--,--,0,0,0,0,0,0,0,0,0,0,0,0
1/2/2026 6:55,0,0,0,0,--,--,0,0,0,0,0,0,0,0,0,0,0,0,0,0,0,0,0,0,0,0,0,0,0,0,0,0,0,0,0,0,0,0,0,0,0,0,0,0,--,--,0,0,0,0,0,0,0,0,0,0,0,0
1/2/2026 7:00,0,0,0,0,--,--,0,0,0,0,0,0,0,0,0,0,0,0,0,0,0,0,0,0,0,0,0,0,0,0,0,0,0,0,0,0,0,0,0,0,0,0,0,0,--,--,0,0,0,0,0,0,0,0,0,0,0,0
1/2/2026 7:05,0,0,0,0,--,--,0,0,0,0,0,0,0,0,0,0,0,0,0,0,0,0,0,0,0,0,0,0,0,0,0,0,0,0,0,0,0,0,0,0,0,0,0,0,--,--,0,0,0,0,0,0,0,0,0,0,0,0
1/2/2026 7:10,0,0,0,0,--,--,0,0,0,0,0,0,0,0,0,0,0,0,0,0,0,0,0,0,0,0,0,0,0,0,0,0,0,0,0,0,0,0,0,0,0,0,0,0,--,--,0,0,0,0,0,0,0,0,0,0,0,0
1/2/2026 7:15,0,0,0,0,--,--,0,0,0,0,0,0,0,0,0,0,0,0,0,0,0,0,0,0,0,0,0,0,0,0,0,0,0,0,0,0,0,0,0,0,0,0,0,0,--,--,0,0,0,0,0,0,0,0,0,0,0,0
1/2/2026 7:20,0,0,0,0,0,0,0,0,0,0,0,0,0,0,0,0,0,0,0.391,0.356,0,0,0,0,0,0,0.333,0.3,0,0,0,0,0,0,0.071,0.044,0,0,0,0,0,0,0,0,0,0,0,0,0,0,0,0,0,0,0,0,0.407,0.356
1/2/2026 7:25,0,0,0,0,0,0,0,0,0,0,0,0,0,0,0,0,0,0,0.391,0.356,0,0,0,0,0,0,0.333,0.3,0,0,0,0,0,0,0.071,0.044,0,0,0,0,0,0,0,0,0,0,0,0,0,0,0,0,0,0,0,0,0.407,0.356
1/2/2026 7:30,0,0,0,0,0,0,0,0,0,0,0,0,0,0,0,0,0,0,0.391,0.356,0,0,0,0,0,0,0.333,0.3,0,0,0,0,0,0,0.071,0.044,0,0,0,0,0,0,0,0,0,0,0,0,0,0,0,0,0,0,0,0,0.407,0.356
1/2/2026 7:35,0,0,0,0,3.157,3.06,0,0,0,0,0,0,0,0,0,0,0,0,7.842,7.68,0,0,0,0,0,0,7.789,7.588,0,0,0,0,7.18,6.992,7.634,7.436,6.621,6.444,0,0,0,0,6.754,6.576,0,0,0,0,0,0,0,0,0,0,0,0,7.822,7.62
1/2/2026 7:40,0,0,0,0,3.157,3.06,0,0,0,0,0,0,0,0,0,0,0,0,7.842,7.68,0,0,0,0,0,0,7.789,7.588,0,0,0,0,7.18,6.992,7.634,7.436,6.621,6.444,0,0,0,0,6.754,6.576,0,0,0,0,0,0,0,0,0,0,0,0,7.822,7.62
1/2/2026 7:45,0,0,0,0,3.157,3.06,0,0,0,0,0,0,0,0,0,0,0,0,7.842,7.68,0,0,0,0,0,0,7.789,7.588,0,0,0,0,7.18,6.992,7.634,7.436,6.621,6.444,0,0,0,0,6.754,6.576,0,0,0,0,0,0,0,0,0,0,0,0,7.822,7.62
1/2/2026 7:50,0,0,0,0,19.172,18.708,0,0,0,0,0,0,0,0,0,0,0,0,49.457,48.504,0,0,0,0,0,0,44.999,44.084,0,0,0,0,49.138,48.188,51.612,50.456,50.307,49.348,0,0,0,0,41.724,40.844,0,0,0,0,0,0,0,0,0,0,0,0,48.373,47.428
1/2/2026 7:55,0,0,0,0,19.172,18.708,0,0,0,0,0,0,0,0,0,0,0,0,49.457,48.504,0,0,0,0,0,0,44.999,44.084,0,0,0,0,49.138,48.188,51.612,50.456,50.307,49.348,0,0,0,0,41.724,40.844,0,0,0,0,0,0,0,0,0,0,0,0,48.373,47.428
1/2/2026 8:00,0,0,0,0,19.172,18.708,0,0,0,0,0,0,0,0,0,0,0,0,49.457,48.504,0,0,0,0,0,0,44.999,44.084,0,0,0,0,49.138,48.188,51.612,50.456,50.307,49.348,0,0,0,0,41.724,40.844,0,0,0,0,0,0,0,0,0,0,0,0,48.373,47.428
1/2/2026 8:05,0,0,0,0,46.377,45.396,0,0,0,0,0,0,0,0,0,0,0,0,95.828,94.648,0,0,0,0,0,0,97.523,96.488,0,0,0,0,95.941,94.392,95.508,93.964,87.47,85.944,0,0,0,0,92.957,91.448,0,0,0,0,0,0,0,0,0,0,0,0,99.1,97.056
1/2/2026 8:10,0,0,0,0,46.377,45.396,0,0,0,0,0,0,0,0,0,0,0,0,95.828,94.648,0,0,0,0,0,0,97.523,96.488,0,0,0,0,95.941,94.392,95.508,93.964,87.47,85.944,0,0,0,0,92.957,91.448,0,0,0,0,0,0,0,0,0,0,0,0,99.1,97.056
1/2/2026 8:15,0,0,0,0,46.377,45.396,0,0,0,0,0,0,0,0,0,0,0,0,95.828,94.648,0,0,0,0,0,0,97.523,96.488,0,0,0,0,95.941,94.392,95.508,93.964,87.47,85.944,0,0,0,0,92.957,91.448,0,0,0,0,0,0,0,0,0,0,0,0,99.1,97.056
1/2/2026 8:20,0,0,0,0,32.372,31.556,0,0,0,0,0,0,0,0,0,0,0,0,73.296,72.064,0,0,0,0,0,0,69.894,68.712,0,0,0,0,69.947,68.944,72.65,71.428,69.581,68.476,0,0,0,0,64.254,63.476,0,0,0,0,0,0,0,0,0,0,0,0,69.773,68.592
1/2/2026 8:25,0,0,0,0,32.372,31.556,0,0,0,0,0,0,0,0,0,0,0,0,73.296,72.064,0,0,0,0,0,0,69.894,68.712,0,0,0,0,69.947,68.944,72.65,71.428,69.581,68.476,0,0,0,0,64.254,63.476,0,0,0,0,0,0,0,0,0,0,0,0,69.773,68.592
1/2/2026 8:30,0,0,0,0,32.372,31.556,0,0,0,0,0,0,0,0,0,0,0,0,73.296,72.064,0,0,0,0,0,0,69.894,68.712,0,0,0,0,69.947,68.944,72.65,71.428,69.581,68.476,0,0,0,0,64.254,63.476,0,0,0,0,0,0,0,0,0,0,0,0,69.773,68.592
1/2/2026 8:35,0,0,0,0,56.063,55.28,0,0,0,0,0,0,0,0,0,0,0,0,172.523,169.94,0,0,0,0,0,0,118.128,116.292,0,0,0,0,115.41,113.608,175.873,152.588,121.655,119.776,0,0,0,0,113.133,111.36,0,0,0,0,0,0,0,0,0,0,0,0,115.107,114.816
1/2/2026 8:40,0,0,0,0,56.063,55.28,0,0,0,0,0,0,0,0,0,0,0,0,172.523,169.94,0,0,0,0,0,0,118.128,116.292,0,0,0,0,115.41,113.608,175.873,152.588,121.655,119.776,0,0,0,0,113.133,111.36,0,0,0,0,0,0,0,0,0,0,0,0,115.107,114.816
1/2/2026 8:45,0,0,0,0,56.063,55.28,0,0,0,0,0,0,0,0,0,0,0,0,172.523,169.94,0,0,0,0,0,0,118.128,116.292,0,0,0,0,115.41,113.608,175.873,152.588,121.655,119.776,0,0,0,0,113.133,111.36,0,0,0,0,0,0,0,0,0,0,0,0,115.107,114.816
1/2/2026 8:50,102.837,101.352,116.574,114.948,94.478,93.028,0,0,106.321,104.8,0,0,116.25,114.628,0,0,110.158,108.364,117.864,115.976,0,0,0,0,0,0,102.936,101.356,0,0,0,0,116.416,114.6,80.648,79.308,115.022,114.136,0,0,81.407,80.168,107.357,105.656,0,0,0,0,0,0,0,0,0,0,80.144,78.92,110.498,108.7
1/2/2026 8:55,102.837,101.352,116.574,114.948,94.478,93.028,0,0,106.321,104.8,0,0,116.25,114.628,0,0,110.158,108.364,117.864,115.976,0,0,0,0,0,0,102.936,101.356,0,0,0,0,116.416,114.6,80.648,79.308,115.022,114.136,0,0,81.407,80.168,107.357,105.656,0,0,0,0,0,0,0,0,0,0,80.144,78.92,110.498,108.7
1/2/2026 9:00,102.837,101.352,116.574,114.948,94.478,93.028,0,0,106.321,104.8,0,0,116.25,114.628,0,0,110.158,108.364,117.864,115.976,0,0,0,0,0,0,102.936,101.356,0,0,0,0,116.416,114.6,80.648,79.308,115.022,114.136,0,0,81.407,80.168,107.357,105.656,0,0,0,0,0,0,0,0,0,0,80.144,78.92,110.498,108.7
1/2/2026 9:05,99.942,98.28,107.517,105.756,64.038,62.852,69.037,67.812,69.065,67.84,117.173,115.292,117.675,115.788,105.041,103.312,102.168,100.476,118.687,116.684,0,0,111.458,109.648,0,0,99.448,98.136,0,0,104.105,102.388,106.751,105.248,120.832,120.084,110.685,108.884,0,0,123.164,121.212,69.914,68.676,64.142,62.992,68.874,67.652,0,0,0,0,100.891,99.216,121.407,119.476,102.075,100.548
1/2/2026 9:10,99.942,98.28,107.517,105.756,64.038,62.852,69.037,67.812,69.065,67.84,117.173,115.292,117.675,115.788,105.041,103.312,102.168,100.476,118.687,116.684,0,0,111.458,109.648,0,0,99.448,98.136,0,0,104.105,102.388,106.751,105.248,120.832,120.084,110.685,108.884,0,0,123.164,121.212,69.914,68.676,64.142,62.992,68.874,67.652,0,0,0,0,100.891,99.216,121.407,119.476,102.075,100.548
1/2/2026 9:15,99.942,98.28,107.517,105.756,64.038,62.852,69.037,67.812,69.065,67.84,117.173,115.292,117.675,115.788,105.041,103.312,102.168,100.476,118.687,116.684,0,0,111.458,109.648,0,0,99.448,98.136,0,0,104.105,102.388,106.751,105.248,120.832,120.084,110.685,108.884,0,0,123.164,121.212,69.914,68.676,64.142,62.992,68.874,67.652,0,0,0,0,100.891,99.216,121.407,119.476,102.075,100.548
1/2/2026 9:20,321.597,316.244,296.072,291.216,302.254,297.28,226.461,222.892,259.602,255.432,297.842,292.952,302.503,297.524,307.618,302.54,315.373,310.144,304.93,299.904,296.145,291.288,303.009,298.02,307.688,302.608,319.632,314.32,303.062,298.072,311.983,306.82,300.965,296.016,334.54,328.904,307.092,301.952,318.127,312.844,330.323,324.78,264.978,260.708,304.208,299.196,222.002,218.512,330.675,325.124,311.207,306.06,320.886,315.548,334.389,328.756,314.284,310.896
1/2/2026 9:25,321.597,316.244,296.072,291.216,302.254,297.28,226.461,222.892,259.602,255.432,297.842,292.952,302.503,297.524,307.618,302.54,315.373,310.144,304.93,299.904,296.145,291.288,303.009,298.02,307.688,302.608,319.632,314.32,303.062,298.072,311.983,306.82,300.965,296.016,334.54,328.904,307.092,301.952,318.127,312.844,330.323,324.78,264.978,260.708,304.208,299.196,222.002,218.512,330.675,325.124,311.207,306.06,320.886,315.548,334.389,328.756,314.284,310.896
1/2/2026 9:30,321.597,316.244,296.072,291.216,302.254,297.28,226.461,222.892,259.602,255.432,297.842,292.952,302.503,297.524,307.618,302.54,315.373,310.144,304.93,299.904,296.145,291.288,303.009,298.02,307.688,302.608,319.632,314.32,303.062,298.072,311.983,306.82,300.965,296.016,334.54,328.904,307.092,301.952,318.127,312.844,330.323,324.78,264.978,260.708,304.208,299.196,222.002,218.512,330.675,325.124,311.207,306.06,320.886,315.548,334.389,328.756,314.284,310.896
1/2/2026 9:35,254.121,250.052,352.063,346.036,380.274,373.596,374.327,367.788,375.843,369.268,279.186,274.652,248.029,244.072,387.039,380.2,299.28,294.364,243.519,239.644,291.1,286.34,350.058,344.076,264.961,260.692,247.968,244.012,351.532,345.516,271.784,267.388,349.882,343.904,269.175,264.828,351.982,345.956,314.813,309.596,276.944,272.452,378.444,371.784,384.658,377.876,375.105,368.548,278.86,274.332,388.231,381.364,322.087,316.724,270.369,266,303.44,298.444
1/2/2026 9:40,254.121,250.052,352.063,346.036,380.274,373.596,374.327,367.788,375.843,369.268,279.186,274.652,248.029,244.072,387.039,380.2,299.28,294.364,243.519,239.644,291.1,286.34,350.058,344.076,264.961,260.692,247.968,244.012,351.532,345.516,271.784,267.388,349.882,343.904,269.175,264.828,351.982,345.956,314.813,309.596,276.944,272.452,378.444,371.784,384.658,377.876,375.105,368.548,278.86,274.332,388.231,381.364,322.087,316.724,270.369,266,303.44,298.444
1/2/2026 9:45,254.121,250.052,352.063,346.036,380.274,373.596,374.327,367.788,375.843,369.268,279.186,274.652,248.029,244.072,387.039,380.2,299.28,294.364,243.519,239.644,291.1,286.34,350.058,344.076,264.961,260.692,247.968,244.012,351.532,345.516,271.784,267.388,349.882,343.904,269.175,264.828,351.982,345.956,314.813,309.596,276.944,272.452,378.444,371.784,384.658,377.876,375.105,368.548,278.86,274.332,388.231,381.364,322.087,316.724,270.369,266,303.44,298.444
1/2/2026 9:50,151.967,149.648,128.085,126.128,162.162,161.476,135.236,133.18,134.129,132.088,138.335,136.236,136.928,134.848,127.206,125.26,137.1,134.972,138.469,136.368,138.781,136.676,110.881,109.136,137.829,135.692,151.035,148.792,107.749,106.044,139.859,137.696,127.939,125.984,130.316,128.328,111.056,109.216,149.394,147.108,129.212,127.24,134.895,132.844,164.997,162.528,134.814,132.764,129.659,127.68,127.995,126.04,151.047,148.74,130.279,128.292,137.558,135.424
1/2/2026 9:55,151.967,149.648,128.085,126.128,162.162,161.476,135.236,133.18,134.129,132.088,138.335,136.236,136.928,134.848,127.206,125.26,137.1,134.972,138.469,136.368,138.781,136.676,110.881,109.136,137.829,135.692,151.035,148.792,107.749,106.044,139.859,137.696,127.939,125.984,130.316,128.328,111.056,109.216,149.394,147.108,129.212,127.24,134.895,132.844,164.997,162.528,134.814,132.764,129.659,127.68,127.995,126.04,151.047,148.74,130.279,128.292,137.558,135.424
1/2/2026 10:00,151.967,149.648,128.085,126.128,162.162,161.476,135.236,133.18,134.129,132.088,138.335,136.236,136.928,134.848,127.206,125.26,137.1,134.972,138.469,136.368,138.781,136.676,110.881,109.136,137.829,135.692,151.035,148.792,107.749,106.044,139.859,137.696,127.939,125.984,130.316,128.328,111.056,109.216,149.394,147.108,129.212,127.24,134.895,132.844,164.997,162.528,134.814,132.764,129.659,127.68,127.995,126.04,151.047,148.74,130.279,128.292,137.558,135.424
1/2/2026 10:05,259.643,255.472,144.399,142.176,345.362,341.096,152.737,150.408,148.301,146.028,203.054,199.896,167.413,164.868,143.706,141.492,172.162,169.536,171.21,168.6,202.167,199.024,134.977,132.876,171.067,168.46,262.504,252.592,134.336,132.244,174.449,171.784,143.82,141.604,161.55,159.104,134.697,132.86,252.227,248.192,163.69,161.208,146.449,146.62,349.541,343.756,157.08,154.696,164.333,161.84,145.157,142.924,256.297,252.188,162.067,159.612,172.915,170.276
1/2/2026 10:10,259.643,255.472,144.399,142.176,345.362,341.096,152.737,150.408,148.301,146.028,203.054,199.896,167.413,164.868,143.706,141.492,172.162,169.536,171.21,168.6,202.167,199.024,134.977,132.876,171.067,168.46,262.504,252.592,134.336,132.244,174.449,171.784,143.82,141.604,161.55,159.104,134.697,132.86,252.227,248.192,163.69,161.208,146.449,146.62,349.541,343.756,157.08,154.696,164.333,161.84,145.157,142.924,256.297,252.188,162.067,159.612,172.915,170.276
1/2/2026 10:15,259.643,255.472,144.399,142.176,345.362,341.096,152.737,150.408,148.301,146.028,203.054,199.896,167.413,164.868,143.706,141.492,172.162,169.536,171.21,168.6,202.167,199.024,134.977,132.876,171.067,168.46,262.504,252.592,134.336,132.244,174.449,171.784,143.82,141.604,161.55,159.104,134.697,132.86,252.227,248.192,163.69,161.208,146.449,146.62,349.541,343.756,157.08,154.696,164.333,161.84,145.157,142.924,256.297,252.188,162.067,159.612,172.915,170.276
1/2/2026 10:20,148.56,146.284,152.166,149.844,139.422,137.264,142.657,140.456,142.681,140.48,155.374,153.012,153.742,151.4,150.703,148.4,150.335,148.036,155.852,153.484,156.107,153.736,146.469,144.22,150.477,148.176,147.649,145.396,146.506,144.256,152.997,150.664,152.044,150.172,159.185,156.952,146.303,144.292,147.199,144.94,157.019,154.636,143.508,141.296,140.383,138.212,141.866,139.676,157.974,155.58,151.801,149.484,148.325,146.052,159.165,156.756,150.683,148.38
1/2/2026 10:25,148.56,146.284,152.166,149.844,139.422,137.264,142.657,140.456,142.681,140.48,155.374,153.012,153.742,151.4,150.703,148.4,150.335,148.036,155.852,153.484,156.107,153.736,146.469,144.22,150.477,148.176,147.649,145.396,146.506,144.256,152.997,150.664,152.044,150.172,159.185,156.952,146.303,144.292,147.199,144.94,157.019,154.636,143.508,141.296,140.383,138.212,141.866,139.676,157.974,155.58,151.801,149.484,148.325,146.052,159.165,156.756,150.683,148.38
1/2/2026 10:30,148.56,146.284,152.166,149.844,139.422,137.264,142.657,140.456,142.681,140.48,155.374,153.012,153.742,151.4,150.703,148.4,150.335,148.036,155.852,153.484,156.107,153.736,146.469,144.22,150.477,148.176,147.649,145.396,146.506,144.256,152.997,150.664,152.044,150.172,159.185,156.952,146.303,144.292,147.199,144.94,157.019,154.636,143.508,141.296,140.383,138.212,141.866,139.676,157.974,155.58,151.801,149.484,148.325,146.052,159.165,156.756,150.683,148.38
1/2/2026 10:35,326.392,320.936,227.377,223.792,273.548,267.036,226.937,223.36,232.659,228.98,398.599,391.484,422.148,414.456,269.476,265.124,315.694,310.46,432.24,424.296,399.804,392.66,192.881,189.9,300.606,295.664,295.606,323.764,206.33,203.116,304.387,299.372,232.081,228.412,281.599,277.02,197.081,194.028,310.534,305.4,269.239,264.892,235.543,231.812,274.571,270.124,225.935,222.376,272.871,268.456,260.029,255.852,317.187,311.924,283.079,278.472,313.316,308.128
1/2/2026 10:40,326.392,320.936,227.377,223.792,273.548,267.036,226.937,223.36,232.659,228.98,398.599,391.484,422.148,414.456,269.476,265.124,315.694,310.46,432.24,424.296,399.804,392.66,192.881,189.9,300.606,295.664,295.606,323.764,206.33,203.116,304.387,299.372,232.081,228.412,281.599,277.02,197.081,194.028,310.534,305.4,269.239,264.892,235.543,231.812,274.571,270.124,225.935,222.376,272.871,268.456,260.029,255.852,317.187,311.924,283.079,278.472,313.316,308.128
1/2/2026 10:45,326.392,320.936,227.377,223.792,273.548,267.036,226.937,223.36,232.659,228.98,398.599,391.484,422.148,414.456,269.476,265.124,315.694,310.46,432.24,424.296,399.804,392.66,192.881,189.9,300.606,295.664,295.606,323.764,206.33,203.116,304.387,299.372,232.081,228.412,281.599,277.02,197.081,194.028,310.534,305.4,269.239,264.892,235.543,231.812,274.571,270.124,225.935,222.376,272.871,268.456,260.029,255.852,317.187,311.924,283.079,278.472,313.316,308.128
1/2/2026 10:50,179.059,176.316,178.27,175.54,175.063,172.388,166.046,163.524,163.182,160.708,188.653,185.744,186.027,183.164,177.134,174.424,176.74,174.036,188.701,185.792,189.369,186.448,176.039,173.348,176.829,174.124,177.745,175.368,176.28,173.584,179.914,177.156,178.327,175.596,190.995,183.004,175.234,172.556,177.753,175.032,186.08,183.216,164.069,161.58,175.604,172.92,165.879,163.36,186.711,183.836,178.241,175.512,178.925,176.184,186.064,183.2,176.902,174.196
1/2/2026 10:55,179.059,176.316,178.27,175.54,175.063,172.388,166.046,163.524,163.182,160.708,188.653,185.744,186.027,183.164,177.134,174.424,176.74,174.036,188.701,185.792,189.369,186.448,176.039,173.348,176.829,174.124,177.745,175.368,176.28,173.584,179.914,177.156,178.327,175.596,190.995,183.004,175.234,172.556,177.753,175.032,186.08,183.216,164.069,161.58,175.604,172.92,165.879,163.36,186.711,183.836,178.241,175.512,178.925,176.184,186.064,183.2,176.902,174.196
1/2/2026 11:00,179.059,176.316,178.27,175.54,175.063,172.388,166.046,163.524,163.182,160.708,188.653,185.744,186.027,183.164,177.134,174.424,176.74,174.036,188.701,185.792,189.369,186.448,176.039,173.348,176.829,174.124,177.745,175.368,176.28,173.584,179.914,177.156,178.327,175.596,190.995,183.004,175.234,172.556,177.753,175.032,186.08,183.216,164.069,161.58,175.604,172.92,165.879,163.36,186.711,183.836,178.241,175.512,178.925,176.184,186.064,183.2,176.902,174.196
1/2/2026 11:05,218.097,214.676,252.581,248.54,207.156,203.848,220.312,216.852,220.792,217.324,223.5,219.984,222.718,219.216,244.518,240.624,231.344,227.688,225.471,222.072,224.742,221.204,316.49,311.24,231.548,227.888,216.566,213.172,317.424,312.156,235.69,231.956,253.775,249.712,243.624,239.864,310.832,302.656,215.678,212.3,241.588,237.748,222.478,218.98,208.602,205.348,219.803,216.352,242.216,238.364,245.96,242.04,217.759,214.344,243.792,239.912,231.731,228.068
1/2/2026 11:10,218.097,214.676,252.581,248.54,207.156,203.848,220.312,216.852,220.792,217.324,223.5,219.984,222.718,219.216,244.518,240.624,231.344,227.688,225.471,222.072,224.742,221.204,316.49,311.24,231.548,227.888,216.566,213.172,317.424,312.156,235.69,231.956,253.775,249.712,243.624,239.864,310.832,302.656,215.678,212.3,241.588,237.748,222.478,218.98,208.602,205.348,219.803,216.352,242.216,238.364,245.96,242.04,217.759,214.344,243.792,239.912,231.731,228.068
1/2/2026 11:15,218.097,214.676,252.581,248.54,207.156,203.848,220.312,216.852,220.792,217.324,223.5,219.984,222.718,219.216,244.518,240.624,231.344,227.688,225.471,222.072,224.742,221.204,316.49,311.24,231.548,227.888,216.566,213.172,317.424,312.156,235.69,231.956,253.775,249.712,243.624,239.864,310.832,302.656,215.678,212.3,241.588,237.748,222.478,218.98,208.602,205.348,219.803,216.352,242.216,238.364,245.96,242.04,217.759,214.344,243.792,239.912,231.731,228.068
1/2/2026 11:20,275.953,271.48,300.3,295.364,315.193,308.076,293.726,288.916,294.851,290.02,264.19,259.936,256.475,252.364,296.768,291.9,310.713,305.576,259.466,255.3,264.455,260.196,260.889,256.824,303.534,298.536,275.603,269.4,260.193,256.14,313.051,307.868,301.707,294.932,299.051,294.292,263.601,258.936,268.18,263.852,294.055,289.388,295.695,290.848,316.754,311.5,293.236,288.436,291.231,286.616,297.82,292.932,271.221,266.836,296.252,291.544,314.193,308.988
1/2/2026 11:25,275.953,271.48,300.3,295.364,315.193,308.076,293.726,288.916,294.851,290.02,264.19,259.936,256.475,252.364,296.768,291.9,310.713,305.576,259.466,255.3,264.455,260.196,260.889,256.824,303.534,298.536,275.603,269.4,260.193,256.14,313.051,307.868,301.707,294.932,299.051,294.292,263.601,258.936,268.18,263.852,294.055,289.388,295.695,290.848,316.754,311.5,293.236,288.436,291.231,286.616,297.82,292.932,271.221,266.836,296.252,291.544,314.193,308.988
1/2/2026 11:30,275.953,271.48,300.3,295.364,315.193,308.076,293.726,288.916,294.851,290.02,264.19,259.936,256.475,252.364,296.768,291.9,310.713,305.576,259.466,255.3,264.455,260.196,260.889,256.824,303.534,298.536,275.603,269.4,260.193,256.14,313.051,307.868,301.707,294.932,299.051,294.292,263.601,258.936,268.18,263.852,294.055,289.388,295.695,290.848,316.754,311.5,293.236,288.436,291.231,286.616,297.82,292.932,271.221,266.836,296.252,291.544,314.193,308.988
1/2/2026 11:35,236.284,232.54,223.239,219.728,220.405,217.068,206.835,203.612,209.656,206.384,248.815,244.844,246.64,242.708,223.309,219.796,232.724,229.044,249.117,245.14,249.793,245.804,231.964,228.408,228.151,224.552,234.24,230.532,230.658,227.124,232.203,228.532,223.797,220.276,250.655,246.772,237.106,233.46,235.046,231.324,251.453,247.556,210.788,207.496,222.6,219.1,206.236,203.024,252.223,248.312,224.184,220.656,236.7,232.948,251.595,247.696,232.867,229.608
1/2/2026 11:40,236.284,232.54,223.239,219.728,220.405,217.068,206.835,203.612,209.656,206.384,248.815,244.844,246.64,242.708,223.309,219.796,232.724,229.044,249.117,245.14,249.793,245.804,231.964,228.408,228.151,224.552,234.24,230.532,230.658,227.124,232.203,228.532,223.797,220.276,250.655,246.772,237.106,233.46,235.046,231.324,251.453,247.556,210.788,207.496,222.6,219.1,206.236,203.024,252.223,248.312,224.184,220.656,236.7,232.948,251.595,247.696,232.867,229.608
1/2/2026 11:45,236.284,232.54,223.239,219.728,220.405,217.068,206.835,203.612,209.656,206.384,248.815,244.844,246.64,242.708,223.309,219.796,232.724,229.044,249.117,245.14,249.793,245.804,231.964,228.408,228.151,224.552,234.24,230.532,230.658,227.124,232.203,228.532,223.797,220.276,250.655,246.772,237.106,233.46,235.046,231.324,251.453,247.556,210.788,207.496,222.6,219.1,206.236,203.024,252.223,248.312,224.184,220.656,236.7,232.948,251.595,247.696,232.867,229.608
1/2/2026 11:50,263.126,258.892,217.929,214.512,252.723,260.904,231.564,227.904,236.329,232.584,221.598,218.116,221.268,217.792,232.171,228.5,222.808,219.304,223.679,220.16,222.168,218.676,199.557,196.46,237.364,233.6,262.47,258.248,196.589,193.544,224.966,221.424,220.018,214.864,211.078,207.88,195.679,192.74,257.527,253.396,208.454,205.3,239.71,235.904,268.164,263.836,229.922,226.292,208.881,205.72,234.227,230.52,260.208,256.028,211.371,208.168,224.225,220.696
1/2/2026 11:55,263.126,258.892,217.929,214.512,252.723,260.904,231.564,227.904,236.329,232.584,221.598,218.116,221.268,217.792,232.171,228.5,222.808,219.304,223.679,220.16,222.168,218.676,199.557,196.46,237.364,233.6,262.47,258.248,196.589,193.544,224.966,221.424,220.018,214.864,211.078,207.88,195.679,192.74,257.527,253.396,208.454,205.3,239.71,235.904,268.164,263.836,229.922,226.292,208.881,205.72,234.227,230.52,260.208,256.028,211.371,208.168,224.225,220.696
1/2/2026 12:00,263.126,258.892,217.929,214.512,252.723,260.904,231.564,227.904,236.329,232.584,221.598,218.116,221.268,217.792,232.171,228.5,222.808,219.304,223.679,220.16,222.168,218.676,199.557,196.46,237.364,233.6,262.47,258.248,196.589,193.544,224.966,221.424,220.018,214.864,211.078,207.88,195.679,192.74,257.527,253.396,208.454,205.3,239.71,235.904,268.164,263.836,229.922,226.292,208.881,205.72,234.227,230.52,260.208,256.028,211.371,208.168,224.225,220.696
1/2/2026 12:05,297.245,292.368,341.146,335.364,284.108,279.624,365.167,358.84,368.688,362.28,288.498,283.788,288.531,283.82,332.008,326.428,353.058,347.008,292.049,287.272,294.317,289.496,294.549,289.724,352.984,346.936,296.193,291.336,292.274,287.492,359.963,353.756,342.185,336.38,325.737,320.464,298.473,293.724,290.023,285.284,322.247,317.048,371.69,364.412,287.042,282.36,363.775,357.48,323.338,318.116,333.226,327.62,293.167,288.368,326.611,321.32,353.815,347.748
1/2/2026 12:10,297.245,292.368,341.146,335.364,284.108,279.624,365.167,358.84,368.688,362.28,288.498,283.788,288.531,283.82,332.008,326.428,353.058,347.008,292.049,287.272,294.317,289.496,294.549,289.724,352.984,346.936,296.193,291.336,292.274,287.492,359.963,353.756,342.185,336.38,325.737,320.464,298.473,293.724,290.023,285.284,322.247,317.048,371.69,364.412,287.042,282.36,363.775,357.48,323.338,318.116,333.226,327.62,293.167,288.368,326.611,321.32,353.815,347.748
1/2/2026 12:15,297.245,292.368,341.146,335.364,284.108,279.624,365.167,358.84,368.688,362.28,288.498,283.788,288.531,283.82,332.008,326.428,353.058,347.008,292.049,287.272,294.317,289.496,294.549,289.724,352.984,346.936,296.193,291.336,292.274,287.492,359.963,353.756,342.185,336.38,325.737,320.464,298.473,293.724,290.023,285.284,322.247,317.048,371.69,364.412,287.042,282.36,363.775,357.48,323.338,318.116,333.226,327.62,293.167,288.368,326.611,321.32,353.815,347.748
1/2/2026 12:20,626.217,612.548,598.866,586.096,520.194,505.056,467.04,458.2,524.429,513.968,310.073,304.948,338.369,332.648,577.973,565.872,526.07,515.56,350.713,334.04,302.772,297.788,368.495,362.092,579.196,567.056,617.123,603.756,374.663,368.116,589.967,577.484,597.241,584.524,260.233,256.18,268.212,251.504,633.12,619.22,259.602,255.56,521.845,511.46,524.108,513.656,476.51,467.42,260.836,256.644,584.422,572.116,635.811,621.82,260.779,256.588,531.957,521.272
1/2/2026 12:25,626.217,612.548,598.866,586.096,520.194,505.056,467.04,458.2,524.429,513.968,310.073,304.948,338.369,332.648,577.973,565.872,526.07,515.56,350.713,334.04,302.772,297.788,368.495,362.092,579.196,567.056,617.123,603.756,374.663,368.116,589.967,577.484,597.241,584.524,260.233,256.18,268.212,251.504,633.12,619.22,259.602,255.56,521.845,511.46,524.108,513.656,476.51,467.42,260.836,256.644,584.422,572.116,635.811,621.82,260.779,256.588,531.957,521.272
1/2/2026 12:30,626.217,612.548,598.866,586.096,520.194,505.056,467.04,458.2,524.429,513.968,310.073,304.948,338.369,332.648,577.973,565.872,526.07,515.56,350.713,334.04,302.772,297.788,368.495,362.092,579.196,567.056,617.123,603.756,374.663,368.116,589.967,577.484,597.241,584.524,260.233,256.18,268.212,251.504,633.12,619.22,259.602,255.56,521.845,511.46,524.108,513.656,476.51,467.42,260.836,256.644,584.422,572.116,635.811,621.82,260.779,256.588,531.957,521.272
1/2/2026 12:35,257.278,253.152,277.592,273.088,312.975,307.956,251.965,247.936,251.549,247.528,235.005,231.284,229.417,225.796,273.801,269.368,268.25,263.92,231.938,228.272,235.091,231.368,254.927,250.844,259.581,255.412,257.38,253.252,251.378,247.36,268.898,264.556,278.828,274.3,260.306,256.252,266.244,261.952,246.049,242.128,251.18,247.288,252.971,248.924,307.79,302.868,251.716,247.692,254.018,249.952,274.372,269.928,249.43,245.448,262.124,257.908,270.997,262.992
1/2/2026 12:40,257.278,253.152,277.592,273.088,312.975,307.956,251.965,247.936,251.549,247.528,235.005,231.284,229.417,225.796,273.801,269.368,268.25,263.92,231.938,228.272,235.091,231.368,254.927,250.844,259.581,255.412,257.38,253.252,251.378,247.36,268.898,264.556,278.828,274.3,260.306,256.252,266.244,261.952,246.049,242.128,251.18,247.288,252.971,248.924,307.79,302.868,251.716,247.692,254.018,249.952,274.372,269.928,249.43,245.448,262.124,257.908,270.997,262.992
1/2/2026 12:45,257.278,253.152,277.592,273.088,312.975,307.956,251.965,247.936,251.549,247.528,235.005,231.284,229.417,225.796,273.801,269.368,268.25,263.92,231.938,228.272,235.091,231.368,254.927,250.844,259.581,255.412,257.38,253.252,251.378,247.36,268.898,264.556,278.828,274.3,260.306,256.252,266.244,261.952,246.049,242.128,251.18,247.288,252.971,248.924,307.79,302.868,251.716,247.692,254.018,249.952,274.372,269.928,249.43,245.448,262.124,257.908,270.997,262.992
1/2/2026 12:50,221.728,218.244,349.639,343.852,538.328,508.752,514.224,504.064,349.206,343.244,186.852,183.976,186.997,184.196,291.504,286.884,205.047,201.856,189.775,186.368,187.087,184.284,177.153,174.444,221.207,217.732,223.817,212.664,176.718,174.016,230.28,226.644,365.51,336.048,186.315,183.524,168.551,180.816,207.937,204.696,190.474,187.62,369.736,363.304,523.509,513.076,496.409,486.764,191.12,188.256,282.12,277.672,210.942,207.648,185.669,182.888,204.844,201.656
1/2/2026 12:55,221.728,218.244,349.639,343.852,538.328,508.752,514.224,504.064,349.206,343.244,186.852,183.976,186.997,184.196,291.504,286.884,205.047,201.856,189.775,186.368,187.087,184.284,177.153,174.444,221.207,217.732,223.817,212.664,176.718,174.016,230.28,226.644,365.51,336.048,186.315,183.524,168.551,180.816,207.937,204.696,190.474,187.62,369.736,363.304,523.509,513.076,496.409,486.764,191.12,188.256,282.12,277.672,210.942,207.648,185.669,182.888,204.844,201.656
1/2/2026 13:00,221.728,218.244,349.639,343.852,538.328,508.752,514.224,504.064,349.206,343.244,186.852,183.976,186.997,184.196,291.504,286.884,205.047,201.856,189.775,186.368,187.087,184.284,177.153,174.444,221.207,217.732,223.817,212.664,176.718,174.016,230.28,226.644,365.51,336.048,186.315,183.524,168.551,180.816,207.937,204.696,190.474,187.62,369.736,363.304,523.509,513.076,496.409,486.764,191.12,188.256,282.12,277.672,210.942,207.648,185.669,182.888,204.844,201.656
1/2/2026 13:05,462.307,453.592,231.527,227.98,669.544,649.552,255.61,251.64,247.266,243.444,479.159,470.28,425.856,418.312,226.899,223.432,329.054,323.54,424.516,417.004,481.061,472.132,213.991,210.744,386.428,379.604,456.25,450.136,213.564,210.324,398.865,391.744,231.303,228.692,548.189,537.368,209.808,206.632,466.164,457.348,591.684,579.552,248.919,245.068,674.874,660.42,257.467,253.464,593.368,581.184,227.038,223.568,475.038,465.988,571.219,559.712,337.451,331.752
1/2/2026 13:10,462.307,453.592,231.527,227.98,669.544,649.552,255.61,251.64,247.266,243.444,479.159,470.28,425.856,418.312,226.899,223.432,329.054,323.54,424.516,417.004,481.061,472.132,213.991,210.744,386.428,379.604,456.25,450.136,213.564,210.324,398.865,391.744,231.303,228.692,548.189,537.368,209.808,206.632,466.164,457.348,591.684,579.552,248.919,245.068,674.874,660.42,257.467,253.464,593.368,581.184,227.038,223.568,475.038,465.988,571.219,559.712,337.451,331.752
1/2/2026 13:15,462.307,453.592,231.527,227.98,669.544,649.552,255.61,251.64,247.266,243.444,479.159,470.28,425.856,418.312,226.899,223.432,329.054,323.54,424.516,417.004,481.061,472.132,213.991,210.744,386.428,379.604,456.25,450.136,213.564,210.324,398.865,391.744,231.303,228.692,548.189,537.368,209.808,206.632,466.164,457.348,591.684,579.552,248.919,245.068,674.874,660.42,257.467,253.464,593.368,581.184,227.038,223.568,475.038,465.988,571.219,559.712,337.451,331.752
1/2/2026 13:20,281.395,276.82,554.48,543.112,565.499,543.604,449.428,441.304,362.859,356.78,245.569,241.776,270.097,265.868,560.093,548.552,330.13,324.764,277.817,273.448,235.749,232.128,617.456,604.516,342.262,336.636,278.407,273.888,618.357,605.388,358.347,352.368,553.564,542.224,438.07,417.988,620.009,606.988,287.323,282.636,477.809,468.964,363.706,357.608,568.241,556.824,427.262,419.684,483.856,474.852,561.059,549.488,293.594,288.788,430.599,422.94,332.975,327.548
1/2/2026 13:25,281.395,276.82,554.48,543.112,565.499,543.604,449.428,441.304,362.859,356.78,245.569,241.776,270.097,265.868,560.093,548.552,330.13,324.764,277.817,273.448,235.749,232.128,617.456,604.516,342.262,336.636,278.407,273.888,618.357,605.388,358.347,352.368,553.564,542.224,438.07,417.988,620.009,606.988,287.323,282.636,477.809,468.964,363.706,357.608,568.241,556.824,427.262,419.684,483.856,474.852,561.059,549.488,293.594,288.788,430.599,422.94,332.975,327.548
1/2/2026 13:30,281.395,276.82,554.48,543.112,565.499,543.604,449.428,441.304,362.859,356.78,245.569,241.776,270.097,265.868,560.093,548.552,330.13,324.764,277.817,273.448,235.749,232.128,617.456,604.516,342.262,336.636,278.407,273.888,618.357,605.388,358.347,352.368,553.564,542.224,438.07,417.988,620.009,606.988,287.323,282.636,477.809,468.964,363.706,357.608,568.241,556.824,427.262,419.684,483.856,474.852,561.059,549.488,293.594,288.788,430.599,422.94,332.975,327.548
1/2/2026 13:35,409.295,401.92,151.904,149.62,180.373,178.356,156.392,154.048,153.809,151.5,288.733,284.164,304.603,299.74,151.389,149.112,177.834,175.172,309.767,304.808,293.313,288.66,154.531,152.212,180.58,177.876,400.243,393.088,144.985,142.796,183.618,180.868,158.067,149.488,189.134,189.868,150.922,149.864,282.121,277.532,207.721,204.58,155.598,153.264,182.075,179.348,155.456,153.124,214.105,210.856,152.877,150.58,291.625,286.856,191.262,188.396,177.636,174.976
1/2/2026 13:40,409.295,401.92,151.904,149.62,180.373,178.356,156.392,154.048,153.809,151.5,288.733,284.164,304.603,299.74,151.389,149.112,177.834,175.172,309.767,304.808,293.313,288.66,154.531,152.212,180.58,177.876,400.243,393.088,144.985,142.796,183.618,180.868,158.067,149.488,189.134,189.868,150.922,149.864,282.121,277.532,207.721,204.58,155.598,153.264,182.075,179.348,155.456,153.124,214.105,210.856,152.877,150.58,291.625,286.856,191.262,188.396,177.636,174.976
1/2/2026 13:45,409.295,401.92,151.904,149.62,180.373,178.356,156.392,154.048,153.809,151.5,288.733,284.164,304.603,299.74,151.389,149.112,177.834,175.172,309.767,304.808,293.313,288.66,154.531,152.212,180.58,177.876,400.243,393.088,144.985,142.796,183.618,180.868,158.067,149.488,189.134,189.868,150.922,149.864,282.121,277.532,207.721,204.58,155.598,153.264,182.075,179.348,155.456,153.124,214.105,210.856,152.877,150.58,291.625,286.856,191.262,188.396,177.636,174.976
1/2/2026 13:50,205.161,201.968,199.747,196.648,207.175,203.512,208.992,205.732,216.259,212.872,197.122,194.068,196.418,193.376,196.296,193.256,203.68,200.512,198.416,195.34,197.781,194.716,180.439,177.736,200.887,197.768,203.228,200.068,179.667,176.976,205.047,201.856,200.81,197.692,258.627,254.476,181.799,179.076,200.916,197.796,246.684,242.752,199.311,214.044,208.77,205.612,209.029,205.768,254.649,250.572,196.792,193.744,202.332,199.188,255.371,251.28,204.726,200.632
1/2/2026 13:55,205.161,201.968,199.747,196.648,207.175,203.512,208.992,205.732,216.259,212.872,197.122,194.068,196.418,193.376,196.296,193.256,203.68,200.512,198.416,195.34,197.781,194.716,180.439,177.736,200.887,197.768,203.228,200.068,179.667,176.976,205.047,201.856,200.81,197.692,258.627,254.476,181.799,179.076,200.916,197.796,246.684,242.752,199.311,214.044,208.77,205.612,209.029,205.768,254.649,250.572,196.792,193.744,202.332,199.188,255.371,251.28,204.726,200.632
1/2/2026 14:00,205.161,201.968,199.747,196.648,207.175,203.512,208.992,205.732,216.259,212.872,197.122,194.068,196.418,193.376,196.296,193.256,203.68,200.512,198.416,195.34,197.781,194.716,180.439,177.736,200.887,197.768,203.228,200.068,179.667,176.976,205.047,201.856,200.81,197.692,258.627,254.476,181.799,179.076,200.916,197.796,246.684,242.752,199.311,214.044,208.77,205.612,209.029,205.768,254.649,250.572,196.792,193.744,202.332,199.188,255.371,251.28,204.726,200.632
1/2/2026 14:05,206.585,203.464,300.12,295.188,199.628,196.032,223.843,220.428,230.231,226.596,207.911,204.768,208.688,205.532,288.808,284.092,214.85,211.488,207.517,207.336,208.615,205.46,270.584,266.212,221.174,217.7,199.258,202.132,267.311,263,226.346,222.78,304.447,299.432,222.068,217.212,240.736,236.912,202.362,199.312,225.455,222.012,230.838,227.192,200.759,197.736,223.684,220.272,225.218,221.78,287.34,282.652,204.152,201.072,221.112,217.744,215.612,212.236
1/2/2026 14:10,206.585,203.464,300.12,295.188,199.628,196.032,223.843,220.428,230.231,226.596,207.911,204.768,208.688,205.532,288.808,284.092,214.85,211.488,207.517,207.336,208.615,205.46,270.584,266.212,221.174,217.7,199.258,202.132,267.311,263,226.346,222.78,304.447,299.432,222.068,217.212,240.736,236.912,202.362,199.312,225.455,222.012,230.838,227.192,200.759,197.736,223.684,220.272,225.218,221.78,287.34,282.652,204.152,201.072,221.112,217.744,215.612,212.236
1/2/2026 14:15,206.585,203.464,300.12,295.188,199.628,196.032,223.843,220.428,230.231,226.596,207.911,204.768,208.688,205.532,288.808,284.092,214.85,211.488,207.517,207.336,208.615,205.46,270.584,266.212,221.174,217.7,199.258,202.132,267.311,263,226.346,222.78,304.447,299.432,222.068,217.212,240.736,236.912,202.362,199.312,225.455,222.012,230.838,227.192,200.759,197.736,223.684,220.272,225.218,221.78,287.34,282.652,204.152,201.072,221.112,217.744,215.612,212.236
1/2/2026 14:20,234.544,230.944,208.079,204.932,187.179,184.376,187.151,184.348,186.891,184.092,685.775,671.088,662.232,648.048,205.955,202.748,196.727,193.68,660.368,657.188,691.248,676.444,446.655,438.6,199.669,196.664,222.753,239.856,441.79,433.856,202.454,199.308,208.534,205.38,429.05,469.272,395.228,388.412,298.236,293.492,517.266,507.336,189.767,185.628,188.767,185.94,186.16,183.372,548.074,537.256,207.432,204.2,279.398,275,459.862,451.476,196.739,193.692
1/2/2026 14:25,234.544,230.944,208.079,204.932,187.179,184.376,187.151,184.348,186.891,184.092,685.775,671.088,662.232,648.048,205.955,202.748,196.727,193.68,660.368,657.188,691.248,676.444,446.655,438.6,199.669,196.664,222.753,239.856,441.79,433.856,202.454,199.308,208.534,205.38,429.05,469.272,395.228,388.412,298.236,293.492,517.266,507.336,189.767,185.628,188.767,185.94,186.16,183.372,548.074,537.256,207.432,204.2,279.398,275,459.862,451.476,196.739,193.692
1/2/2026 14:30,234.544,230.944,208.079,204.932,187.179,184.376,187.151,184.348,186.891,184.092,685.775,671.088,662.232,648.048,205.955,202.748,196.727,193.68,660.368,657.188,691.248,676.444,446.655,438.6,199.669,196.664,222.753,239.856,441.79,433.856,202.454,199.308,208.534,205.38,429.05,469.272,395.228,388.412,298.236,293.492,517.266,507.336,189.767,185.628,188.767,185.94,186.16,183.372,548.074,537.256,207.432,204.2,279.398,275,459.862,451.476,196.739,193.692
1/2/2026 14:35,705.23,689.604,706.82,691.684,383.002,399.376,577.761,565.664,559.68,548.148,503.245,493.708,561.512,550.296,699.945,684.956,708.775,693.072,579.375,567.62,499.357,489.928,617.179,604.248,707.147,692.004,697.602,685.192,615.642,602.76,723.5,707.472,707.711,692.556,451.602,443.424,526.228,516.044,703.933,688.336,591.75,579.616,506.128,496.2,394.714,387.372,474.352,465.316,590.478,578.384,703.665,688.596,709.754,694.028,461.696,453.264,706.713,691.056
1/2/2026 14:40,705.23,689.604,706.82,691.684,383.002,399.376,577.761,565.664,559.68,548.148,503.245,493.708,561.512,550.296,699.945,684.956,708.775,693.072,579.375,567.62,499.357,489.928,617.179,604.248,707.147,692.004,697.602,685.192,615.642,602.76,723.5,707.472,707.711,692.556,451.602,443.424,526.228,516.044,703.933,688.336,591.75,579.616,506.128,496.2,394.714,387.372,474.352,465.316,590.478,578.384,703.665,688.596,709.754,694.028,461.696,453.264,706.713,691.056
1/2/2026 14:45,705.23,689.604,706.82,691.684,383.002,399.376,577.761,565.664,559.68,548.148,503.245,493.708,561.512,550.296,699.945,684.956,708.775,693.072,579.375,567.62,499.357,489.928,617.179,604.248,707.147,692.004,697.602,685.192,615.642,602.76,723.5,707.472,707.711,692.556,451.602,443.424,526.228,516.044,703.933,688.336,591.75,579.616,506.128,496.2,394.714,387.372,474.352,465.316,590.478,578.384,703.665,688.596,709.754,694.028,461.696,453.264,706.713,691.056
1/2/2026 14:50,433.312,425.34,423.658,415.928,546.261,535.496,324.323,319.08,335.391,329.912,610.029,596.896,563.569,551.92,437.136,429.068,259.243,255.08,556.862,545.42,618.578,605.164,517.229,507.3,252.773,248.852,426.968,419.156,531.471,521.136,256.749,252.632,430.455,416.292,362,355.94,418.257,410.896,462.669,453.944,418.007,410.652,345.105,339.416,554.013,543.02,322.909,317.696,437.111,429.292,437.657,429.576,457.655,449.06,373.572,367.252,258.558,254.408
1/2/2026 14:55,433.312,425.34,423.658,415.928,546.261,535.496,324.323,319.08,335.391,329.912,610.029,596.896,563.569,551.92,437.136,429.068,259.243,255.08,556.862,545.42,618.578,605.164,517.229,507.3,252.773,248.852,426.968,419.156,531.471,521.136,256.749,252.632,430.455,416.292,362,355.94,418.257,410.896,462.669,453.944,418.007,410.652,345.105,339.416,554.013,543.02,322.909,317.696,437.111,429.292,437.657,429.576,457.655,449.06,373.572,367.252,258.558,254.408
1/2/2026 15:00,433.312,425.34,423.658,415.928,546.261,535.496,324.323,319.08,335.391,329.912,610.029,596.896,563.569,551.92,437.136,429.068,259.243,255.08,556.862,545.42,618.578,605.164,517.229,507.3,252.773,248.852,426.968,419.156,531.471,521.136,256.749,252.632,430.455,416.292,362,355.94,418.257,410.896,462.669,453.944,418.007,410.652,345.105,339.416,554.013,543.02,322.909,317.696,437.111,429.292,437.657,429.576,457.655,449.06,373.572,367.252,258.558,254.408
1/2/2026 15:05,500.011,490.564,222.504,219.112,278.595,274.212,207.212,204.08,207.818,204.676,607.204,594.588,633.652,620.192,228.427,224.824,274.925,270.608,642.313,628.572,607.708,595.076,336.931,331.42,299.271,294.508,488.207,478.796,338.803,333.252,294.099,289.432,222.459,221.34,449.904,441.768,315.111,318.828,490.448,481.264,430.28,422.628,209.385,206.216,294.519,289.844,206.41,203.292,429.923,422.28,228.463,224.968,500.081,490.632,443.271,435.3,261.377,273.332
1/2/2026 15:10,500.011,490.564,222.504,219.112,278.595,274.212,207.212,204.08,207.818,204.676,607.204,594.588,633.652,620.192,228.427,224.824,274.925,270.608,642.313,628.572,607.708,595.076,336.931,331.42,299.271,294.508,488.207,478.796,338.803,333.252,294.099,289.432,222.459,221.34,449.904,441.768,315.111,318.828,490.448,481.264,430.28,422.628,209.385,206.216,294.519,289.844,206.41,203.292,429.923,422.28,228.463,224.968,500.081,490.632,443.271,435.3,261.377,273.332
1/2/2026 15:15,500.011,490.564,222.504,219.112,278.595,274.212,207.212,204.08,207.818,204.676,607.204,594.588,633.652,620.192,228.427,224.824,274.925,270.608,642.313,628.572,607.708,595.076,336.931,331.42,299.271,294.508,488.207,478.796,338.803,333.252,294.099,289.432,222.459,221.34,449.904,441.768,315.111,318.828,490.448,481.264,430.28,422.628,209.385,206.216,294.519,289.844,206.41,203.292,429.923,422.28,228.463,224.968,500.081,490.632,443.271,435.3,261.377,273.332
1/2/2026 15:20,630.184,616.836,611.528,598.776,594.808,582.58,594.839,582.2,596.504,583.812,612.156,599.384,620.269,607.24,606.947,594.34,627.509,614.248,597.215,612.272,615.196,602.328,586.644,574.668,624.282,611.124,625.724,614.292,586.07,574.112,639.576,625.924,612.775,600.476,642.953,629.192,593.921,581.72,627.208,613.956,627.157,613.908,601.812,588.948,603.049,590.564,595.822,583.152,628.178,614.896,610.557,597.836,632.969,619.532,640.774,627.084,625.625,612.424
1/2/2026 15:25,630.184,616.836,611.528,598.776,594.808,582.58,594.839,582.2,596.504,583.812,612.156,599.384,620.269,607.24,606.947,594.34,627.509,614.248,597.215,612.272,615.196,602.328,586.644,574.668,624.282,611.124,625.724,614.292,586.07,574.112,639.576,625.924,612.775,600.476,642.953,629.192,593.921,581.72,627.208,613.956,627.157,613.908,601.812,588.948,603.049,590.564,595.822,583.152,628.178,614.896,610.557,597.836,632.969,619.532,640.774,627.084,625.625,612.424
1/2/2026 15:30,630.184,616.836,611.528,598.776,594.808,582.58,594.839,582.2,596.504,583.812,612.156,599.384,620.269,607.24,606.947,594.34,627.509,614.248,597.215,612.272,615.196,602.328,586.644,574.668,624.282,611.124,625.724,614.292,586.07,574.112,639.576,625.924,612.775,600.476,642.953,629.192,593.921,581.72,627.208,613.956,627.157,613.908,601.812,588.948,603.049,590.564,595.822,583.152,628.178,614.896,610.557,597.836,632.969,619.532,640.774,627.084,625.625,612.424
1/2/2026 15:35,437.136,429.316,442.865,434.904,356.023,355.348,346.224,340.512,332.003,326.424,306.852,301.948,325.695,320.424,444.346,436.348,466.61,458.052,334.392,328.936,306.106,301.216,305.381,300.504,436.594,428.788,433.401,422.9,303.963,299.112,451.598,443.42,435.692,439.116,304.219,299.364,320.759,315.592,428.091,420.492,292.342,287.708,332.774,327.352,368.411,362.208,347.737,341.992,293.667,289.008,400.713,393.768,431.686,424,306.962,302.056,472.685,463.972
1/2/2026 15:40,437.136,429.316,442.865,434.904,356.023,355.348,346.224,340.512,332.003,326.424,306.852,301.948,325.695,320.424,444.346,436.348,466.61,458.052,334.392,328.936,306.106,301.216,305.381,300.504,436.594,428.788,433.401,422.9,303.963,299.112,451.598,443.42,435.692,439.116,304.219,299.364,320.759,315.592,428.091,420.492,292.342,287.708,332.774,327.352,368.411,362.208,347.737,341.992,293.667,289.008,400.713,393.768,431.686,424,306.962,302.056,472.685,463.972
1/2/2026 15:45,437.136,429.316,442.865,434.904,356.023,355.348,346.224,340.512,332.003,326.424,306.852,301.948,325.695,320.424,444.346,436.348,466.61,458.052,334.392,328.936,306.106,301.216,305.381,300.504,436.594,428.788,433.401,422.9,303.963,299.112,451.598,443.42,435.692,439.116,304.219,299.364,320.759,315.592,428.091,420.492,292.342,287.708,332.774,327.352,368.411,362.208,347.737,341.992,293.667,289.008,400.713,393.768,431.686,424,306.962,302.056,472.685,463.972
1/2/2026 15:50,171.125,168.564,380.845,374.36,162.548,157.248,330.796,325.416,291.862,287.088,190.373,187.52,187.737,184.924,388.145,381.492,309.612,304.656,191.258,188.392,192.762,189.872,449.699,441.568,340.398,334.812,170.914,166.876,448.39,440.292,349.921,344.128,381.999,375.488,442.619,426.396,464.077,452.252,164.587,162.124,486.718,477.636,292.473,287.836,162.369,159.94,328.858,323.52,479.02,470.144,392.968,386.204,168.059,165.544,439.321,431.448,353.851,309.424
1/2/2026 15:55,171.125,168.564,380.845,374.36,162.548,157.248,330.796,325.416,291.862,287.088,190.373,187.52,187.737,184.924,388.145,381.492,309.612,304.656,191.258,188.392,192.762,189.872,449.699,441.568,340.398,334.812,170.914,166.876,448.39,440.292,349.921,344.128,381.999,375.488,442.619,426.396,464.077,452.252,164.587,162.124,486.718,477.636,292.473,287.836,162.369,159.94,328.858,323.52,479.02,470.144,392.968,386.204,168.059,165.544,439.321,431.448,353.851,309.424
1/2/2026 16:00,171.125,168.564,380.845,374.36,162.548,157.248,330.796,325.416,291.862,287.088,190.373,187.52,187.737,184.924,388.145,381.492,309.612,304.656,191.258,188.392,192.762,189.872,449.699,441.568,340.398,334.812,170.914,166.876,448.39,440.292,349.921,344.128,381.999,375.488,442.619,426.396,464.077,452.252,164.587,162.124,486.718,477.636,292.473,287.836,162.369,159.94,328.858,323.52,479.02,470.144,392.968,386.204,168.059,165.544,439.321,431.448,353.851,309.424
1/2/2026 16:05,529.177,518.908,510.051,500.324,506.943,497.388,486.154,477.088,488.157,479.036,526.158,515.976,526.01,515.832,504.45,494.88,517.529,507.592,532.406,522.132,527.122,516.912,478.145,469.292,516.195,506.296,526.723,516.524,477.234,468.404,528.164,517.924,511.417,501.224,525.524,515.36,480.338,470.9,523.276,513.176,522.786,512.7,491.796,482.32,513.075,503.264,487.301,478.204,523.552,513.444,507.433,497.78,528.201,517.96,524.832,514.688,517.208,507.28
1/2/2026 16:10,529.177,518.908,510.051,500.324,506.943,497.388,486.154,477.088,488.157,479.036,526.158,515.976,526.01,515.832,504.45,494.88,517.529,507.592,532.406,522.132,527.122,516.912,478.145,469.292,516.195,506.296,526.723,516.524,477.234,468.404,528.164,517.924,511.417,501.224,525.524,515.36,480.338,470.9,523.276,513.176,522.786,512.7,491.796,482.32,513.075,503.264,487.301,478.204,523.552,513.444,507.433,497.78,528.201,517.96,524.832,514.688,517.208,507.28
1/2/2026 16:15,529.177,518.908,510.051,500.324,506.943,497.388,486.154,477.088,488.157,479.036,526.158,515.976,526.01,515.832,504.45,494.88,517.529,507.592,532.406,522.132,527.122,516.912,478.145,469.292,516.195,506.296,526.723,516.524,477.234,468.404,528.164,517.924,511.417,501.224,525.524,515.36,480.338,470.9,523.276,513.176,522.786,512.7,491.796,482.32,513.075,503.264,487.301,478.204,523.552,513.444,507.433,497.78,528.201,517.96,524.832,514.688,517.208,507.28
1/2/2026 16:20,179.541,176.852,477.949,469.1,150.959,149.264,273.707,269.412,305.047,300.176,340.296,334.712,370.736,364.48,473.593,464.856,381.148,374.656,371.697,365.42,343.305,337.656,262.392,258.3,381.824,375.316,176.483,173.84,265.015,260.876,390.491,383.784,478.553,469.688,389.102,444.692,216.002,283.308,191.454,188.584,430.784,423.12,305.94,302.668,152.597,150.304,278.217,273.84,425.795,418.252,476.405,467.596,187.502,184.692,448.136,440.044,378.667,372.232
1/2/2026 16:25,179.541,176.852,477.949,469.1,150.959,149.264,273.707,269.412,305.047,300.176,340.296,334.712,370.736,364.48,473.593,464.856,381.148,374.656,371.697,365.42,343.305,337.656,262.392,258.3,381.824,375.316,176.483,173.84,265.015,260.876,390.491,383.784,478.553,469.688,389.102,444.692,216.002,283.308,191.454,188.584,430.784,423.12,305.94,302.668,152.597,150.304,278.217,273.84,425.795,418.252,476.405,467.596,187.502,184.692,448.136,440.044,378.667,372.232
1/2/2026 16:30,179.541,176.852,477.949,469.1,150.959,149.264,273.707,269.412,305.047,300.176,340.296,334.712,370.736,364.48,473.593,464.856,381.148,374.656,371.697,365.42,343.305,337.656,262.392,258.3,381.824,375.316,176.483,173.84,265.015,260.876,390.491,383.784,478.553,469.688,389.102,444.692,216.002,283.308,191.454,188.584,430.784,423.12,305.94,302.668,152.597,150.304,278.217,273.84,425.795,418.252,476.405,467.596,187.502,184.692,448.136,440.044,378.667,372.232
1/2/2026 16:35,442.939,434.724,348.524,342.576,416.438,409.12,348.49,342.728,355.606,349.688,443.206,434.984,442.336,434.136,416.135,408.592,441.437,433.26,447.093,438.772,444.22,435.972,413.888,406.4,437.743,429.66,439.668,431.076,415.532,408.004,447.41,439.08,344.62,338.76,453.285,445.064,390.546,383.624,434.891,426.88,452.542,444.34,360.724,354.692,423.147,415.668,348.907,343.136,453.675,445.444,414.404,406.904,437.85,429.764,452.846,444.636,440.813,432.652
1/2/2026 16:40,442.939,434.724,348.524,342.576,416.438,409.12,348.49,342.728,355.606,349.688,443.206,434.984,442.336,434.136,416.135,408.592,441.437,433.26,447.093,438.772,444.22,435.972,413.888,406.4,437.743,429.66,439.668,431.076,415.532,408.004,447.41,439.08,344.62,338.76,453.285,445.064,390.546,383.624,434.891,426.88,452.542,444.34,360.724,354.692,423.147,415.668,348.907,343.136,453.675,445.444,414.404,406.904,437.85,429.764,452.846,444.636,440.813,432.652
1/2/2026 16:45,442.939,434.724,348.524,342.576,416.438,409.12,348.49,342.728,355.606,349.688,443.206,434.984,442.336,434.136,416.135,408.592,441.437,433.26,447.093,438.772,444.22,435.972,413.888,406.4,437.743,429.66,439.668,431.076,415.532,408.004,447.41,439.08,344.62,338.76,453.285,445.064,390.546,383.624,434.891,426.88,452.542,444.34,360.724,354.692,423.147,415.668,348.907,343.136,453.675,445.444,414.404,406.904,437.85,429.764,452.846,444.636,440.813,432.652
1/2/2026 16:50,137.777,135.64,170.424,167.828,140.209,136.672,209.044,205.88,161.477,159.06,129.475,127.448,126.822,124.88,155.747,153.38,144.934,142.704,128.506,126.492,129.866,127.884,122.39,120.448,141.327,139.144,136.159,134.044,121.985,120.048,145.306,143.072,176.206,173.512,133.594,131.068,124.677,122.708,134.088,132,131.322,129.32,165.042,162.572,140.764,138.632,204.206,201.124,131.484,129.48,154.013,151.668,135.365,133.26,133.736,131.7,147.126,143.544
1/2/2026 16:55,137.777,135.64,170.424,167.828,140.209,136.672,209.044,205.88,161.477,159.06,129.475,127.448,126.822,124.88,155.747,153.38,144.934,142.704,128.506,126.492,129.866,127.884,122.39,120.448,141.327,139.144,136.159,134.044,121.985,120.048,145.306,143.072,176.206,173.512,133.594,131.068,124.677,122.708,134.088,132,131.322,129.32,165.042,162.572,140.764,138.632,204.206,201.124,131.484,129.48,154.013,151.668,135.365,133.26,133.736,131.7,147.126,143.544
1/2/2026 17:00,137.777,135.64,170.424,167.828,140.209,136.672,209.044,205.88,161.477,159.06,129.475,127.448,126.822,124.88,155.747,153.38,144.934,142.704,128.506,126.492,129.866,127.884,122.39,120.448,141.327,139.144,136.159,134.044,121.985,120.048,145.306,143.072,176.206,173.512,133.594,131.068,124.677,122.708,134.088,132,131.322,129.32,165.042,162.572,140.764,138.632,204.206,201.124,131.484,129.48,154.013,151.668,135.365,133.26,133.736,131.7,147.126,143.544
1/2/2026 17:05,182.596,179.792,174.644,171.976,161.464,159.048,162.651,160.216,164.584,162.12,192.068,189.1,193.423,190.432,172.1,169.476,174.054,171.396,195.422,192.396,192.939,189.956,175.421,172.74,173.488,170.84,181.444,178.66,174.855,172.184,177.024,174.316,175.193,172.516,192.43,189.544,172.992,170.352,175.791,173.104,193.874,190.964,165.993,163.508,162.561,160.128,161.509,159.092,189.658,186.732,172.796,170.16,176.288,173.592,193.321,190.42,174.322,171.66
1/2/2026 17:10,182.596,179.792,174.644,171.976,161.464,159.048,162.651,160.216,164.584,162.12,192.068,189.1,193.423,190.432,172.1,169.476,174.054,171.396,195.422,192.396,192.939,189.956,175.421,172.74,173.488,170.84,181.444,178.66,174.855,172.184,177.024,174.316,175.193,172.516,192.43,189.544,172.992,170.352,175.791,173.104,193.874,190.964,165.993,163.508,162.561,160.128,161.509,159.092,189.658,186.732,172.796,170.16,176.288,173.592,193.321,190.42,174.322,171.66
1/2/2026 17:15,182.596,179.792,174.644,171.976,161.464,159.048,162.651,160.216,164.584,162.12,192.068,189.1,193.423,190.432,172.1,169.476,174.054,171.396,195.422,192.396,192.939,189.956,175.421,172.74,173.488,170.84,181.444,178.66,174.855,172.184,177.024,174.316,175.193,172.516,192.43,189.544,172.992,170.352,175.791,173.104,193.874,190.964,165.993,163.508,162.561,160.128,161.509,159.092,189.658,186.732,172.796,170.16,176.288,173.592,193.321,190.42,174.322,171.66
1/2/2026 17:20,132.682,130.612,123.423,121.468,122.55,120.488,115.212,113.356,115.532,113.672,140.075,137.908,141.465,139.28,122.868,120.92,127.304,125.304,144.525,142.3,140.683,138.508,132.633,130.564,127.065,125.068,131.993,129.612,132.163,130.1,129.175,127.152,123.305,121.352,144.123,143.892,130.582,128.54,130.136,128.1,149.403,147.116,116.37,114.216,123.223,121.324,114.191,112.348,151.939,149.62,124.046,122.084,131.478,129.424,146.445,144.196,127.846,125.84
1/2/2026 17:25,132.682,130.612,123.423,121.468,122.55,120.488,115.212,113.356,115.532,113.672,140.075,137.908,141.465,139.28,122.868,120.92,127.304,125.304,144.525,142.3,140.683,138.508,132.633,130.564,127.065,125.068,131.993,129.612,132.163,130.1,129.175,127.152,123.305,121.352,144.123,143.892,130.582,128.54,130.136,128.1,149.403,147.116,116.37,114.216,123.223,121.324,114.191,112.348,151.939,149.62,124.046,122.084,131.478,129.424,146.445,144.196,127.846,125.84
1/2/2026 17:30,132.682,130.612,123.423,121.468,122.55,120.488,115.212,113.356,115.532,113.672,140.075,137.908,141.465,139.28,122.868,120.92,127.304,125.304,144.525,142.3,140.683,138.508,132.633,130.564,127.065,125.068,131.993,129.612,132.163,130.1,129.175,127.152,123.305,121.352,144.123,143.892,130.582,128.54,130.136,128.1,149.403,147.116,116.37,114.216,123.223,121.324,114.191,112.348,151.939,149.62,124.046,122.084,131.478,129.424,146.445,144.196,127.846,125.84
1/2/2026 17:35,251.762,247.736,82.166,80.748,247.333,244.264,123.139,121.188,126.612,124.62,228.652,225.044,224.812,221.272,83.805,82.364,178.913,176.172,227.557,223.968,229.145,225.528,200.538,197.424,154.95,152.592,249.937,245.944,209.844,206.568,192.675,189.696,82.202,80.784,241.01,237.18,226.177,222.612,250.792,246.784,243.789,239.908,128.255,126.244,249.226,245.368,121.148,119.22,243.85,239.968,85.663,84.196,253.086,249.036,239.988,236.176,171.523,179.316
1/2/2026 17:40,251.762,247.736,82.166,80.748,247.333,244.264,123.139,121.188,126.612,124.62,228.652,225.044,224.812,221.272,83.805,82.364,178.913,176.172,227.557,223.968,229.145,225.528,200.538,197.424,154.95,152.592,249.937,245.944,209.844,206.568,192.675,189.696,82.202,80.784,241.01,237.18,226.177,222.612,250.792,246.784,243.789,239.908,128.255,126.244,249.226,245.368,121.148,119.22,243.85,239.968,85.663,84.196,253.086,249.036,239.988,236.176,171.523,179.316
1/2/2026 17:45,251.762,247.736,82.166,80.748,247.333,244.264,123.139,121.188,126.612,124.62,228.652,225.044,224.812,221.272,83.805,82.364,178.913,176.172,227.557,223.968,229.145,225.528,200.538,197.424,154.95,152.592,249.937,245.944,209.844,206.568,192.675,189.696,82.202,80.784,241.01,237.18,226.177,222.612,250.792,246.784,243.789,239.908,128.255,126.244,249.226,245.368,121.148,119.22,243.85,239.968,85.663,84.196,253.086,249.036,239.988,236.176,171.523,179.316
1/2/2026 17:50,206.372,203.156,139.577,137.416,211.348,208.096,197.067,194.012,200.95,197.828,134.843,132.744,138.268,136.124,130.607,128.564,182.178,179.38,143.634,137.36,136.08,133.964,99.355,97.7,185.076,182.228,205.639,202.436,98.739,97.092,188.641,185.732,140.907,134.844,144.197,141.98,98.508,96.956,191.727,188.764,145.105,142.872,201.475,198.344,213.345,210.108,196.037,193,145.619,143.38,132.063,130,194.429,191.42,144.829,142.6,181.791,179
1/2/2026 17:55,206.372,203.156,139.577,137.416,211.348,208.096,197.067,194.012,200.95,197.828,134.843,132.744,138.268,136.124,130.607,128.564,182.178,179.38,143.634,137.36,136.08,133.964,99.355,97.7,185.076,182.228,205.639,202.436,98.739,97.092,188.641,185.732,140.907,134.844,144.197,141.98,98.508,96.956,191.727,188.764,145.105,142.872,201.475,198.344,213.345,210.108,196.037,193,145.619,143.38,132.063,130,194.429,191.42,144.829,142.6,181.791,179
1/2/2026 18:00,206.372,203.156,139.577,137.416,211.348,208.096,197.067,194.012,200.95,197.828,134.843,132.744,138.268,136.124,130.607,128.564,182.178,179.38,143.634,137.36,136.08,133.964,99.355,97.7,185.076,182.228,205.639,202.436,98.739,97.092,188.641,185.732,140.907,134.844,144.197,141.98,98.508,96.956,191.727,188.764,145.105,142.872,201.475,198.344,213.345,210.108,196.037,193,145.619,143.38,132.063,130,194.429,191.42,144.829,142.6,181.791,179
1/2/2026 18:05,127.932,125.924,79.893,78.508,91.766,90.272,91.947,90.392,71.903,70.636,78.011,76.652,58.597,57.464,75.128,73.812,96.396,94.78,59.722,58.584,73.918,72.62,52.207,51.112,86.318,84.84,125.29,123.312,51.421,50.332,89.891,88.364,79.987,78.6,57.6,56.472,52.449,51.116,117.29,115.408,65.133,63.968,73.962,72.664,96.044,94.492,88.239,86.736,63.95,62.8,74.953,73.64,135.958,133.844,57.685,56.556,98.305,93.892
1/2/2026 18:10,127.932,125.924,79.893,78.508,91.766,90.272,91.947,90.392,71.903,70.636,78.011,76.652,58.597,57.464,75.128,73.812,96.396,94.78,59.722,58.584,73.918,72.62,52.207,51.112,86.318,84.84,125.29,123.312,51.421,50.332,89.891,88.364,79.987,78.6,57.6,56.472,52.449,51.116,117.29,115.408,65.133,63.968,73.962,72.664,96.044,94.492,88.239,86.736,63.95,62.8,74.953,73.64,135.958,133.844,57.685,56.556,98.305,93.892
1/2/2026 18:15,127.932,125.924,79.893,78.508,91.766,90.272,91.947,90.392,71.903,70.636,78.011,76.652,58.597,57.464,75.128,73.812,96.396,94.78,59.722,58.584,73.918,72.62,52.207,51.112,86.318,84.84,125.29,123.312,51.421,50.332,89.891,88.364,79.987,78.6,57.6,56.472,52.449,51.116,117.29,115.408,65.133,63.968,73.962,72.664,96.044,94.492,88.239,86.736,63.95,62.8,74.953,73.64,135.958,133.844,57.685,56.556,98.305,93.892
1/2/2026 18:20,41.793,40.804,40.358,39.388,38.996,38.104,38.201,37.28,37.609,36.696,43.093,42.088,42.607,41.608,39.116,38.164,41.278,40.296,43.02,42.016,43.295,42.288,38.544,37.6,41.541,40.556,41.501,40.516,38.021,37.084,41.699,40.712,39.98,39.016,43.704,42.716,38.747,37.8,41.067,40.088,42.671,41.672,38.258,37.336,39.211,38.276,37.581,36.668,42.926,41.924,39.737,38.776,41.335,40.352,43.672,42.684,41.525,40.54
1/2/2026 18:25,41.793,40.804,40.358,39.388,38.996,38.104,38.201,37.28,37.609,36.696,43.093,42.088,42.607,41.608,39.116,38.164,41.278,40.296,43.02,42.016,43.295,42.288,38.544,37.6,41.541,40.556,41.501,40.516,38.021,37.084,41.699,40.712,39.98,39.016,43.704,42.716,38.747,37.8,41.067,40.088,42.671,41.672,38.258,37.336,39.211,38.276,37.581,36.668,42.926,41.924,39.737,38.776,41.335,40.352,43.672,42.684,41.525,40.54
1/2/2026 18:30,41.793,40.804,40.358,39.388,38.996,38.104,38.201,37.28,37.609,36.696,43.093,42.088,42.607,41.608,39.116,38.164,41.278,40.296,43.02,42.016,43.295,42.288,38.544,37.6,41.541,40.556,41.501,40.516,38.021,37.084,41.699,40.712,39.98,39.016,43.704,42.716,38.747,37.8,41.067,40.088,42.671,41.672,38.258,37.336,39.211,38.276,37.581,36.668,42.926,41.924,39.737,38.776,41.335,40.352,43.672,42.684,41.525,40.54
1/2/2026 18:35,20.163,19.632,18.801,18.304,18.826,18.328,17.759,17.288,17.402,16.94,20.487,19.948,20.351,19.816,17.706,17.236,19.531,19.016,20.438,19.9,20.647,20.104,17.316,16.856,19.568,19.052,19.921,19.396,17.078,16.624,19.339,18.828,18.099,17.62,20.023,19.5,17.156,16.7,19.786,19.264,19.83,19.308,18.034,17.556,18.69,18.196,17.316,16.856,19.916,19.392,18.341,17.856,19.839,19.316,19.912,19.388,19.65,19.132
1/2/2026 18:40,20.163,19.632,18.801,18.304,18.826,18.328,17.759,17.288,17.402,16.94,20.487,19.948,20.351,19.816,17.706,17.236,19.531,19.016,20.438,19.9,20.647,20.104,17.316,16.856,19.568,19.052,19.921,19.396,17.078,16.624,19.339,18.828,18.099,17.62,20.023,19.5,17.156,16.7,19.786,19.264,19.83,19.308,18.034,17.556,18.69,18.196,17.316,16.856,19.916,19.392,18.341,17.856,19.839,19.316,19.912,19.388,19.65,19.132
1/2/2026 18:45,20.163,19.632,18.801,18.304,18.826,18.328,17.759,17.288,17.402,16.94,20.487,19.948,20.351,19.816,17.706,17.236,19.531,19.016,20.438,19.9,20.647,20.104,17.316,16.856,19.568,19.052,19.921,19.396,17.078,16.624,19.339,18.828,18.099,17.62,20.023,19.5,17.156,16.7,19.786,19.264,19.83,19.308,18.034,17.556,18.69,18.196,17.316,16.856,19.916,19.392,18.341,17.856,19.839,19.316,19.912,19.388,19.65,19.132
1/2/2026 18:50,14.666,14.272,14.456,14.068,13.841,13.476,13.443,13.08,13.016,12.664,14.756,14.36,14.65,14.256,13.341,12.98,14.51,14.12,14.691,14.296,14.842,14.444,12.968,12.616,14.682,14.288,14.518,14.128,12.824,12.476,14.346,13.96,13.689,13.32,14.686,14.292,12.865,12.516,14.465,14.076,14.522,14.132,13.656,13.288,13.664,13.296,13.086,12.732,14.633,14.24,14.005,13.628,14.477,14.088,14.592,14.2,14.617,14.24
1/2/2026 18:55,14.666,14.272,14.456,14.068,13.841,13.476,13.443,13.08,13.016,12.664,14.756,14.36,14.65,14.256,13.341,12.98,14.51,14.12,14.691,14.296,14.842,14.444,12.968,12.616,14.682,14.288,14.518,14.128,12.824,12.476,14.346,13.96,13.689,13.32,14.686,14.292,12.865,12.516,14.465,14.076,14.522,14.132,13.656,13.288,13.664,13.296,13.086,12.732,14.633,14.24,14.005,13.628,14.477,14.088,14.592,14.2,14.617,14.24
1/2/2026 19:00,14.666,14.272,14.456,14.068,13.841,13.476,13.443,13.08,13.016,12.664,14.756,14.36,14.65,14.256,13.341,12.98,14.51,14.12,14.691,14.296,14.842,14.444,12.968,12.616,14.682,14.288,14.518,14.128,12.824,12.476,14.346,13.96,13.689,13.32,14.686,14.292,12.865,12.516,14.465,14.076,14.522,14.132,13.656,13.288,13.664,13.296,13.086,12.732,14.633,14.24,14.005,13.628,14.477,14.088,14.592,14.2,14.617,14.24
1/2/2026 19:05,6.916,6.716,6.773,6.576,6.364,6.192,6.056,5.892,5.811,5.652,6.908,6.708,6.859,6.66,5.858,5.684,6.736,6.54,6.785,6.588,7.007,6.804,5.94,5.764,6.867,6.668,6.752,6.556,5.915,5.74,6.383,6.196,6.034,5.856,6.859,6.66,5.952,5.776,6.703,6.508,6.621,6.428,6.347,6.176,6.208,6.04,5.823,5.664,6.691,6.496,6.395,6.208,6.654,6.46,6.682,6.488,6.814,6.616
1/2/2026 19:10,6.916,6.716,6.773,6.576,6.364,6.192,6.056,5.892,5.811,5.652,6.908,6.708,6.859,6.66,5.858,5.684,6.736,6.54,6.785,6.588,7.007,6.804,5.94,5.764,6.867,6.668,6.752,6.556,5.915,5.74,6.383,6.196,6.034,5.856,6.859,6.66,5.952,5.776,6.703,6.508,6.621,6.428,6.347,6.176,6.208,6.04,5.823,5.664,6.691,6.496,6.395,6.208,6.654,6.46,6.682,6.488,6.814,6.616
1/2/2026 19:15,6.916,6.716,6.773,6.576,6.364,6.192,6.056,5.892,5.811,5.652,6.908,6.708,6.859,6.66,5.858,5.684,6.736,6.54,6.785,6.588,7.007,6.804,5.94,5.764,6.867,6.668,6.752,6.556,5.915,5.74,6.383,6.196,6.034,5.856,6.859,6.66,5.952,5.776,6.703,6.508,6.621,6.428,6.347,6.176,6.208,6.04,5.823,5.664,6.691,6.496,6.395,6.208,6.654,6.46,6.682,6.488,6.814,6.616
1/2/2026 19:20,2.233,2.156,1.73,1.664,1.235,1.18,1.124,1.072,0.928,0.88,1.501,1.44,1.411,1.352,0.916,0.868,1.513,1.452,1.333,1.276,1.579,1.516,1.198,1.144,1.603,1.54,2.131,2.056,1.182,1.128,1.182,1.128,1.047,0.968,1.501,1.44,1.178,1.124,0,0,1.268,1.212,1.386,1.328,1.006,0.956,1.018,0.968,1.354,1.296,1.309,1.252,2.012,1.94,1.341,1.284,1.55,1.488
1/2/2026 19:25,2.233,2.156,1.73,1.664,1.235,1.18,1.124,1.072,0.928,0.88,1.501,1.44,1.411,1.352,0.916,0.868,1.513,1.452,1.333,1.276,1.579,1.516,1.198,1.144,1.603,1.54,2.131,2.056,1.182,1.128,1.182,1.128,1.047,0.968,1.501,1.44,1.178,1.124,0,0,1.268,1.212,1.386,1.328,1.006,0.956,1.018,0.968,1.354,1.296,1.309,1.252,2.012,1.94,1.341,1.284,1.55,1.488
1/2/2026 19:30,2.233,2.156,1.73,1.664,1.235,1.18,1.124,1.072,0.928,0.88,1.501,1.44,1.411,1.352,0.916,0.868,1.513,1.452,1.333,1.276,1.579,1.516,1.198,1.144,1.603,1.54,2.131,2.056,1.182,1.128,1.182,1.128,1.047,0.968,1.501,1.44,1.178,1.124,0,0,1.268,1.212,1.386,1.328,1.006,0.956,1.018,0.968,1.354,1.296,1.309,1.252,2.012,1.94,1.341,1.284,1.55,1.488
1/2/2026 19:35,0,0,0,0,0,0,0,0,0,0,0,0,0,0,0,0,0,0,0,0,0,0,0,0,0,0,0,0,0,0,0,0,0,0,0,0,0,0,0,0,0,0,0,0,0,0,0,0,0,0,0,0,0,0,0,0,0,0
1/2/2026 19:40,0,0,0,0,0,0,0,0,0,0,0,0,0,0,0,0,0,0,0,0,0,0,0,0,0,0,0,0,0,0,0,0,0,0,0,0,0,0,0,0,0,0,0,0,0,0,0,0,0,0,0,0,0,0,0,0,0,0
1/2/2026 19:45,0,0,0,0,0,0,0,0,0,0,0,0,0,0,0,0,0,0,0,0,0,0,0,0,0,0,0,0,0,0,0,0,0,0,0,0,0,0,0,0,0,0,0,0,0,0,0,0,0,0,0,0,0,0,0,0,0,0
1/2/2026 19:50,0,0,0,0,0,0,0,0,0,0,0,0,0,0,0,0,0,0,0,0,0,0,0,0,0,0,0,0,0,0,0,0,0,0,0,0,0,0,0,0,0,0,0,0,0,0,0,0,0,0,0,0,0,0,0,0,0,0
1/2/2026 19:55,0,0,0,0,0,0,0,0,0,0,0,0,0,0,0,0,0,0,0,0,0,0,0,0,0,0,0,0,0,0,0,0,0,0,0,0,0,0,0,0,0,0,0,0,0,0,0,0,0,0,0,0,0,0,0,0,0,0
1/2/2026 20:00,0,0,0,0,0,0,0,0,0,0,0,0,0,0,0,0,0,0,0,0,0,0,0,0,0,0,0,0,0,0,0,0,0,0,0,0,0,0,0,0,0,0,0,0,0,0,0,0,0,0,0,0,0,0,0,0,0,0
1/2/2026 20:05,0,0,0,0,0,0,0,0,0,0,0,0,0,0,0,0,0,0,0,0,0,0,0,0,0,0,0,0,0,0,0,0,0,0,0,0,0,0,0,0,0,0,0,0,0,0,0,0,0,0,0,0,0,0,0,0,0,0
1/2/2026 20:10,0,0,0,0,0,0,0,0,0,0,0,0,0,0,0,0,0,0,0,0,0,0,0,0,0,0,0,0,0,0,0,0,0,0,0,0,0,0,0,0,0,0,0,0,0,0,0,0,0,0,0,0,0,0,0,0,0,0
1/2/2026 20:15,0,0,0,0,0,0,0,0,0,0,0,0,0,0,0,0,0,0,0,0,0,0,0,0,0,0,0,0,0,0,0,0,0,0,0,0,0,0,0,0,0,0,0,0,0,0,0,0,0,0,0,0,0,0,0,0,0,0
1/2/2026 20:20,0,0,0,0,0,0,0,0,0,0,0,0,0,0,0,0,0,0,0,0,0,0,0,0,0,0,0,0,0,0,0,0,0,0,0,0,0,0,0,0,0,0,0,0,0,0,0,0,0,0,0,0,0,0,0,0,0,0
1/2/2026 20:25,0,0,0,0,0,0,0,0,0,0,0,0,0,0,0,0,0,0,0,0,0,0,0,0,0,0,0,0,0,0,0,0,0,0,0,0,0,0,0,0,0,0,0,0,0,0,0,0,0,0,0,0,0,0,0,0,0,0
1/2/2026 20:30,0,0,0,0,0,0,0,0,0,0,0,0,0,0,0,0,0,0,0,0,0,0,0,0,0,0,0,0,0,0,0,0,0,0,0,0,0,0,0,0,0,0,0,0,0,0,0,0,0,0,0,0,0,0,0,0,0,0
1/2/2026 20:35,0,0,0,0,0,0,0,0,0,0,0,0,0,0,0,0,0,0,0,0,0,0,0,0,0,0,0,0,0,0,0,0,0,0,0,0,0,0,0,0,0,0,0,0,0,0,0,0,0,0,0,0,0,0,0,0,0,0
1/2/2026 20:40,0,0,0,0,--,--,0,0,0,0,0,0,0,0,0,0,0,0,0,0,0,0,0,0,0,0,0,0,0,0,0,0,0,0,0,0,0,0,0,0,0,0,0,0,--,--,0,0,0,0,0,0,0,0,0,0,0,0
1/2/2026 20:45,0,0,0,0,--,--,0,0,0,0,0,0,0,0,0,0,0,0,0,0,0,0,0,0,0,0,0,0,0,0,0,0,0,0,0,0,0,0,0,0,0,0,0,0,--,--,0,0,0,0,0,0,0,0,0,0,0,0
1/2/2026 20:50,0,0,0,0,--,--,0,0,0,0,0,0,0,0,0,0,0,0,0,0,0,0,0,0,0,0,0,0,0,0,0,0,0,0,0,0,0,0,0,0,0,0,0,0,--,--,0,0,0,0,0,0,0,0,0,0,0,0
1/2/2026 20:55,0,0,0,0,--,--,0,0,0,0,0,0,0,0,0,0,0,0,0,0,0,0,0,0,0,0,0,0,0,0,0,0,0,0,0,0,0,0,0,0,0,0,0,0,--,--,0,0,0,0,0,0,0,0,0,0,0,0
1/2/2026 21:00,0,0,0,0,--,--,0,0,0,0,0,0,0,0,0,0,0,0,0,0,0,0,0,0,0,0,0,0,0,0,0,0,0,0,0,0,0,0,0,0,0,0,0,0,--,--,0,0,0,0,0,0,0,0,0,0,0,0
1/2/2026 21:05,0,0,0,0,--,--,0,0,0,0,0,0,0,0,0,0,0,0,0,0,0,0,0,0,0,0,0,0,0,0,0,0,0,0,0,0,0,0,0,0,0,0,0,0,--,--,0,0,0,0,0,0,0,0,0,0,0,0
1/2/2026 21:10,0,0,0,0,--,--,0,0,0,0,0,0,0,0,0,0,0,0,0,0,0,0,0,0,0,0,0,0,0,0,0,0,0,0,0,0,0,0,0,0,0,0,0,0,--,--,0,0,0,0,0,0,0,0,0,0,0,0
1/2/2026 21:15,0,0,0,0,--,--,0,0,0,0,0,0,0,0,0,0,0,0,0,0,0,0,0,0,0,0,0,0,0,0,0,0,0,0,0,0,0,0,0,0,0,0,0,0,--,--,0,0,0,0,0,0,0,0,0,0,0,0
1/2/2026 21:20,0,0,0,0,--,--,0,0,0,0,0,0,0,0,0,0,0,0,0,0,0,0,0,0,0,0,0,0,0,0,0,0,0,0,0,0,0,0,0,0,0,0,0,0,--,--,0,0,0,0,0,0,0,0,0,0,0,0
1/2/2026 21:25,0,0,0,0,--,--,0,0,0,0,0,0,0,0,0,0,0,0,0,0,0,0,0,0,0,0,0,0,0,0,0,0,0,0,0,0,0,0,0,0,0,0,0,0,--,--,0,0,0,0,0,0,0,0,0,0,0,0
1/2/2026 21:30,0,0,0,0,--,--,0,0,0,0,0,0,0,0,0,0,0,0,0,0,0,0,0,0,0,0,0,0,0,0,0,0,0,0,0,0,0,0,0,0,0,0,0,0,--,--,0,0,0,0,0,0,0,0,0,0,0,0
1/2/2026 21:35,0,0,0,0,--,--,0,0,0,0,0,0,0,0,0,0,0,0,0,0,0,0,0,0,0,0,0,0,0,0,0,0,0,0,0,0,0,0,0,0,0,0,0,0,--,--,0,0,0,0,0,0,0,0,0,0,0,0
1/2/2026 21:40,0,0,0,0,--,--,0,0,0,0,0,0,0,0,0,0,0,0,0,0,0,0,0,0,0,0,0,0,0,0,0,0,0,0,0,0,0,0,0,0,0,0,0,0,--,--,0,0,0,0,0,0,0,0,0,0,0,0
1/2/2026 21:45,0,0,0,0,--,--,0,0,0,0,0,0,0,0,0,0,0,0,0,0,0,0,0,0,0,0,0,0,0,0,0,0,0,0,0,0,0,0,0,0,0,0,0,0,--,--,0,0,0,0,0,0,0,0,0,0,0,0
1/2/2026 21:50,0,0,0,0,--,--,0,0,0,0,0,0,0,0,0,0,0,0,0,0,0,0,0,0,0,0,0,0,0,0,0,0,0,0,0,0,0,0,0,0,0,0,0,0,--,--,0,0,0,0,0,0,0,0,0,0,0,0
1/2/2026 21:55,0,0,0,0,--,--,0,0,0,0,0,0,0,0,0,0,0,0,0,0,0,0,0,0,0,0,0,0,0,0,0,0,0,0,0,0,0,0,0,0,0,0,0,0,--,--,0,0,0,0,0,0,0,0,0,0,0,0
1/2/2026 22:00,0,0,0,0,--,--,0,0,0,0,0,0,0,0,0,0,0,0,0,0,0,0,0,0,0,0,0,0,0,0,0,0,0,0,0,0,0,0,0,0,0,0,0,0,--,--,0,0,0,0,0,0,0,0,0,0,0,0
1/2/2026 22:05,0,0,0,0,--,--,0,0,0,0,0,0,0,0,0,0,0,0,0,0,0,0,0,0,0,0,0,0,0,0,0,0,0,0,0,0,0,0,0,0,0,0,0,0,--,--,0,0,0,0,0,0,0,0,0,0,0,0
1/2/2026 22:10,0,0,0,0,--,--,0,0,0,0,0,0,0,0,0,0,0,0,0,0,0,0,0,0,0,0,0,0,0,0,0,0,0,0,0,0,0,0,0,0,0,0,0,0,--,--,0,0,0,0,0,0,0,0,0,0,0,0
1/2/2026 22:15,0,0,0,0,--,--,0,0,0,0,0,0,0,0,0,0,0,0,0,0,0,0,0,0,0,0,0,0,0,0,0,0,0,0,0,0,0,0,0,0,0,0,0,0,--,--,0,0,0,0,0,0,0,0,0,0,0,0
1/2/2026 22:20,0,0,0,0,--,--,0,0,0,0,0,0,0,0,0,0,0,0,0,0,0,0,0,0,0,0,0,0,0,0,0,0,0,0,0,0,0,0,0,0,0,0,0,0,--,--,0,0,0,0,0,0,0,0,0,0,0,0
1/2/2026 22:25,0,0,0,0,--,--,0,0,0,0,0,0,0,0,0,0,0,0,0,0,0,0,0,0,0,0,0,0,0,0,0,0,0,0,0,0,0,0,0,0,0,0,0,0,--,--,0,0,0,0,0,0,0,0,0,0,0,0
1/2/2026 22:30,0,0,0,0,--,--,0,0,0,0,0,0,0,0,0,0,0,0,0,0,0,0,0,0,0,0,0,0,0,0,0,0,0,0,0,0,0,0,0,0,0,0,0,0,--,--,0,0,0,0,0,0,0,0,0,0,0,0
1/2/2026 22:35,0,0,0,0,--,--,0,0,0,0,0,0,0,0,0,0,0,0,0,0,0,0,0,0,0,0,0,0,0,0,0,0,0,0,0,0,0,0,0,0,0,0,0,0,--,--,0,0,0,0,0,0,0,0,0,0,0,0
1/2/2026 22:40,0,0,0,0,--,--,0,0,0,0,0,0,0,0,0,0,0,0,0,0,0,0,0,0,0,0,0,0,0,0,0,0,0,0,0,0,0,0,0,0,0,0,0,0,--,--,0,0,0,0,0,0,0,0,0,0,0,0
1/2/2026 22:45,0,0,0,0,--,--,0,0,0,0,0,0,0,0,0,0,0,0,0,0,0,0,0,0,0,0,0,0,0,0,0,0,0,0,0,0,0,0,0,0,0,0,0,0,--,--,0,0,0,0,0,0,0,0,0,0,0,0
1/2/2026 22:50,0,0,0,0,--,--,0,0,0,0,0,0,0,0,0,0,0,0,0,0,0,0,0,0,0,0,0,0,0,0,0,0,0,0,0,0,0,0,0,0,0,0,0,0,--,--,0,0,0,0,0,0,0,0,0,0,0,0
1/2/2026 22:55,0,0,0,0,--,--,0,0,0,0,0,0,0,0,0,0,0,0,0,0,0,0,0,0,0,0,0,0,0,0,0,0,0,0,0,0,0,0,0,0,0,0,0,0,--,--,0,0,0,0,0,0,0,0,0,0,0,0
1/2/2026 23:00,0,0,0,0,--,--,0,0,0,0,0,0,0,0,0,0,0,0,0,0,0,0,0,0,0,0,0,0,0,0,0,0,0,0,0,0,0,0,0,0,0,0,0,0,--,--,0,0,0,0,0,0,0,0,0,0,0,0
1/2/2026 23:05,0,0,0,0,--,--,0,0,0,0,0,0,0,0,0,0,0,0,0,0,0,0,0,0,0,0,0,0,0,0,0,0,0,0,0,0,0,0,0,0,0,0,0,0,--,--,0,0,0,0,0,0,0,0,0,0,0,0
1/2/2026 23:10,0,0,0,0,--,--,0,0,0,0,0,0,0,0,0,0,0,0,0,0,0,0,0,0,0,0,0,0,0,0,0,0,0,0,0,0,0,0,0,0,0,0,0,0,--,--,0,0,0,0,0,0,0,0,0,0,0,0
1/2/2026 23:15,0,0,0,0,--,--,0,0,0,0,0,0,0,0,0,0,0,0,0,0,0,0,0,0,0,0,0,0,0,0,0,0,0,0,0,0,0,0,0,0,0,0,0,0,--,--,0,0,0,0,0,0,0,0,0,0,0,0
1/2/2026 23:20,0,0,0,0,--,--,0,0,0,0,0,0,0,0,0,0,0,0,0,0,0,0,0,0,0,0,0,0,0,0,0,0,0,0,0,0,0,0,0,0,0,0,0,0,--,--,0,0,0,0,0,0,0,0,0,0,0,0
1/2/2026 23:25,0,0,0,0,--,--,0,0,0,0,0,0,0,0,0,0,0,0,0,0,0,0,0,0,0,0,0,0,0,0,0,0,0,0,0,0,0,0,0,0,0,0,0,0,--,--,0,0,0,0,0,0,0,0,0,0,0,0
1/2/2026 23:30,0,0,0,0,--,--,0,0,0,0,0,0,0,0,0,0,0,0,0,0,0,0,0,0,0,0,0,0,0,0,0,0,0,0,0,0,0,0,0,0,0,0,0,0,--,--,0,0,0,0,0,0,0,0,0,0,0,0
1/2/2026 23:35,0,0,0,0,--,--,0,0,0,0,0,0,0,0,0,0,0,0,0,0,0,0,0,0,0,0,0,0,0,0,0,0,0,0,0,0,0,0,0,0,0,0,0,0,--,--,0,0,0,0,0,0,0,0,0,0,0,0
1/2/2026 23:40,0,0,0,0,--,--,0,0,0,0,0,0,0,0,0,0,0,0,0,0,0,0,0,0,0,0,0,0,0,0,0,0,0,0,0,0,0,0,0,0,0,0,0,0,--,--,0,0,0,0,0,0,0,0,0,0,0,0
1/2/2026 23:45,0,0,0,0,--,--,0,0,0,0,0,0,0,0,0,0,0,0,0,0,0,0,0,0,0,0,0,0,0,0,0,0,0,0,0,0,0,0,0,0,0,0,0,0,--,--,0,0,0,0,0,0,0,0,0,0,0,0
1/2/2026 23:50,0,0,0,0,--,--,0,0,0,0,0,0,0,0,0,0,0,0,0,0,0,0,0,0,0,0,0,0,0,0,0,0,0,0,0,0,0,0,0,0,0,0,0,0,--,--,0,0,0,0,0,0,0,0,0,0,0,0
1/2/2026 23:55,0,0,0,0,--,--,0,0,0,0,0,0,0,0,0,0,0,0,0,0,0,0,0,0,0,0,0,0,0,0,0,0,0,0,0,0,0,0,0,0,0,0,0,0,--,--,0,0,0,0,0,0,0,0,0,0,0,0
2/2/2026 0:00,--,--,--,--,--,--,--,--,--,--,--,--,--,--,--,--,--,--,--,--,--,--,--,--,--,--,--,--,--,--,--,--,--,--,--,--,--,--,--,--,--,--,--,--,--,--,--,--,--,--,--,--,--,--,--,--,--,--
2/2/2026 0:05,--,--,--,--,--,--,--,--,--,--,--,--,--,--,--,--,--,--,--,--,--,--,--,--,--,--,--,--,--,--,--,--,--,--,--,--,--,--,--,--,--,--,--,--,--,--,--,--,--,--,--,--,--,--,--,--,--,--
2/2/2026 0:10,--,--,--,--,--,--,--,--,--,--,--,--,--,--,--,--,--,--,--,--,--,--,--,--,--,--,--,--,--,--,--,--,--,--,--,--,--,--,--,--,--,--,--,--,--,--,--,--,--,--,--,--,--,--,--,--,--,--
2/2/2026 0:15,--,--,--,--,--,--,--,--,--,--,--,--,--,--,--,--,--,--,--,--,--,--,--,--,--,--,--,--,--,--,--,--,--,--,--,--,--,--,--,--,--,--,--,--,--,--,--,--,--,--,--,--,--,--,--,--,--,--
2/2/2026 0:20,0,0,0,0,--,--,0,0,0,0,0,0,0,0,0,0,0,0,0,0,0,0,0,0,0,0,0,0,0,0,0,0,0,0,0,0,0,0,0,0,0,0,0,0,--,--,0,0,0,0,0,0,0,0,0,0,0,0
2/2/2026 0:25,0,0,0,0,--,--,0,0,0,0,0,0,0,0,0,0,0,0,0,0,0,0,0,0,0,0,0,0,0,0,0,0,0,0,0,0,0,0,0,0,0,0,0,0,--,--,0,0,0,0,0,0,0,0,0,0,0,0
2/2/2026 0:30,0,0,0,0,--,--,0,0,0,0,0,0,0,0,0,0,0,0,0,0,0,0,0,0,0,0,0,0,0,0,0,0,0,0,0,0,0,0,0,0,0,0,0,0,--,--,0,0,0,0,0,0,0,0,0,0,0,0
2/2/2026 0:35,0,0,0,0,--,--,0,0,0,0,0,0,0,0,0,0,0,0,0,0,0,0,0,0,0,0,0,0,0,0,0,0,0,0,0,0,0,0,0,0,0,0,0,0,--,--,0,0,0,0,0,0,0,0,0,0,0,0
2/2/2026 0:40,0,0,0,0,--,--,0,0,0,0,0,0,0,0,0,0,0,0,0,0,0,0,0,0,0,0,0,0,0,0,0,0,0,0,0,0,0,0,0,0,0,0,0,0,--,--,0,0,0,0,0,0,0,0,0,0,0,0
2/2/2026 0:45,0,0,0,0,--,--,0,0,0,0,0,0,0,0,0,0,0,0,0,0,0,0,0,0,0,0,0,0,0,0,0,0,0,0,0,0,0,0,0,0,0,0,0,0,--,--,0,0,0,0,0,0,0,0,0,0,0,0
2/2/2026 0:50,0,0,0,0,--,--,0,0,0,0,0,0,0,0,0,0,0,0,0,0,0,0,0,0,0,0,0,0,0,0,0,0,0,0,0,0,0,0,0,0,0,0,0,0,--,--,0,0,0,0,0,0,0,0,0,0,0,0
2/2/2026 0:55,0,0,0,0,--,--,0,0,0,0,0,0,0,0,0,0,0,0,0,0,0,0,0,0,0,0,0,0,0,0,0,0,0,0,0,0,0,0,0,0,0,0,0,0,--,--,0,0,0,0,0,0,0,0,0,0,0,0
2/2/2026 1:00,0,0,0,0,--,--,0,0,0,0,0,0,0,0,0,0,0,0,0,0,0,0,0,0,0,0,0,0,0,0,0,0,0,0,0,0,0,0,0,0,0,0,0,0,--,--,0,0,0,0,0,0,0,0,0,0,0,0
2/2/2026 1:05,0,0,0,0,--,--,0,0,0,0,0,0,0,0,0,0,0,0,0,0,0,0,0,0,0,0,0,0,0,0,0,0,0,0,0,0,0,0,0,0,0,0,0,0,--,--,0,0,0,0,0,0,0,0,0,0,0,0
2/2/2026 1:10,0,0,0,0,--,--,0,0,0,0,0,0,0,0,0,0,0,0,0,0,0,0,0,0,0,0,0,0,0,0,0,0,0,0,0,0,0,0,0,0,0,0,0,0,--,--,0,0,0,0,0,0,0,0,0,0,0,0
2/2/2026 1:15,0,0,0,0,--,--,0,0,0,0,0,0,0,0,0,0,0,0,0,0,0,0,0,0,0,0,0,0,0,0,0,0,0,0,0,0,0,0,0,0,0,0,0,0,--,--,0,0,0,0,0,0,0,0,0,0,0,0
2/2/2026 1:20,0,0,0,0,--,--,0,0,0,0,0,0,0,0,0,0,0,0,0,0,0,0,0,0,0,0,0,0,0,0,0,0,0,0,0,0,0,0,0,0,0,0,0,0,--,--,0,0,0,0,0,0,0,0,0,0,0,0
2/2/2026 1:25,0,0,0,0,--,--,0,0,0,0,0,0,0,0,0,0,0,0,0,0,0,0,0,0,0,0,0,0,0,0,0,0,0,0,0,0,0,0,0,0,0,0,0,0,--,--,0,0,0,0,0,0,0,0,0,0,0,0
2/2/2026 1:30,0,0,0,0,--,--,0,0,0,0,0,0,0,0,0,0,0,0,0,0,0,0,0,0,0,0,0,0,0,0,0,0,0,0,0,0,0,0,0,0,0,0,0,0,--,--,0,0,0,0,0,0,0,0,0,0,0,0
2/2/2026 1:35,0,0,0,0,--,--,0,0,0,0,0,0,0,0,0,0,0,0,0,0,0,0,0,0,0,0,0,0,0,0,0,0,0,0,0,0,0,0,0,0,0,0,0,0,--,--,0,0,0,0,0,0,0,0,0,0,0,0
2/2/2026 1:40,0,0,0,0,--,--,0,0,0,0,0,0,0,0,0,0,0,0,0,0,0,0,0,0,0,0,0,0,0,0,0,0,0,0,0,0,0,0,0,0,0,0,0,0,--,--,0,0,0,0,0,0,0,0,0,0,0,0
2/2/2026 1:45,0,0,0,0,--,--,0,0,0,0,0,0,0,0,0,0,0,0,0,0,0,0,0,0,0,0,0,0,0,0,0,0,0,0,0,0,0,0,0,0,0,0,0,0,--,--,0,0,0,0,0,0,0,0,0,0,0,0
2/2/2026 1:50,0,0,0,0,--,--,0,0,0,0,0,0,0,0,0,0,0,0,0,0,0,0,0,0,0,0,0,0,0,0,0,0,0,0,0,0,0,0,0,0,0,0,0,0,--,--,0,0,0,0,0,0,0,0,0,0,0,0
2/2/2026 1:55,0,0,0,0,--,--,0,0,0,0,0,0,0,0,0,0,0,0,0,0,0,0,0,0,0,0,0,0,0,0,0,0,0,0,0,0,0,0,0,0,0,0,0,0,--,--,0,0,0,0,0,0,0,0,0,0,0,0
2/2/2026 2:00,0,0,0,0,--,--,0,0,0,0,0,0,0,0,0,0,0,0,0,0,0,0,0,0,0,0,0,0,0,0,0,0,0,0,0,0,0,0,0,0,0,0,0,0,--,--,0,0,0,0,0,0,0,0,0,0,0,0
2/2/2026 2:05,0,0,0,0,--,--,0,0,0,0,0,0,0,0,0,0,0,0,0,0,0,0,0,0,0,0,0,0,0,0,0,0,0,0,0,0,0,0,0,0,0,0,0,0,--,--,0,0,0,0,0,0,0,0,0,0,0,0
2/2/2026 2:10,0,0,0,0,--,--,0,0,0,0,0,0,0,0,0,0,0,0,0,0,0,0,0,0,0,0,0,0,0,0,0,0,0,0,0,0,0,0,0,0,0,0,0,0,--,--,0,0,0,0,0,0,0,0,0,0,0,0
2/2/2026 2:15,0,0,0,0,--,--,0,0,0,0,0,0,0,0,0,0,0,0,0,0,0,0,0,0,0,0,0,0,0,0,0,0,0,0,0,0,0,0,0,0,0,0,0,0,--,--,0,0,0,0,0,0,0,0,0,0,0,0
2/2/2026 2:20,0,0,0,0,--,--,0,0,0,0,0,0,0,0,0,0,0,0,0,0,0,0,0,0,0,0,0,0,0,0,0,0,0,0,0,0,0,0,0,0,0,0,0,0,--,--,0,0,0,0,0,0,0,0,0,0,0,0
2/2/2026 2:25,0,0,0,0,--,--,0,0,0,0,0,0,0,0,0,0,0,0,0,0,0,0,0,0,0,0,0,0,0,0,0,0,0,0,0,0,0,0,0,0,0,0,0,0,--,--,0,0,0,0,0,0,0,0,0,0,0,0
2/2/2026 2:30,0,0,0,0,--,--,0,0,0,0,0,0,0,0,0,0,0,0,0,0,0,0,0,0,0,0,0,0,0,0,0,0,0,0,0,0,0,0,0,0,0,0,0,0,--,--,0,0,0,0,0,0,0,0,0,0,0,0
2/2/2026 2:35,0,0,0,0,--,--,0,0,0,0,0,0,0,0,0,0,0,0,0,0,0,0,0,0,0,0,0,0,0,0,0,0,0,0,0,0,0,0,0,0,0,0,0,0,--,--,0,0,0,0,0,0,0,0,0,0,0,0
2/2/2026 2:40,0,0,0,0,--,--,0,0,0,0,0,0,0,0,0,0,0,0,0,0,0,0,0,0,0,0,0,0,0,0,0,0,0,0,0,0,0,0,0,0,0,0,0,0,--,--,0,0,0,0,0,0,0,0,0,0,0,0
2/2/2026 2:45,0,0,0,0,--,--,0,0,0,0,0,0,0,0,0,0,0,0,0,0,0,0,0,0,0,0,0,0,0,0,0,0,0,0,0,0,0,0,0,0,0,0,0,0,--,--,0,0,0,0,0,0,0,0,0,0,0,0
2/2/2026 2:50,0,0,0,0,--,--,0,0,0,0,0,0,0,0,0,0,0,0,0,0,0,0,0,0,0,0,0,0,0,0,0,0,0,0,0,0,0,0,0,0,0,0,0,0,--,--,0,0,0,0,0,0,0,0,0,0,0,0
2/2/2026 2:55,0,0,0,0,--,--,0,0,0,0,0,0,0,0,0,0,0,0,0,0,0,0,0,0,0,0,0,0,0,0,0,0,0,0,0,0,0,0,0,0,0,0,0,0,--,--,0,0,0,0,0,0,0,0,0,0,0,0
2/2/2026 3:00,0,0,0,0,--,--,0,0,0,0,0,0,0,0,0,0,0,0,0,0,0,0,0,0,0,0,0,0,0,0,0,0,0,0,0,0,0,0,0,0,0,0,0,0,--,--,0,0,0,0,0,0,0,0,0,0,0,0
2/2/2026 3:05,0,0,0,0,--,--,0,0,0,0,0,0,0,0,0,0,0,0,0,0,0,0,0,0,0,0,0,0,0,0,0,0,0,0,0,0,0,0,0,0,0,0,0,0,--,--,0,0,0,0,0,0,0,0,0,0,0,0
2/2/2026 3:10,0,0,0,0,--,--,0,0,0,0,0,0,0,0,0,0,0,0,0,0,0,0,0,0,0,0,0,0,0,0,0,0,0,0,0,0,0,0,0,0,0,0,0,0,--,--,0,0,0,0,0,0,0,0,0,0,0,0
2/2/2026 3:15,0,0,0,0,--,--,0,0,0,0,0,0,0,0,0,0,0,0,0,0,0,0,0,0,0,0,0,0,0,0,0,0,0,0,0,0,0,0,0,0,0,0,0,0,--,--,0,0,0,0,0,0,0,0,0,0,0,0
2/2/2026 3:20,0,0,0,0,--,--,0,0,0,0,0,0,0,0,0,0,0,0,0,0,0,0,0,0,0,0,0,0,0,0,0,0,0,0,0,0,0,0,0,0,0,0,0,0,--,--,0,0,0,0,0,0,0,0,0,0,0,0
2/2/2026 3:25,0,0,0,0,--,--,0,0,0,0,0,0,0,0,0,0,0,0,0,0,0,0,0,0,0,0,0,0,0,0,0,0,0,0,0,0,0,0,0,0,0,0,0,0,--,--,0,0,0,0,0,0,0,0,0,0,0,0
2/2/2026 3:30,0,0,0,0,--,--,0,0,0,0,0,0,0,0,0,0,0,0,0,0,0,0,0,0,0,0,0,0,0,0,0,0,0,0,0,0,0,0,0,0,0,0,0,0,--,--,0,0,0,0,0,0,0,0,0,0,0,0
2/2/2026 3:35,0,0,0,0,--,--,0,0,0,0,0,0,0,0,0,0,0,0,0,0,0,0,0,0,0,0,0,0,0,0,0,0,0,0,0,0,0,0,0,0,0,0,0,0,--,--,0,0,0,0,0,0,0,0,0,0,0,0
2/2/2026 3:40,0,0,0,0,--,--,0,0,0,0,0,0,0,0,0,0,0,0,0,0,0,0,0,0,0,0,0,0,0,0,0,0,0,0,0,0,0,0,0,0,0,0,0,0,--,--,0,0,0,0,0,0,0,0,0,0,0,0
2/2/2026 3:45,0,0,0,0,--,--,0,0,0,0,0,0,0,0,0,0,0,0,0,0,0,0,0,0,0,0,0,0,0,0,0,0,0,0,0,0,0,0,0,0,0,0,0,0,--,--,0,0,0,0,0,0,0,0,0,0,0,0
2/2/2026 3:50,0,0,0,0,--,--,0,0,0,0,0,0,0,0,0,0,0,0,0,0,0,0,0,0,0,0,0,0,0,0,0,0,0,0,0,0,0,0,0,0,0,0,0,0,--,--,0,0,0,0,0,0,0,0,0,0,0,0
2/2/2026 3:55,0,0,0,0,--,--,0,0,0,0,0,0,0,0,0,0,0,0,0,0,0,0,0,0,0,0,0,0,0,0,0,0,0,0,0,0,0,0,0,0,0,0,0,0,--,--,0,0,0,0,0,0,0,0,0,0,0,0
2/2/2026 4:00,0,0,0,0,--,--,0,0,0,0,0,0,0,0,0,0,0,0,0,0,0,0,0,0,0,0,0,0,0,0,0,0,0,0,0,0,0,0,0,0,0,0,0,0,--,--,0,0,0,0,0,0,0,0,0,0,0,0
2/2/2026 4:05,0,0,0,0,--,--,0,0,0,0,0,0,0,0,0,0,0,0,0,0,0,0,0,0,0,0,0,0,0,0,0,0,0,0,0,0,0,0,0,0,0,0,0,0,--,--,0,0,0,0,0,0,0,0,0,0,0,0
2/2/2026 4:10,0,0,0,0,--,--,0,0,0,0,0,0,0,0,0,0,0,0,0,0,0,0,0,0,0,0,0,0,0,0,0,0,0,0,0,0,0,0,0,0,0,0,0,0,--,--,0,0,0,0,0,0,0,0,0,0,0,0
2/2/2026 4:15,0,0,0,0,--,--,0,0,0,0,0,0,0,0,0,0,0,0,0,0,0,0,0,0,0,0,0,0,0,0,0,0,0,0,0,0,0,0,0,0,0,0,0,0,--,--,0,0,0,0,0,0,0,0,0,0,0,0
2/2/2026 4:20,0,0,0,0,--,--,0,0,0,0,0,0,0,0,0,0,0,0,0,0,0,0,0,0,0,0,0,0,0,0,0,0,0,0,0,0,0,0,0,0,0,0,0,0,--,--,0,0,0,0,0,0,0,0,0,0,0,0
2/2/2026 4:25,0,0,0,0,--,--,0,0,0,0,0,0,0,0,0,0,0,0,0,0,0,0,0,0,0,0,0,0,0,0,0,0,0,0,0,0,0,0,0,0,0,0,0,0,--,--,0,0,0,0,0,0,0,0,0,0,0,0
2/2/2026 4:30,0,0,0,0,--,--,0,0,0,0,0,0,0,0,0,0,0,0,0,0,0,0,0,0,0,0,0,0,0,0,0,0,0,0,0,0,0,0,0,0,0,0,0,0,--,--,0,0,0,0,0,0,0,0,0,0,0,0
2/2/2026 4:35,0,0,0,0,--,--,0,0,0,0,0,0,0,0,0,0,0,0,0,0,0,0,0,0,0,0,0,0,0,0,0,0,0,0,0,0,0,0,0,0,0,0,0,0,--,--,0,0,0,0,0,0,0,0,0,0,0,0
2/2/2026 4:40,0,0,0,0,--,--,0,0,0,0,0,0,0,0,0,0,0,0,0,0,0,0,0,0,0,0,0,0,0,0,0,0,0,0,0,0,0,0,0,0,0,0,0,0,--,--,0,0,0,0,0,0,0,0,0,0,0,0
2/2/2026 4:45,0,0,0,0,--,--,0,0,0,0,0,0,0,0,0,0,0,0,0,0,0,0,0,0,0,0,0,0,0,0,0,0,0,0,0,0,0,0,0,0,0,0,0,0,--,--,0,0,0,0,0,0,0,0,0,0,0,0
2/2/2026 4:50,0,0,0,0,--,--,0,0,0,0,0,0,0,0,0,0,0,0,0,0,0,0,0,0,0,0,0,0,0,0,0,0,0,0,0,0,0,0,0,0,0,0,0,0,--,--,0,0,0,0,0,0,0,0,0,0,0,0
2/2/2026 4:55,0,0,0,0,--,--,0,0,0,0,0,0,0,0,0,0,0,0,0,0,0,0,0,0,0,0,0,0,0,0,0,0,0,0,0,0,0,0,0,0,0,0,0,0,--,--,0,0,0,0,0,0,0,0,0,0,0,0
2/2/2026 5:00,0,0,0,0,--,--,0,0,0,0,0,0,0,0,0,0,0,0,0,0,0,0,0,0,0,0,0,0,0,0,0,0,0,0,0,0,0,0,0,0,0,0,0,0,--,--,0,0,0,0,0,0,0,0,0,0,0,0
2/2/2026 5:05,0,0,0,0,--,--,0,0,0,0,0,0,0,0,0,0,0,0,0,0,0,0,0,0,0,0,0,0,0,0,0,0,0,0,0,0,0,0,0,0,0,0,0,0,--,--,0,0,0,0,0,0,0,0,0,0,0,0
2/2/2026 5:10,0,0,0,0,--,--,0,0,0,0,0,0,0,0,0,0,0,0,0,0,0,0,0,0,0,0,0,0,0,0,0,0,0,0,0,0,0,0,0,0,0,0,0,0,--,--,0,0,0,0,0,0,0,0,0,0,0,0
2/2/2026 5:15,0,0,0,0,--,--,0,0,0,0,0,0,0,0,0,0,0,0,0,0,0,0,0,0,0,0,0,0,0,0,0,0,0,0,0,0,0,0,0,0,0,0,0,0,--,--,0,0,0,0,0,0,0,0,0,0,0,0
2/2/2026 5:20,0,0,0,0,--,--,0,0,0,0,0,0,0,0,0,0,0,0,0,0,0,0,0,0,0,0,0,0,0,0,0,0,0,0,0,0,0,0,0,0,0,0,0,0,--,--,0,0,0,0,0,0,0,0,0,0,0,0
2/2/2026 5:25,0,0,0,0,--,--,0,0,0,0,0,0,0,0,0,0,0,0,0,0,0,0,0,0,0,0,0,0,0,0,0,0,0,0,0,0,0,0,0,0,0,0,0,0,--,--,0,0,0,0,0,0,0,0,0,0,0,0
2/2/2026 5:30,0,0,0,0,--,--,0,0,0,0,0,0,0,0,0,0,0,0,0,0,0,0,0,0,0,0,0,0,0,0,0,0,0,0,0,0,0,0,0,0,0,0,0,0,--,--,0,0,0,0,0,0,0,0,0,0,0,0
2/2/2026 5:35,0,0,0,0,--,--,0,0,0,0,0,0,0,0,0,0,0,0,0,0,0,0,0,0,0,0,0,0,0,0,0,0,0,0,0,0,0,0,0,0,0,0,0,0,--,--,0,0,0,0,0,0,0,0,0,0,0,0
2/2/2026 5:40,0,0,0,0,--,--,0,0,0,0,0,0,0,0,0,0,0,0,0,0,0,0,0,0,0,0,0,0,0,0,0,0,0,0,0,0,0,0,0,0,0,0,0,0,--,--,0,0,0,0,0,0,0,0,0,0,0,0
2/2/2026 5:45,0,0,0,0,--,--,0,0,0,0,0,0,0,0,0,0,0,0,0,0,0,0,0,0,0,0,0,0,0,0,0,0,0,0,0,0,0,0,0,0,0,0,0,0,--,--,0,0,0,0,0,0,0,0,0,0,0,0
2/2/2026 5:50,0,0,0,0,--,--,0,0,0,0,0,0,0,0,0,0,0,0,0,0,0,0,0,0,0,0,0,0,0,0,0,0,0,0,0,0,0,0,0,0,0,0,0,0,--,--,0,0,0,0,0,0,0,0,0,0,0,0
2/2/2026 5:55,0,0,0,0,--,--,0,0,0,0,0,0,0,0,0,0,0,0,0,0,0,0,0,0,0,0,0,0,0,0,0,0,0,0,0,0,0,0,0,0,0,0,0,0,--,--,0,0,0,0,0,0,0,0,0,0,0,0
2/2/2026 6:00,0,0,0,0,--,--,0,0,0,0,0,0,0,0,0,0,0,0,0,0,0,0,0,0,0,0,0,0,0,0,0,0,0,0,0,0,0,0,0,0,0,0,0,0,--,--,0,0,0,0,0,0,0,0,0,0,0,0
2/2/2026 6:05,0,0,0,0,--,--,0,0,0,0,0,0,0,0,0,0,0,0,0,0,0,0,0,0,0,0,0,0,0,0,0,0,0,0,0,0,0,0,0,0,0,0,0,0,--,--,0,0,0,0,0,0,0,0,0,0,0,0
2/2/2026 6:10,0,0,0,0,--,--,0,0,0,0,0,0,0,0,0,0,0,0,0,0,0,0,0,0,0,0,0,0,0,0,0,0,0,0,0,0,0,0,0,0,0,0,0,0,--,--,0,0,0,0,0,0,0,0,0,0,0,0
2/2/2026 6:15,0,0,0,0,--,--,0,0,0,0,0,0,0,0,0,0,0,0,0,0,0,0,0,0,0,0,0,0,0,0,0,0,0,0,0,0,0,0,0,0,0,0,0,0,--,--,0,0,0,0,0,0,0,0,0,0,0,0
2/2/2026 6:20,0,0,0,0,--,--,0,0,0,0,0,0,0,0,0,0,0,0,0,0,0,0,0,0,0,0,0,0,0,0,0,0,0,0,0,0,0,0,0,0,0,0,0,0,--,--,0,0,0,0,0,0,0,0,0,0,0,0
2/2/2026 6:25,0,0,0,0,--,--,0,0,0,0,0,0,0,0,0,0,0,0,0,0,0,0,0,0,0,0,0,0,0,0,0,0,0,0,0,0,0,0,0,0,0,0,0,0,--,--,0,0,0,0,0,0,0,0,0,0,0,0
2/2/2026 6:30,0,0,0,0,--,--,0,0,0,0,0,0,0,0,0,0,0,0,0,0,0,0,0,0,0,0,0,0,0,0,0,0,0,0,0,0,0,0,0,0,0,0,0,0,--,--,0,0,0,0,0,0,0,0,0,0,0,0
2/2/2026 6:35,0,0,0,0,--,--,0,0,0,0,0,0,0,0,0,0,0,0,0,0,0,0,0,0,0,0,0,0,0,0,0,0,0,0,0,0,0,0,0,0,0,0,0,0,--,--,0,0,0,0,0,0,0,0,0,0,0,0
2/2/2026 6:40,0,0,0,0,--,--,0,0,0,0,0,0,0,0,0,0,0,0,0,0,0,0,0,0,0,0,0,0,0,0,0,0,0,0,0,0,0,0,0,0,0,0,0,0,--,--,0,0,0,0,0,0,0,0,0,0,0,0
2/2/2026 6:45,0,0,0,0,--,--,0,0,0,0,0,0,0,0,0,0,0,0,0,0,0,0,0,0,0,0,0,0,0,0,0,0,0,0,0,0,0,0,0,0,0,0,0,0,--,--,0,0,0,0,0,0,0,0,0,0,0,0
2/2/2026 6:50,0,0,0,0,--,--,0,0,0,0,0,0,0,0,0,0,0,0,0,0,0,0,0,0,0,0,0,0,0,0,0,0,0,0,0,0,0,0,0,0,0,0,0,0,--,--,0,0,0,0,0,0,0,0,0,0,0,0
2/2/2026 6:55,0,0,0,0,--,--,0,0,0,0,0,0,0,0,0,0,0,0,0,0,0,0,0,0,0,0,0,0,0,0,0,0,0,0,0,0,0,0,0,0,0,0,0,0,--,--,0,0,0,0,0,0,0,0,0,0,0,0
2/2/2026 7:00,0,0,0,0,--,--,0,0,0,0,0,0,0,0,0,0,0,0,0,0,0,0,0,0,0,0,0,0,0,0,0,0,0,0,0,0,0,0,0,0,0,0,0,0,--,--,0,0,0,0,0,0,0,0,0,0,0,0
2/2/2026 7:05,0,0,0,0,--,--,0,0,0,0,0,0,0,0,0,0,0,0,0,0,0,0,0,0,0,0,0,0,0,0,0,0,0,0,0,0,0,0,0,0,0,0,0,0,--,--,0,0,0,0,0,0,0,0,0,0,0,0
2/2/2026 7:10,0,0,0,0,--,--,0,0,0,0,0,0,0,0,0,0,0,0,0,0,0,0,0,0,0,0,0,0,0,0,0,0,0,0,0,0,0,0,0,0,0,0,0,0,--,--,0,0,0,0,0,0,0,0,0,0,0,0
2/2/2026 7:15,0,0,0,0,--,--,0,0,0,0,0,0,0,0,0,0,0,0,0,0,0,0,0,0,0,0,0,0,0,0,0,0,0,0,0,0,0,0,0,0,0,0,0,0,--,--,0,0,0,0,0,0,0,0,0,0,0,0
2/2/2026 7:20,0,0,0,0,0,0,0,0,0,0,0,0,0,0,0,0,0,0,0.918,0.872,0,0,0,0,0,0,1.029,0.98,0,0,0,0,0.301,0.268,0.509,0.472,0.411,0.376,0,0,0,0,0.309,0.276,0,0,0,0,0,0,0,0,0,0,0,0,0.902,0.856
2/2/2026 7:25,0,0,0,0,0,0,0,0,0,0,0,0,0,0,0,0,0,0,0.918,0.872,0,0,0,0,0,0,1.029,0.98,0,0,0,0,0.301,0.268,0.509,0.472,0.411,0.376,0,0,0,0,0.309,0.276,0,0,0,0,0,0,0,0,0,0,0,0,0.902,0.856
2/2/2026 7:30,0,0,0,0,0,0,0,0,0,0,0,0,0,0,0,0,0,0,0.918,0.872,0,0,0,0,0,0,1.029,0.98,0,0,0,0,0.301,0.268,0.509,0.472,0.411,0.376,0,0,0,0,0.309,0.276,0,0,0,0,0,0,0,0,0,0,0,0,0.902,0.856
2/2/2026 7:35,0,0,0,0,19.253,18.792,0,0,0,0,0,0,0,0,0,0,0,0,43.883,42.98,0,0,0,0,0,0,42.78,41.888,0,0,0,0,40.684,39.816,41.235,40.36,39.04,36.28,0,0,0,0,38.42,37.624,0,0,0,0,0,0,0,0,0,0,0,0,43.139,42.244
2/2/2026 7:40,0,0,0,0,19.253,18.792,0,0,0,0,0,0,0,0,0,0,0,0,43.883,42.98,0,0,0,0,0,0,42.78,41.888,0,0,0,0,40.684,39.816,41.235,40.36,39.04,36.28,0,0,0,0,38.42,37.624,0,0,0,0,0,0,0,0,0,0,0,0,43.139,42.244
2/2/2026 7:45,0,0,0,0,19.253,18.792,0,0,0,0,0,0,0,0,0,0,0,0,43.883,42.98,0,0,0,0,0,0,42.78,41.888,0,0,0,0,40.684,39.816,41.235,40.36,39.04,36.28,0,0,0,0,38.42,37.624,0,0,0,0,0,0,0,0,0,0,0,0,43.139,42.244
2/2/2026 7:50,0,0,0,0,41.186,40.52,0,0,0,0,0,0,0,0,0,0,0,0,91.972,90.476,0,0,0,0,0,0,90.046,88.672,0,0,0,0,92.73,91.224,95.56,94.196,92.734,91.228,0,0,0,0,83.993,82.608,0,0,0,0,0,0,0,0,0,0,0,0,93.01,91.5
2/2/2026 7:55,0,0,0,0,41.186,40.52,0,0,0,0,0,0,0,0,0,0,0,0,91.972,90.476,0,0,0,0,0,0,90.046,88.672,0,0,0,0,92.73,91.224,95.56,94.196,92.734,91.228,0,0,0,0,83.993,82.608,0,0,0,0,0,0,0,0,0,0,0,0,93.01,91.5
2/2/2026 8:00,0,0,0,0,41.186,40.52,0,0,0,0,0,0,0,0,0,0,0,0,91.972,90.476,0,0,0,0,0,0,90.046,88.672,0,0,0,0,92.73,91.224,95.56,94.196,92.734,91.228,0,0,0,0,83.993,82.608,0,0,0,0,0,0,0,0,0,0,0,0,93.01,91.5
2/2/2026 8:05,110.109,108.548,103.5,102.008,109.428,107.512,0,0,106.168,104.648,0,0,96.956,95.536,0,0,109.212,107.66,98.794,95.668,0,0,0,0,0,0,109.765,108.032,0,0,0,0,103.309,101.66,99.26,94.74,94.285,92.756,0,0,0,0,107.118,104.624,0,0,0,0,0,0,0,0,0,0,96.936,95.516,109.396,107.668
2/2/2026 8:10,110.109,108.548,103.5,102.008,109.428,107.512,0,0,106.168,104.648,0,0,96.956,95.536,0,0,109.212,107.66,98.794,95.668,0,0,0,0,0,0,109.765,108.032,0,0,0,0,103.309,101.66,99.26,94.74,94.285,92.756,0,0,0,0,107.118,104.624,0,0,0,0,0,0,0,0,0,0,96.936,95.516,109.396,107.668
2/2/2026 8:15,110.109,108.548,103.5,102.008,109.428,107.512,0,0,106.168,104.648,0,0,96.956,95.536,0,0,109.212,107.66,98.794,95.668,0,0,0,0,0,0,109.765,108.032,0,0,0,0,103.309,101.66,99.26,94.74,94.285,92.756,0,0,0,0,107.118,104.624,0,0,0,0,0,0,0,0,0,0,96.936,95.516,109.396,107.668
2/2/2026 8:20,75.397,74.232,74.483,73.232,70.074,68.856,0,0,79.065,77.748,0,0,123.44,121.748,0,0,85.407,84.12,123.479,121.576,0,0,0,0,0,0,74.723,74.056,0,0,0,0,74.381,73.132,123.321,122.268,105.858,104.176,0,0,0,0,83.971,82.584,0,0,0,0,0,0,0,0,0,0,123.852,122.156,84.632,84.888
2/2/2026 8:25,75.397,74.232,74.483,73.232,70.074,68.856,0,0,79.065,77.748,0,0,123.44,121.748,0,0,85.407,84.12,123.479,121.576,0,0,0,0,0,0,74.723,74.056,0,0,0,0,74.381,73.132,123.321,122.268,105.858,104.176,0,0,0,0,83.971,82.584,0,0,0,0,0,0,0,0,0,0,123.852,122.156,84.632,84.888
2/2/2026 8:30,75.397,74.232,74.483,73.232,70.074,68.856,0,0,79.065,77.748,0,0,123.44,121.748,0,0,85.407,84.12,123.479,121.576,0,0,0,0,0,0,74.723,74.056,0,0,0,0,74.381,73.132,123.321,122.268,105.858,104.176,0,0,0,0,83.971,82.584,0,0,0,0,0,0,0,0,0,0,123.852,122.156,84.632,84.888
2/2/2026 8:35,106.439,104.692,103.479,101.828,105.351,103.936,0,0,102.573,100.876,0,0,101.616,99.932,0,0,105.633,103.896,102.322,100.628,0,0,0,0,0,0,106.309,104.424,0,0,0,0,102.611,100.972,106.13,104.388,93.455,91.88,0,0,0,0,102.929,101.228,0,0,0,0,0,0,0,0,0,0,104.335,102.616,105.993,104.252
2/2/2026 8:40,106.439,104.692,103.479,101.828,105.351,103.936,0,0,102.573,100.876,0,0,101.616,99.932,0,0,105.633,103.896,102.322,100.628,0,0,0,0,0,0,106.309,104.424,0,0,0,0,102.611,100.972,106.13,104.388,93.455,91.88,0,0,0,0,102.929,101.228,0,0,0,0,0,0,0,0,0,0,104.335,102.616,105.993,104.252
2/2/2026 8:45,106.439,104.692,103.479,101.828,105.351,103.936,0,0,102.573,100.876,0,0,101.616,99.932,0,0,105.633,103.896,102.322,100.628,0,0,0,0,0,0,106.309,104.424,0,0,0,0,102.611,100.972,106.13,104.388,93.455,91.88,0,0,0,0,102.929,101.228,0,0,0,0,0,0,0,0,0,0,104.335,102.616,105.993,104.252
2/2/2026 8:50,83.525,82.088,76.292,75.016,80.334,79,0,0,73.687,72.448,0,0,84.531,83.08,0,0,81.252,79.848,84.888,83.432,0,0,0,0,0,0,83.192,81.76,0,0,0,0,75.631,74.364,81.389,78.452,70.752,70,0,0,0,0,75.083,73.824,0,0,0,0,0,0,0,0,0,0,79.754,78.428,81.199,80
2/2/2026 8:55,83.525,82.088,76.292,75.016,80.334,79,0,0,73.687,72.448,0,0,84.531,83.08,0,0,81.252,79.848,84.888,83.432,0,0,0,0,0,0,83.192,81.76,0,0,0,0,75.631,74.364,81.389,78.452,70.752,70,0,0,0,0,75.083,73.824,0,0,0,0,0,0,0,0,0,0,79.754,78.428,81.199,80
2/2/2026 9:00,83.525,82.088,76.292,75.016,80.334,79,0,0,73.687,72.448,0,0,84.531,83.08,0,0,81.252,79.848,84.888,83.432,0,0,0,0,0,0,83.192,81.76,0,0,0,0,75.631,74.364,81.389,78.452,70.752,70,0,0,0,0,75.083,73.824,0,0,0,0,0,0,0,0,0,0,79.754,78.428,81.199,80
2/2/2026 9:05,106.714,104.964,157.991,155.624,149.338,147.22,0,0,149.375,147.124,108.878,107.1,108.396,106.624,0,0,159.421,157.008,108.943,107.436,0,0,0,0,0,0,106.411,104.664,0,0,0,0,158.263,155.892,165.855,163.372,152.688,150.392,0,0,0,0,150.417,148.336,0,0,0,0,0,0,0,0,107.026,105.272,165.473,162.996,159.696,157.28
2/2/2026 9:10,106.714,104.964,157.991,155.624,149.338,147.22,0,0,149.375,147.124,108.878,107.1,108.396,106.624,0,0,159.421,157.008,108.943,107.436,0,0,0,0,0,0,106.411,104.664,0,0,0,0,158.263,155.892,165.855,163.372,152.688,150.392,0,0,0,0,150.417,148.336,0,0,0,0,0,0,0,0,107.026,105.272,165.473,162.996,159.696,157.28
2/2/2026 9:15,106.714,104.964,157.991,155.624,149.338,147.22,0,0,149.375,147.124,108.878,107.1,108.396,106.624,0,0,159.421,157.008,108.943,107.436,0,0,0,0,0,0,106.411,104.664,0,0,0,0,158.263,155.892,165.855,163.372,152.688,150.392,0,0,0,0,150.417,148.336,0,0,0,0,0,0,0,0,107.026,105.272,165.473,162.996,159.696,157.28
2/2/2026 9:20,130.98,128.932,127.288,125.288,126.256,124.068,123.043,121.092,124.297,122.332,142.434,140.236,146.077,143.832,125.443,123.464,129.513,127.484,147.921,145.652,144.46,142.236,130.915,128.868,129.144,127.12,130.522,128.372,129.241,127.216,130.936,128.888,127.175,124.96,139.265,138.868,124.532,122.564,129.026,127.004,143.062,140.856,125.447,123.468,126.701,124.708,122.828,120.88,143.245,141.036,128.097,126.088,130.267,128.228,139.103,136.948,128.775,127.652
2/2/2026 9:25,130.98,128.932,127.288,125.288,126.256,124.068,123.043,121.092,124.297,122.332,142.434,140.236,146.077,143.832,125.443,123.464,129.513,127.484,147.921,145.652,144.46,142.236,130.915,128.868,129.144,127.12,130.522,128.372,129.241,127.216,130.936,128.888,127.175,124.96,139.265,138.868,124.532,122.564,129.026,127.004,143.062,140.856,125.447,123.468,126.701,124.708,122.828,120.88,143.245,141.036,128.097,126.088,130.267,128.228,139.103,136.948,128.775,127.652
2/2/2026 9:30,130.98,128.932,127.288,125.288,126.256,124.068,123.043,121.092,124.297,122.332,142.434,140.236,146.077,143.832,125.443,123.464,129.513,127.484,147.921,145.652,144.46,142.236,130.915,128.868,129.144,127.12,130.522,128.372,129.241,127.216,130.936,128.888,127.175,124.96,139.265,138.868,124.532,122.564,129.026,127.004,143.062,140.856,125.447,123.468,126.701,124.708,122.828,120.88,143.245,141.036,128.097,126.088,130.267,128.228,139.103,136.948,128.775,127.652
2/2/2026 9:35,181.335,178.552,126.717,124.724,173.655,171.004,138.535,136.388,138.499,136.352,138.021,135.88,140.833,138.656,125.77,123.788,166.555,164.024,141.915,139.724,137.117,134.988,112.317,110.496,173.249,170.604,181.005,178.228,111.519,109.708,174.42,171.756,126.151,124.164,141.672,139.484,112.143,111.052,179.059,176.316,134.742,132.644,140.148,137.98,174.582,171.916,138.552,136.404,136.841,134.716,126.737,124.744,178.685,175.948,142.539,140.34,165.749,163.232
2/2/2026 9:40,181.335,178.552,126.717,124.724,173.655,171.004,138.535,136.388,138.499,136.352,138.021,135.88,140.833,138.656,125.77,123.788,166.555,164.024,141.915,139.724,137.117,134.988,112.317,110.496,173.249,170.604,181.005,178.228,111.519,109.708,174.42,171.756,126.151,124.164,141.672,139.484,112.143,111.052,179.059,176.316,134.742,132.644,140.148,137.98,174.582,171.916,138.552,136.404,136.841,134.716,126.737,124.744,178.685,175.948,142.539,140.34,165.749,163.232
2/2/2026 9:45,181.335,178.552,126.717,124.724,173.655,171.004,138.535,136.388,138.499,136.352,138.021,135.88,140.833,138.656,125.77,123.788,166.555,164.024,141.915,139.724,137.117,134.988,112.317,110.496,173.249,170.604,181.005,178.228,111.519,109.708,174.42,171.756,126.151,124.164,141.672,139.484,112.143,111.052,179.059,176.316,134.742,132.644,140.148,137.98,174.582,171.916,138.552,136.404,136.841,134.716,126.737,124.744,178.685,175.948,142.539,140.34,165.749,163.232
2/2/2026 9:50,371.084,364.62,384.429,377.652,358.346,352.176,363.701,357.408,366.125,359.776,372.927,366.42,372.591,366.092,380.516,373.832,373.967,367.436,376.142,369.56,375.015,368.46,357.433,351.284,371.723,365.244,369.04,362.624,353.565,347.504,379.112,372.46,385.101,378.284,379.574,372.912,359.705,353.504,366.633,360.272,379.381,372.724,369.016,362.6,361.138,354.904,363.517,357.228,380.631,373.944,382.02,375.3,369.606,363.176,379.857,373.188,374.831,368.28
2/2/2026 9:55,371.084,364.62,384.429,377.652,358.346,352.176,363.701,357.408,366.125,359.776,372.927,366.42,372.591,366.092,380.516,373.832,373.967,367.436,376.142,369.56,375.015,368.46,357.433,351.284,371.723,365.244,369.04,362.624,353.565,347.504,379.112,372.46,385.101,378.284,379.574,372.912,359.705,353.504,366.633,360.272,379.381,372.724,369.016,362.6,361.138,354.904,363.517,357.228,380.631,373.944,382.02,375.3,369.606,363.176,379.857,373.188,374.831,368.28
2/2/2026 10:00,371.084,364.62,384.429,377.652,358.346,352.176,363.701,357.408,366.125,359.776,372.927,366.42,372.591,366.092,380.516,373.832,373.967,367.436,376.142,369.56,375.015,368.46,357.433,351.284,371.723,365.244,369.04,362.624,353.565,347.504,379.112,372.46,385.101,378.284,379.574,372.912,359.705,353.504,366.633,360.272,379.381,372.724,369.016,362.6,361.138,354.904,363.517,357.228,380.631,373.944,382.02,375.3,369.606,363.176,379.857,373.188,374.831,368.28
2/2/2026 10:05,268.625,264.288,365.592,359.256,176.877,174.228,305.981,300.936,340.103,334.344,328.204,322.708,337.939,332.228,362.775,356.504,338.843,333.112,339.1,333.364,330.899,325.344,337.816,332.108,343.322,337.492,268.449,264.116,327.958,322.468,349.988,344.008,366.866,360.896,367.996,361.604,338.237,332.52,202.98,199.824,369.216,362.796,347.48,332.244,175.504,172.876,299.61,294.688,371.157,364.692,365.015,358.692,203.635,200.468,368.937,362.524,337.955,332.244
2/2/2026 10:10,268.625,264.288,365.592,359.256,176.877,174.228,305.981,300.936,340.103,334.344,328.204,322.708,337.939,332.228,362.775,356.504,338.843,333.112,339.1,333.364,330.899,325.344,337.816,332.108,343.322,337.492,268.449,264.116,327.958,322.468,349.988,344.008,366.866,360.896,367.996,361.604,338.237,332.52,202.98,199.824,369.216,362.796,347.48,332.244,175.504,172.876,299.61,294.688,371.157,364.692,365.015,358.692,203.635,200.468,368.937,362.524,337.955,332.244
2/2/2026 10:15,268.625,264.288,365.592,359.256,176.877,174.228,305.981,300.936,340.103,334.344,328.204,322.708,337.939,332.228,362.775,356.504,338.843,333.112,339.1,333.364,330.899,325.344,337.816,332.108,343.322,337.492,268.449,264.116,327.958,322.468,349.988,344.008,366.866,360.896,367.996,361.604,338.237,332.52,202.98,199.824,369.216,362.796,347.48,332.244,175.504,172.876,299.61,294.688,371.157,364.692,365.015,358.692,203.635,200.468,368.937,362.524,337.955,332.244
2/2/2026 10:20,411.128,403.708,410.238,402.84,395.679,388.852,390.409,383.704,393.599,386.604,409.082,401.712,410.037,402.644,399.132,392.004,409.73,402.344,412.35,404.9,412.053,404.84,348.482,342.72,407.577,400.244,408.553,400.956,350.817,345.004,415.942,408.404,410.706,403.296,412.102,406.86,362.937,356.856,408.311,400.96,412.729,405.5,394.595,387.576,398.231,391.344,390.72,384.008,412.676,405.448,395.291,388.472,411.501,404.072,413.971,406.712,409.849,400.712
2/2/2026 10:25,411.128,403.708,410.238,402.84,395.679,388.852,390.409,383.704,393.599,386.604,409.082,401.712,410.037,402.644,399.132,392.004,409.73,402.344,412.35,404.9,412.053,404.84,348.482,342.72,407.577,400.244,408.553,400.956,350.817,345.004,415.942,408.404,410.706,403.296,412.102,406.86,362.937,356.856,408.311,400.96,412.729,405.5,394.595,387.576,398.231,391.344,390.72,384.008,412.676,405.448,395.291,388.472,411.501,404.072,413.971,406.712,409.849,400.712
2/2/2026 10:30,411.128,403.708,410.238,402.84,395.679,388.852,390.409,383.704,393.599,386.604,409.082,401.712,410.037,402.644,399.132,392.004,409.73,402.344,412.35,404.9,412.053,404.84,348.482,342.72,407.577,400.244,408.553,400.956,350.817,345.004,415.942,408.404,410.706,403.296,412.102,406.86,362.937,356.856,408.311,400.96,412.729,405.5,394.595,387.576,398.231,391.344,390.72,384.008,412.676,405.448,395.291,388.472,411.501,404.072,413.971,406.712,409.849,400.712
2/2/2026 10:35,246.595,242.664,303.791,298.788,367.65,360.6,167.832,165.32,160.044,157.624,230.998,227.348,191.274,188.32,217.946,214.528,230.59,226.948,195.381,192.356,233.299,229.72,330.47,325.096,204.042,200.868,243.47,241.288,334.275,328.82,205.959,202.752,311.129,320.2,276.384,272.04,351.57,345.74,252.584,248.544,306.058,301.168,161.249,158.808,370.101,363.86,168.372,165.852,304.828,299.96,227.478,224,254.226,250.156,270.054,265.824,230.647,227.004
2/2/2026 10:40,246.595,242.664,303.791,298.788,367.65,360.6,167.832,165.32,160.044,157.624,230.998,227.348,191.274,188.32,217.946,214.528,230.59,226.948,195.381,192.356,233.299,229.72,330.47,325.096,204.042,200.868,243.47,241.288,334.275,328.82,205.959,202.752,311.129,320.2,276.384,272.04,351.57,345.74,252.584,248.544,306.058,301.168,161.249,158.808,370.101,363.86,168.372,165.852,304.828,299.96,227.478,224,254.226,250.156,270.054,265.824,230.647,227.004
2/2/2026 10:45,246.595,242.664,303.791,298.788,367.65,360.6,167.832,165.32,160.044,157.624,230.998,227.348,191.274,188.32,217.946,214.528,230.59,226.948,195.381,192.356,233.299,229.72,330.47,325.096,204.042,200.868,243.47,241.288,334.275,328.82,205.959,202.752,311.129,320.2,276.384,272.04,351.57,345.74,252.584,248.544,306.058,301.168,161.249,158.808,370.101,363.86,168.372,165.852,304.828,299.96,227.478,224,254.226,250.156,270.054,265.824,230.647,227.004
2/2/2026 10:50,390.78,383.852,142.583,140.384,251.319,270.308,161.014,158.604,153.863,151.52,318.575,313.284,351.986,345.96,147.361,145.1,178.432,175.7,364.91,344.104,310.991,305.848,130.91,128.864,207.906,204.664,385.257,378.46,131.154,129.104,211.529,208.224,143.195,142.684,234.22,230.624,131.896,127.844,401.51,394.324,256.387,252.276,155.22,152.86,256.328,252.344,160.201,157.804,258.935,254.904,146.98,144.724,404.892,397.624,244.088,240.32,178.005,175.28
2/2/2026 10:55,390.78,383.852,142.583,140.384,251.319,270.308,161.014,158.604,153.863,151.52,318.575,313.284,351.986,345.96,147.361,145.1,178.432,175.7,364.91,344.104,310.991,305.848,130.91,128.864,207.906,204.664,385.257,378.46,131.154,129.104,211.529,208.224,143.195,142.684,234.22,230.624,131.896,127.844,401.51,394.324,256.387,252.276,155.22,152.86,256.328,252.344,160.201,157.804,258.935,254.904,146.98,144.724,404.892,397.624,244.088,240.32,178.005,175.28
2/2/2026 11:00,390.78,383.852,142.583,140.384,251.319,270.308,161.014,158.604,153.863,151.52,318.575,313.284,351.986,345.96,147.361,145.1,178.432,175.7,364.91,344.104,310.991,305.848,130.91,128.864,207.906,204.664,385.257,378.46,131.154,129.104,211.529,208.224,143.195,142.684,234.22,230.624,131.896,127.844,401.51,394.324,256.387,252.276,155.22,152.86,256.328,252.344,160.201,157.804,258.935,254.904,146.98,144.724,404.892,397.624,244.088,240.32,178.005,175.28
2/2/2026 11:05,550.993,539.732,441.317,433.144,518.887,509.024,520.685,510.336,521.209,510.844,553.959,542.608,551.723,540.44,430.623,422.72,552.722,541.408,558.557,547.064,554.904,543.524,496.672,487.02,550.605,539.356,549.788,538.564,501.272,491.488,565.963,554.24,440.07,431.928,567.173,555.788,487.046,477.668,543.814,532.772,564.122,552.828,523.509,513.076,527.842,517.612,519.457,509.144,563.287,551.648,433.532,425.556,551.723,540.44,566.987,555.232,552.582,541.272
2/2/2026 11:10,550.993,539.732,441.317,433.144,518.887,509.024,520.685,510.336,521.209,510.844,553.959,542.608,551.723,540.44,430.623,422.72,552.722,541.408,558.557,547.064,554.904,543.524,496.672,487.02,550.605,539.356,549.788,538.564,501.272,491.488,565.963,554.24,440.07,431.928,567.173,555.788,487.046,477.668,543.814,532.772,564.122,552.828,523.509,513.076,527.842,517.612,519.457,509.144,563.287,551.648,433.532,425.556,551.723,540.44,566.987,555.232,552.582,541.272
2/2/2026 11:15,550.993,539.732,441.317,433.144,518.887,509.024,520.685,510.336,521.209,510.844,553.959,542.608,551.723,540.44,430.623,422.72,552.722,541.408,558.557,547.064,554.904,543.524,496.672,487.02,550.605,539.356,549.788,538.564,501.272,491.488,565.963,554.24,440.07,431.928,567.173,555.788,487.046,477.668,543.814,532.772,564.122,552.828,523.509,513.076,527.842,517.612,519.457,509.144,563.287,551.648,433.532,425.556,551.723,540.44,566.987,555.232,552.582,541.272
2/2/2026 11:20,131.704,129.696,138.514,136.412,128.535,126.436,131.873,129.864,134.003,131.964,132.121,130.108,130.823,128.828,136.356,134.284,133.289,131.26,132.405,130.388,132.417,130.4,125.89,123.96,132.32,130.304,130.771,128.776,126.603,124.664,134.701,132.652,139.069,136.96,133.946,131.908,126.461,124.524,129.586,127.608,133.707,131.672,134.77,132.068,129.217,127.244,130.778,128.784,134.047,132.008,136.907,134.828,130.73,128.736,134.112,132.072,133.813,131.776
2/2/2026 11:25,131.704,129.696,138.514,136.412,128.535,126.436,131.873,129.864,134.003,131.964,132.121,130.108,130.823,128.828,136.356,134.284,133.289,131.26,132.405,130.388,132.417,130.4,125.89,123.96,132.32,130.304,130.771,128.776,126.603,124.664,134.701,132.652,139.069,136.96,133.946,131.908,126.461,124.524,129.586,127.608,133.707,131.672,134.77,132.068,129.217,127.244,130.778,128.784,134.047,132.008,136.907,134.828,130.73,128.736,134.112,132.072,133.813,131.776
2/2/2026 11:30,131.704,129.696,138.514,136.412,128.535,126.436,131.873,129.864,134.003,131.964,132.121,130.108,130.823,128.828,136.356,134.284,133.289,131.26,132.405,130.388,132.417,130.4,125.89,123.96,132.32,130.304,130.771,128.776,126.603,124.664,134.701,132.652,139.069,136.96,133.946,131.908,126.461,124.524,129.586,127.608,133.707,131.672,134.77,132.068,129.217,127.244,130.778,128.784,134.047,132.008,136.907,134.828,130.73,128.736,134.112,132.072,133.813,131.776
2/2/2026 11:35,583.669,571.784,374.446,367.904,524.09,513.968,355.27,349.36,372.406,365.912,576.09,564.436,545.379,534.64,378.107,371.48,329.295,323.776,556.338,545.276,574.061,562.468,236.21,232.468,318.231,312.948,585.349,573.412,235.599,231.868,325.038,319.612,389.89,370.664,342.192,354.256,237.408,233.644,513.693,503.864,305.442,300.564,377.841,371.22,525.552,515.388,349.299,343.52,306.836,301.932,377.616,371,515.615,505.732,357.475,351.516,327.733,322.248
2/2/2026 11:40,583.669,571.784,374.446,367.904,524.09,513.968,355.27,349.36,372.406,365.912,576.09,564.436,545.379,534.64,378.107,371.48,329.295,323.776,556.338,545.276,574.061,562.468,236.21,232.468,318.231,312.948,585.349,573.412,235.599,231.868,325.038,319.612,389.89,370.664,342.192,354.256,237.408,233.644,513.693,503.864,305.442,300.564,377.841,371.22,525.552,515.388,349.299,343.52,306.836,301.932,377.616,371,515.615,505.732,357.475,351.516,327.733,322.248
2/2/2026 11:45,583.669,571.784,374.446,367.904,524.09,513.968,355.27,349.36,372.406,365.912,576.09,564.436,545.379,534.64,378.107,371.48,329.295,323.776,556.338,545.276,574.061,562.468,236.21,232.468,318.231,312.948,585.349,573.412,235.599,231.868,325.038,319.612,389.89,370.664,342.192,354.256,237.408,233.644,513.693,503.864,305.442,300.564,377.841,371.22,525.552,515.388,349.299,343.52,306.836,301.932,377.616,371,515.615,505.732,357.475,351.516,327.733,322.248
2/2/2026 11:50,582.564,570.712,581.678,569.46,554.482,543.476,551.224,539.956,554.991,543.608,275.507,271.18,351.523,345.696,579.596,567.444,576.379,564.716,384.684,335.172,287.905,283.352,391.289,384.564,570.712,559.22,580.088,568.312,374.271,367.936,581.454,569.636,585.297,572.964,487.594,478.488,465.702,429.336,577.93,566.22,488.687,479.552,562.082,550.844,561.445,550.232,554.517,543.148,491.229,482.024,581.463,569.252,583.216,571.344,485.295,476.252,575.761,564.116
2/2/2026 11:55,582.564,570.712,581.678,569.46,554.482,543.476,551.224,539.956,554.991,543.608,275.507,271.18,351.523,345.696,579.596,567.444,576.379,564.716,384.684,335.172,287.905,283.352,391.289,384.564,570.712,559.22,580.088,568.312,374.271,367.936,581.454,569.636,585.297,572.964,487.594,478.488,465.702,429.336,577.93,566.22,488.687,479.552,562.082,550.844,561.445,550.232,554.517,543.148,491.229,482.024,581.463,569.252,583.216,571.344,485.295,476.252,575.761,564.116
2/2/2026 12:00,582.564,570.712,581.678,569.46,554.482,543.476,551.224,539.956,554.991,543.608,275.507,271.18,351.523,345.696,579.596,567.444,576.379,564.716,384.684,335.172,287.905,283.352,391.289,384.564,570.712,559.22,580.088,568.312,374.271,367.936,581.454,569.636,585.297,572.964,487.594,478.488,465.702,429.336,577.93,566.22,488.687,479.552,562.082,550.844,561.445,550.232,554.517,543.148,491.229,482.024,581.463,569.252,583.216,571.344,485.295,476.252,575.761,564.116
2/2/2026 12:05,626.088,612.424,628.384,614.644,463.88,456.888,599.968,587.164,600.737,587.908,610.847,597.688,614.791,601.936,623.162,609.596,625.592,612.392,623.022,609.904,611.144,598.404,585.764,573.416,623.786,610.644,622.603,609.056,588.024,575.604,639.514,625.864,629.357,615.18,626.41,616.308,591.197,577.796,622.012,608.484,626.476,613.248,606.546,593.528,472.754,464.04,601.204,588.776,627.736,614.468,625.86,612.204,626.555,612.876,629.609,616.28,625.621,612.42
2/2/2026 12:10,626.088,612.424,628.384,614.644,463.88,456.888,599.968,587.164,600.737,587.908,610.847,597.688,614.791,601.936,623.162,609.596,625.592,612.392,623.022,609.904,611.144,598.404,585.764,573.416,623.786,610.644,622.603,609.056,588.024,575.604,639.514,625.864,629.357,615.18,626.41,616.308,591.197,577.796,622.012,608.484,626.476,613.248,606.546,593.528,472.754,464.04,601.204,588.776,627.736,614.468,625.86,612.204,626.555,612.876,629.609,616.28,625.621,612.42
2/2/2026 12:15,626.088,612.424,628.384,614.644,463.88,456.888,599.968,587.164,600.737,587.908,610.847,597.688,614.791,601.936,623.162,609.596,625.592,612.392,623.022,609.904,611.144,598.404,585.764,573.416,623.786,610.644,622.603,609.056,588.024,575.604,639.514,625.864,629.357,615.18,626.41,616.308,591.197,577.796,622.012,608.484,626.476,613.248,606.546,593.528,472.754,464.04,601.204,588.776,627.736,614.468,625.86,612.204,626.555,612.876,629.609,616.28,625.621,612.42
2/2/2026 12:20,346.012,340.304,350.76,344.948,455.439,447.164,500.18,490.728,490.136,480.96,595.325,583.08,600.622,588.212,365.266,359.132,523.405,513.3,606.036,594.78,578.133,566.416,494.035,484.752,506.22,496.6,347.537,341.796,513.056,503.244,517.773,507.828,347.877,347.94,618.766,605.784,475.124,466.348,372.295,366.004,613.788,600.964,499.448,490.016,474.278,465.524,499.925,490.48,615.544,602.664,337.877,332.344,379.142,372.696,618.258,605.292,521.149,511.108
2/2/2026 12:25,346.012,340.304,350.76,344.948,455.439,447.164,500.18,490.728,490.136,480.96,595.325,583.08,600.622,588.212,365.266,359.132,523.405,513.3,606.036,594.78,578.133,566.416,494.035,484.752,506.22,496.6,347.537,341.796,513.056,503.244,517.773,507.828,347.877,347.94,618.766,605.784,475.124,466.348,372.295,366.004,613.788,600.964,499.448,490.016,474.278,465.524,499.925,490.48,615.544,602.664,337.877,332.344,379.142,372.696,618.258,605.292,521.149,511.108
2/2/2026 12:30,346.012,340.304,350.76,344.948,455.439,447.164,500.18,490.728,490.136,480.96,595.325,583.08,600.622,588.212,365.266,359.132,523.405,513.3,606.036,594.78,578.133,566.416,494.035,484.752,506.22,496.6,347.537,341.796,513.056,503.244,517.773,507.828,347.877,347.94,618.766,605.784,475.124,466.348,372.295,366.004,613.788,600.964,499.448,490.016,474.278,465.524,499.925,490.48,615.544,602.664,337.877,332.344,379.142,372.696,618.258,605.292,521.149,511.108
2/2/2026 12:35,603.024,590.54,554.207,543.208,552.133,539.08,536.199,525.728,525.503,515.34,607.48,594.856,607.847,595.212,533.16,522.776,572.456,560.912,615.794,602.908,609.115,596.44,448.734,440.628,563.424,552.152,600.473,588.068,426.975,419.404,583.71,571.824,556.964,544.244,441.334,428.524,360.346,354.324,596.567,584.284,425.532,417.996,525.767,522.652,558.291,547.172,543.273,532.596,421.847,414.4,531.533,521.196,601.443,589.008,437.324,429.5,570.856,560.624
2/2/2026 12:40,603.024,590.54,554.207,543.208,552.133,539.08,536.199,525.728,525.503,515.34,607.48,594.856,607.847,595.212,533.16,522.776,572.456,560.912,615.794,602.908,609.115,596.44,448.734,440.628,563.424,552.152,600.473,588.068,426.975,419.404,583.71,571.824,556.964,544.244,441.334,428.524,360.346,354.324,596.567,584.284,425.532,417.996,525.767,522.652,558.291,547.172,543.273,532.596,421.847,414.4,531.533,521.196,601.443,589.008,437.324,429.5,570.856,560.624
2/2/2026 12:45,603.024,590.54,554.207,543.208,552.133,539.08,536.199,525.728,525.503,515.34,607.48,594.856,607.847,595.212,533.16,522.776,572.456,560.912,615.794,602.908,609.115,596.44,448.734,440.628,563.424,552.152,600.473,588.068,426.975,419.404,583.71,571.824,556.964,544.244,441.334,428.524,360.346,354.324,596.567,584.284,425.532,417.996,525.767,522.652,558.291,547.172,543.273,532.596,421.847,414.4,531.533,521.196,601.443,589.008,437.324,429.5,570.856,560.624
2/2/2026 12:50,596.175,583.904,622.331,609.236,600.44,588.036,596.492,583.8,599.733,586.936,381.822,375.316,270.888,266.644,615.655,602.772,621.365,608.3,280.225,266.388,360.588,354.56,572.992,561.432,622.154,609.064,604.164,591.644,573.137,561.572,636.901,623.336,624.815,611.64,505.972,492.792,576.342,564.68,621.757,608.68,497.945,488.556,604.103,591.164,608.835,596.168,598.253,585.504,500.121,490.672,618.753,605.772,555.625,544.584,510.803,501.056,619.889,606.872
2/2/2026 12:55,596.175,583.904,622.331,609.236,600.44,588.036,596.492,583.8,599.733,586.936,381.822,375.316,270.888,266.644,615.655,602.772,621.365,608.3,280.225,266.388,360.588,354.56,572.992,561.432,622.154,609.064,604.164,591.644,573.137,561.572,636.901,623.336,624.815,611.64,505.972,492.792,576.342,564.68,621.757,608.68,497.945,488.556,604.103,591.164,608.835,596.168,598.253,585.504,500.121,490.672,618.753,605.772,555.625,544.584,510.803,501.056,619.889,606.872
2/2/2026 13:00,596.175,583.904,622.331,609.236,600.44,588.036,596.492,583.8,599.733,586.936,381.822,375.316,270.888,266.644,615.655,602.772,621.365,608.3,280.225,266.388,360.588,354.56,572.992,561.432,622.154,609.064,604.164,591.644,573.137,561.572,636.901,623.336,624.815,611.64,505.972,492.792,576.342,564.68,621.757,608.68,497.945,488.556,604.103,591.164,608.835,596.168,598.253,585.504,500.121,490.672,618.753,605.772,555.625,544.584,510.803,501.056,619.889,606.872
2/2/2026 13:05,650.708,636.288,627.437,613.728,628.14,614.356,606.737,594.136,573.143,561.192,631.246,617.864,631.461,618.072,620.903,607.412,633.029,619.132,639.998,626.332,632.614,619.188,580.612,568.82,628.638,614.888,647.084,632.744,581.409,569.592,647.873,633.516,628.836,615.08,630.626,617.264,582.692,570.836,642.042,627.84,626.898,613.656,612.193,599.42,636.7,622.68,606.786,594.184,628.101,614.82,623.597,610.016,647.489,633.14,629.973,616.632,632.577,618.696
2/2/2026 13:10,650.708,636.288,627.437,613.728,628.14,614.356,606.737,594.136,573.143,561.192,631.246,617.864,631.461,618.072,620.903,607.412,633.029,619.132,639.998,626.332,632.614,619.188,580.612,568.82,628.638,614.888,647.084,632.744,581.409,569.592,647.873,633.516,628.836,615.08,630.626,617.264,582.692,570.836,642.042,627.84,626.898,613.656,612.193,599.42,636.7,622.68,606.786,594.184,628.101,614.82,623.597,610.016,647.489,633.14,629.973,616.632,632.577,618.696
2/2/2026 13:15,650.708,636.288,627.437,613.728,628.14,614.356,606.737,594.136,573.143,561.192,631.246,617.864,631.461,618.072,620.903,607.412,633.029,619.132,639.998,626.332,632.614,619.188,580.612,568.82,628.638,614.888,647.084,632.744,581.409,569.592,647.873,633.516,628.836,615.08,630.626,617.264,582.692,570.836,642.042,627.84,626.898,613.656,612.193,599.42,636.7,622.68,606.786,594.184,628.101,614.82,623.597,610.016,647.489,633.14,629.973,616.632,632.577,618.696
2/2/2026 13:20,255.923,251.948,376.014,369.64,139.372,137.008,234.361,230.764,228.475,224.98,615.997,603.104,616.733,603.816,377.569,371.16,272.101,267.836,624.306,610.932,617.224,604.292,570.031,558.56,340.667,335.076,240.971,258.648,570.732,559.24,317.887,312.776,373.46,367.144,594.515,607.184,563.964,552.676,192.635,189.748,614.535,601.688,229.655,226.14,140.471,138.344,230.282,226.756,616.299,603.396,378.687,372.252,198.192,195.212,619.009,606.02,286.784,282.252
2/2/2026 13:25,255.923,251.948,376.014,369.64,139.372,137.008,234.361,230.764,228.475,224.98,615.997,603.104,616.733,603.816,377.569,371.16,272.101,267.836,624.306,610.932,617.224,604.292,570.031,558.56,340.667,335.076,240.971,258.648,570.732,559.24,317.887,312.776,373.46,367.144,594.515,607.184,563.964,552.676,192.635,189.748,614.535,601.688,229.655,226.14,140.471,138.344,230.282,226.756,616.299,603.396,378.687,372.252,198.192,195.212,619.009,606.02,286.784,282.252
2/2/2026 13:30,255.923,251.948,376.014,369.64,139.372,137.008,234.361,230.764,228.475,224.98,615.997,603.104,616.733,603.816,377.569,371.16,272.101,267.836,624.306,610.932,617.224,604.292,570.031,558.56,340.667,335.076,240.971,258.648,570.732,559.24,317.887,312.776,373.46,367.144,594.515,607.184,563.964,552.676,192.635,189.748,614.535,601.688,229.655,226.14,140.471,138.344,230.282,226.756,616.299,603.396,378.687,372.252,198.192,195.212,619.009,606.02,286.784,282.252
2/2/2026 13:35,658.655,644.548,624.17,611.016,467.416,458.564,529.532,518.92,455.805,447.256,568.228,556.812,611.842,599.08,616.262,603.36,634.651,621.16,625.248,601.944,582.419,570.572,571.548,560.032,632.25,618.836,656.321,640.88,571.437,559.924,648.138,634.256,626.294,612.556,627.198,613.948,574.287,562.688,646.667,632.816,622.892,609.78,501.785,491.984,473.279,464.272,551.611,540.332,623.963,610.816,619.724,606.712,651.96,637.996,626.029,612.816,633.577,620.12
2/2/2026 13:40,658.655,644.548,624.17,611.016,467.416,458.564,529.532,518.92,455.805,447.256,568.228,556.812,611.842,599.08,616.262,603.36,634.651,621.16,625.248,601.944,582.419,570.572,571.548,560.032,632.25,618.836,656.321,640.88,571.437,559.924,648.138,634.256,626.294,612.556,627.198,613.948,574.287,562.688,646.667,632.816,622.892,609.78,501.785,491.984,473.279,464.272,551.611,540.332,623.963,610.816,619.724,606.712,651.96,637.996,626.029,612.816,633.577,620.12
2/2/2026 13:45,658.655,644.548,624.17,611.016,467.416,458.564,529.532,518.92,455.805,447.256,568.228,556.812,611.842,599.08,616.262,603.36,634.651,621.16,625.248,601.944,582.419,570.572,571.548,560.032,632.25,618.836,656.321,640.88,571.437,559.924,648.138,634.256,626.294,612.556,627.198,613.948,574.287,562.688,646.667,632.816,622.892,609.78,501.785,491.984,473.279,464.272,551.611,540.332,623.963,610.816,619.724,606.712,651.96,637.996,626.029,612.816,633.577,620.12
2/2/2026 13:50,635.933,622.4,622.703,609.596,607.281,594.664,594.8,582.572,595.481,583.232,631.939,618.536,631.7,618.304,613.94,601.112,627.075,613.828,639.124,626.016,634.093,620.62,581.697,569.872,627.877,614.604,632.688,619.012,584.445,572.536,643.661,629.876,624.562,611.396,633.576,620.12,589.422,577.36,628.972,615.664,632.634,619.208,602.054,589.6,616.042,603.148,596.488,584.208,633.51,620.056,617.526,604.584,634.217,620.74,633.184,619.74,626.038,613.192
2/2/2026 13:55,635.933,622.4,622.703,609.596,607.281,594.664,594.8,582.572,595.481,583.232,631.939,618.536,631.7,618.304,613.94,601.112,627.075,613.828,639.124,626.016,634.093,620.62,581.697,569.872,627.877,614.604,632.688,619.012,584.445,572.536,643.661,629.876,624.562,611.396,633.576,620.12,589.422,577.36,628.972,615.664,632.634,619.208,602.054,589.6,616.042,603.148,596.488,584.208,633.51,620.056,617.526,604.584,634.217,620.74,633.184,619.74,626.038,613.192
2/2/2026 14:00,635.933,622.4,622.703,609.596,607.281,594.664,594.8,582.572,595.481,583.232,631.939,618.536,631.7,618.304,613.94,601.112,627.075,613.828,639.124,626.016,634.093,620.62,581.697,569.872,627.877,614.604,632.688,619.012,584.445,572.536,643.661,629.876,624.562,611.396,633.576,620.12,589.422,577.36,628.972,615.664,632.634,619.208,602.054,589.6,616.042,603.148,596.488,584.208,633.51,620.056,617.526,604.584,634.217,620.74,633.184,619.74,626.038,613.192
2/2/2026 14:05,591.919,579.78,587.321,575.324,562.917,551.532,560.319,549.14,561.255,550.048,585.497,573.556,585.319,573.384,580.5,568.712,585.893,573.94,593.054,580.88,587.416,575.416,544.941,534.216,584.412,572.504,589.74,577.668,544.925,534.2,599.647,587.268,589.017,576.968,587.3,575.304,547.756,536.948,585.291,573.356,584.56,572.648,565.387,554.056,570.232,558.756,560.629,549.44,585.398,573.46,583.256,571.384,589.839,577.764,586.524,574.552,585.151,573.332
2/2/2026 14:10,591.919,579.78,587.321,575.324,562.917,551.532,560.319,549.14,561.255,550.048,585.497,573.556,585.319,573.384,580.5,568.712,585.893,573.94,593.054,580.88,587.416,575.416,544.941,534.216,584.412,572.504,589.74,577.668,544.925,534.2,599.647,587.268,589.017,576.968,587.3,575.304,547.756,536.948,585.291,573.356,584.56,572.648,565.387,554.056,570.232,558.756,560.629,549.44,585.398,573.46,583.256,571.384,589.839,577.764,586.524,574.552,585.151,573.332
2/2/2026 14:15,591.919,579.78,587.321,575.324,562.917,551.532,560.319,549.14,561.255,550.048,585.497,573.556,585.319,573.384,580.5,568.712,585.893,573.94,593.054,580.88,587.416,575.416,544.941,534.216,584.412,572.504,589.74,577.668,544.925,534.2,599.647,587.268,589.017,576.968,587.3,575.304,547.756,536.948,585.291,573.356,584.56,572.648,565.387,554.056,570.232,558.756,560.629,549.44,585.398,573.46,583.256,571.384,589.839,577.764,586.524,574.552,585.151,573.332
2/2/2026 14:20,596.633,584.348,585.014,573.088,570.843,559.348,557.784,546.68,559.784,548.62,592.018,579.876,591.361,579.24,578.986,567.244,588.064,576.044,599.44,587.068,593.417,581.232,546.8,536.02,586.83,574.848,594.239,582.028,546.54,535.768,602.067,589.612,586.269,574.304,595.085,583.004,550.917,535.656,589.447,577.384,593.45,581.264,564.092,552.988,578.548,566.82,558.877,547.74,594.226,582.016,582.109,570.272,595.011,582.776,594.424,582.208,587.453,575.452
2/2/2026 14:25,596.633,584.348,585.014,573.088,570.843,559.348,557.784,546.68,559.784,548.62,592.018,579.876,591.361,579.24,578.986,567.244,588.064,576.044,599.44,587.068,593.417,581.232,546.8,536.02,586.83,574.848,594.239,582.028,546.54,535.768,602.067,589.612,586.269,574.304,595.085,583.004,550.917,535.656,589.447,577.384,593.45,581.264,564.092,552.988,578.548,566.82,558.877,547.74,594.226,582.016,582.109,570.272,595.011,582.776,594.424,582.208,587.453,575.452
2/2/2026 14:30,596.633,584.348,585.014,573.088,570.843,559.348,557.784,546.68,559.784,548.62,592.018,579.876,591.361,579.24,578.986,567.244,588.064,576.044,599.44,587.068,593.417,581.232,546.8,536.02,586.83,574.848,594.239,582.028,546.54,535.768,602.067,589.612,586.269,574.304,595.085,583.004,550.917,535.656,589.447,577.384,593.45,581.264,564.092,552.988,578.548,566.82,558.877,547.74,594.226,582.016,582.109,570.272,595.011,582.776,594.424,582.208,587.453,575.452
2/2/2026 14:35,150.76,148.492,560.411,549.228,381.76,361.368,326.226,320.944,312.787,307.772,168.875,166.348,159.738,157.348,567.058,555.676,424.549,417.036,160.058,155.98,169.586,167.048,550.183,539.304,397.219,390.356,149.641,147.388,549.66,538.796,413.741,406.488,555.595,544.556,385.716,379.12,557.553,544.892,181.072,178.36,487.276,478.18,311.283,311.52,374.196,367.864,335.136,329.664,468.3,459.7,576.478,564.812,184.488,181.724,379.808,373.348,421.52,415.984
2/2/2026 14:40,150.76,148.492,560.411,549.228,381.76,361.368,326.226,320.944,312.787,307.772,168.875,166.348,159.738,157.348,567.058,555.676,424.549,417.036,160.058,155.98,169.586,167.048,550.183,539.304,397.219,390.356,149.641,147.388,549.66,538.796,413.741,406.488,555.595,544.556,385.716,379.12,557.553,544.892,181.072,178.36,487.276,478.18,311.283,311.52,374.196,367.864,335.136,329.664,468.3,459.7,576.478,564.812,184.488,181.724,379.808,373.348,421.52,415.984
2/2/2026 14:45,150.76,148.492,560.411,549.228,381.76,361.368,326.226,320.944,312.787,307.772,168.875,166.348,159.738,157.348,567.058,555.676,424.549,417.036,160.058,155.98,169.586,167.048,550.183,539.304,397.219,390.356,149.641,147.388,549.66,538.796,413.741,406.488,555.595,544.556,385.716,379.12,557.553,544.892,181.072,178.36,487.276,478.18,311.283,311.52,374.196,367.864,335.136,329.664,468.3,459.7,576.478,564.812,184.488,181.724,379.808,373.348,421.52,415.984
2/2/2026 14:50,568.419,556.996,411.831,404.624,543.466,534.856,531.916,521.568,453.055,444.84,562.769,551.516,562.146,550.912,378.442,372.012,565.949,554.6,567.029,555.48,561.458,550.244,304.883,300.016,563.981,552.692,563.726,554.388,299.1,294.34,578.38,566.656,438.956,431.092,504.622,484.2,326.104,320.824,561.161,549.956,469.568,460.936,467.192,458.62,550.431,539.544,532.826,522.452,460.223,451.828,368.178,361.98,566.196,554.84,494.729,485.428,565.338,554.008
2/2/2026 14:55,568.419,556.996,411.831,404.624,543.466,534.856,531.916,521.568,453.055,444.84,562.769,551.516,562.146,550.912,378.442,372.012,565.949,554.6,567.029,555.48,561.458,550.244,304.883,300.016,563.981,552.692,563.726,554.388,299.1,294.34,578.38,566.656,438.956,431.092,504.622,484.2,326.104,320.824,561.161,549.956,469.568,460.936,467.192,458.62,550.431,539.544,532.826,522.452,460.223,451.828,368.178,361.98,566.196,554.84,494.729,485.428,565.338,554.008
2/2/2026 15:00,568.419,556.996,411.831,404.624,543.466,534.856,531.916,521.568,453.055,444.84,562.769,551.516,562.146,550.912,378.442,372.012,565.949,554.6,567.029,555.48,561.458,550.244,304.883,300.016,563.981,552.692,563.726,554.388,299.1,294.34,578.38,566.656,438.956,431.092,504.622,484.2,326.104,320.824,561.161,549.956,469.568,460.936,467.192,458.62,550.431,539.544,532.826,522.452,460.223,451.828,368.178,361.98,566.196,554.84,494.729,485.428,565.338,554.008
2/2/2026 15:05,532.822,522.448,527.357,517.14,509.68,499.868,504.034,494.476,506.914,497.276,527.435,517.216,527.155,516.944,522.012,511.948,529.305,519.032,533.987,523.58,528.744,518.488,491.594,482.38,528.102,517.864,530.721,520.916,490.402,481.22,540.958,530.348,529.708,518.904,531.639,521.3,494.186,484.9,526.566,516.372,530.004,519.712,508.783,499.092,515.458,505.58,504.178,494.616,530.4,520.096,524.787,514.644,531.368,521.036,530.486,520.18,528.909,518.092
2/2/2026 15:10,532.822,522.448,527.357,517.14,509.68,499.868,504.034,494.476,506.914,497.276,527.435,517.216,527.155,516.944,522.012,511.948,529.305,519.032,533.987,523.58,528.744,518.488,491.594,482.38,528.102,517.864,530.721,520.916,490.402,481.22,540.958,530.348,529.708,518.904,531.639,521.3,494.186,484.9,526.566,516.372,530.004,519.712,508.783,499.092,515.458,505.58,504.178,494.616,530.4,520.096,524.787,514.644,531.368,521.036,530.486,520.18,528.909,518.092
2/2/2026 15:15,532.822,522.448,527.357,517.14,509.68,499.868,504.034,494.476,506.914,497.276,527.435,517.216,527.155,516.944,522.012,511.948,529.305,519.032,533.987,523.58,528.744,518.488,491.594,482.38,528.102,517.864,530.721,520.916,490.402,481.22,540.958,530.348,529.708,518.904,531.639,521.3,494.186,484.9,526.566,516.372,530.004,519.712,508.783,499.092,515.458,505.58,504.178,494.616,530.4,520.096,524.787,514.644,531.368,521.036,530.486,520.18,528.909,518.092
2/2/2026 15:20,504.631,495.056,493.746,484.472,482.877,473.508,474.154,465.404,475.18,466.404,500.981,491.508,500.212,490.76,488.963,479.82,499.303,489.876,506.824,497.188,501.607,492.116,464.799,456.288,497.057,487.692,503.01,493.484,463.941,455.452,511.581,501.812,496.21,486.868,506.017,496.404,466.014,457.472,498.85,489.436,504.055,494.496,479.336,470.452,489.053,479.908,474.601,465.84,505.194,495.604,490.949,481.752,503.59,494.044,505.951,496.34,498.772,489.508
2/2/2026 15:25,504.631,495.056,493.746,484.472,482.877,473.508,474.154,465.404,475.18,466.404,500.981,491.508,500.212,490.76,488.963,479.82,499.303,489.876,506.824,497.188,501.607,492.116,464.799,456.288,497.057,487.692,503.01,493.484,463.941,455.452,511.581,501.812,496.21,486.868,506.017,496.404,466.014,457.472,498.85,489.436,504.055,494.496,479.336,470.452,489.053,479.908,474.601,465.84,505.194,495.604,490.949,481.752,503.59,494.044,505.951,496.34,498.772,489.508
2/2/2026 15:30,504.631,495.056,493.746,484.472,482.877,473.508,474.154,465.404,475.18,466.404,500.981,491.508,500.212,490.76,488.963,479.82,499.303,489.876,506.824,497.188,501.607,492.116,464.799,456.288,497.057,487.692,503.01,493.484,463.941,455.452,511.581,501.812,496.21,486.868,506.017,496.404,466.014,457.472,498.85,489.436,504.055,494.496,479.336,470.452,489.053,479.908,474.601,465.84,505.194,495.604,490.949,481.752,503.59,494.044,505.951,496.34,498.772,489.508
2/2/2026 15:35,475.751,466.96,473.551,464.816,454.293,445.984,449.292,441.172,451.265,443.096,475.64,466.852,475.242,466.464,468.965,460.348,473.584,464.848,481.295,472.36,476.716,467.9,441.696,433.764,472.065,463.368,473.904,465.16,441.253,433.332,483.737,474.736,475.345,466.564,479.96,471.06,443.439,435.464,470.537,461.88,478.018,469.168,454.56,446.308,460.247,451.852,449.325,441.204,478.358,469.5,470.948,462.28,474.737,465.972,479.82,470.924,473.218,464.492
2/2/2026 15:40,475.751,466.96,473.551,464.816,454.293,445.984,449.292,441.172,451.265,443.096,475.64,466.852,475.242,466.464,468.965,460.348,473.584,464.848,481.295,472.36,476.716,467.9,441.696,433.764,472.065,463.368,473.904,465.16,441.253,433.332,483.737,474.736,475.345,466.564,479.96,471.06,443.439,435.464,470.537,461.88,478.018,469.168,454.56,446.308,460.247,451.852,449.325,441.204,478.358,469.5,470.948,462.28,474.737,465.972,479.82,470.924,473.218,464.492
2/2/2026 15:45,475.751,466.96,473.551,464.816,454.293,445.984,449.292,441.172,451.265,443.096,475.64,466.852,475.242,466.464,468.965,460.348,473.584,464.848,481.295,472.36,476.716,467.9,441.696,433.764,472.065,463.368,473.904,465.16,441.253,433.332,483.737,474.736,475.345,466.564,479.96,471.06,443.439,435.464,470.537,461.88,478.018,469.168,454.56,446.308,460.247,451.852,449.325,441.204,478.358,469.5,470.948,462.28,474.737,465.972,479.82,470.924,473.218,464.492
2/2/2026 15:50,465.678,457.144,457.297,448.976,443.406,435.432,437.414,429.588,439.953,432.064,459.513,451.136,457.515,449.188,453.65,445.42,458.807,450.448,463.4,454.804,458.66,450.304,421.942,414.492,458.508,450.156,461.738,453.304,421.999,414.548,469.438,460.808,461.754,453.32,466.81,458.248,423.45,415.964,457.884,449.548,464.228,455.732,441.437,433.512,448.804,440.696,439.678,431.796,462.558,454.104,455.435,447.16,462.008,453.568,465.903,457.364,458.315,452.012
2/2/2026 15:55,465.678,457.144,457.297,448.976,443.406,435.432,437.414,429.588,439.953,432.064,459.513,451.136,457.515,449.188,453.65,445.42,458.807,450.448,463.4,454.804,458.66,450.304,421.942,414.492,458.508,450.156,461.738,453.304,421.999,414.548,469.438,460.808,461.754,453.32,466.81,458.248,423.45,415.964,457.884,449.548,464.228,455.732,441.437,433.512,448.804,440.696,439.678,431.796,462.558,454.104,455.435,447.16,462.008,453.568,465.903,457.364,458.315,452.012
2/2/2026 16:00,465.678,457.144,457.297,448.976,443.406,435.432,437.414,429.588,439.953,432.064,459.513,451.136,457.515,449.188,453.65,445.42,458.807,450.448,463.4,454.804,458.66,450.304,421.942,414.492,458.508,450.156,461.738,453.304,421.999,414.548,469.438,460.808,461.754,453.32,466.81,458.248,423.45,415.964,457.884,449.548,464.228,455.732,441.437,433.512,448.804,440.696,439.678,431.796,462.558,454.104,455.435,447.16,462.008,453.568,465.903,457.364,458.315,452.012
2/2/2026 16:05,438.989,431.124,433.089,425.368,421.962,414.516,415.228,407.94,416.261,408.948,434.245,426.496,436.049,428.256,429.493,421.86,434.909,427.144,441.548,433.62,437.131,429.312,403.494,396.484,433.868,426.128,436.783,428.972,402.064,395.088,444.137,436.144,435.561,427.78,439.448,431.572,404.412,397.38,434.2,426.452,438.796,430.936,419.761,412.364,426.754,419.188,415.347,408.056,439.44,431.564,433.261,425.536,439.699,431.816,438.813,430.952,434.778,427.016
2/2/2026 16:10,438.989,431.124,433.089,425.368,421.962,414.516,415.228,407.94,416.261,408.948,434.245,426.496,436.049,428.256,429.493,421.86,434.909,427.144,441.548,433.62,437.131,429.312,403.494,396.484,433.868,426.128,436.783,428.972,402.064,395.088,444.137,436.144,435.561,427.78,439.448,431.572,404.412,397.38,434.2,426.452,438.796,430.936,419.761,412.364,426.754,419.188,415.347,408.056,439.44,431.564,433.261,425.536,439.699,431.816,438.813,430.952,434.778,427.016
2/2/2026 16:15,438.989,431.124,433.089,425.368,421.962,414.516,415.228,407.94,416.261,408.948,434.245,426.496,436.049,428.256,429.493,421.86,434.909,427.144,441.548,433.62,437.131,429.312,403.494,396.484,433.868,426.128,436.783,428.972,402.064,395.088,444.137,436.144,435.561,427.78,439.448,431.572,404.412,397.38,434.2,426.452,438.796,430.936,419.761,412.364,426.754,419.188,415.347,408.056,439.44,431.564,433.261,425.536,439.699,431.816,438.813,430.952,434.778,427.016
2/2/2026 16:20,401.798,394.828,399.124,392.216,385.159,378.252,380.325,373.852,381.406,374.908,397.977,391.096,397.661,390.788,395.438,388.616,398.694,391.796,402.925,395.928,399.23,392.32,369.475,363.248,397.387,390.52,399.423,392.568,369.966,363.728,406.534,399.452,400.984,394.032,401.577,394.912,371.022,364.76,397.399,390.532,399.037,392.132,384.259,377.832,389.749,383.06,380.296,373.824,400.823,393.876,397.453,390.584,400.733,393.788,400.844,393.896,398.841,391.94
2/2/2026 16:25,401.798,394.828,399.124,392.216,385.159,378.252,380.325,373.852,381.406,374.908,397.977,391.096,397.661,390.788,395.438,388.616,398.694,391.796,402.925,395.928,399.23,392.32,369.475,363.248,397.387,390.52,399.423,392.568,369.966,363.728,406.534,399.452,400.984,394.032,401.577,394.912,371.022,364.76,397.399,390.532,399.037,392.132,384.259,377.832,389.749,383.06,380.296,373.824,400.823,393.876,397.453,390.584,400.733,393.788,400.844,393.896,398.841,391.94
2/2/2026 16:30,401.798,394.828,399.124,392.216,385.159,378.252,380.325,373.852,381.406,374.908,397.977,391.096,397.661,390.788,395.438,388.616,398.694,391.796,402.925,395.928,399.23,392.32,369.475,363.248,397.387,390.52,399.423,392.568,369.966,363.728,406.534,399.452,400.984,394.032,401.577,394.912,371.022,364.76,397.399,390.532,399.037,392.132,384.259,377.832,389.749,383.06,380.296,373.824,400.823,393.876,397.453,390.584,400.733,393.788,400.844,393.896,398.841,391.94
2/2/2026 16:35,385.524,378.932,374.881,368.532,364.863,358.336,357.643,351.68,356.608,350.668,383.383,376.84,383.375,376.832,372.43,366.136,377.321,370.916,388.451,381.792,384.353,377.788,350.874,345.06,376.739,370.348,383.301,376.76,351.868,346.032,385.189,378.604,376.383,370.432,388.111,381.46,352.878,347.144,377.931,371.512,385.209,378.624,359.508,353.504,368.963,362.748,357.757,351.792,386.073,379.468,373.715,367.392,380.898,374.412,387.272,380.64,380.067,371.344
2/2/2026 16:40,385.524,378.932,374.881,368.532,364.863,358.336,357.643,351.68,356.608,350.668,383.383,376.84,383.375,376.832,372.43,366.136,377.321,370.916,388.451,381.792,384.353,377.788,350.874,345.06,376.739,370.348,383.301,376.76,351.868,346.032,385.189,378.604,376.383,370.432,388.111,381.46,352.878,347.144,377.931,371.512,385.209,378.624,359.508,353.504,368.963,362.748,357.757,351.792,386.073,379.468,373.715,367.392,380.898,374.412,387.272,380.64,380.067,371.344
2/2/2026 16:45,385.524,378.932,374.881,368.532,364.863,358.336,357.643,351.68,356.608,350.668,383.383,376.84,383.375,376.832,372.43,366.136,377.321,370.916,388.451,381.792,384.353,377.788,350.874,345.06,376.739,370.348,383.301,376.76,351.868,346.032,385.189,378.604,376.383,370.432,388.111,381.46,352.878,347.144,377.931,371.512,385.209,378.624,359.508,353.504,368.963,362.748,357.757,351.792,386.073,379.468,373.715,367.392,380.898,374.412,387.272,380.64,380.067,371.344
2/2/2026 16:50,268.575,264.372,225.924,222.472,292.307,287.672,260.628,256.568,240.322,236.62,245.911,242.112,230.169,226.644,198.999,196.004,261.724,257.644,233.426,229.844,245.683,241.888,225.505,222.06,249.198,245.34,273.239,268.952,224.251,220.828,257.208,253.208,228.24,224.748,236.93,233.288,221.008,220.468,250.851,246.964,225.134,221.696,244.087,240.32,294.157,289.488,255.472,251.504,224.117,220.696,199.162,196.164,255.106,251.144,233.657,230.072,264.465,260.336
2/2/2026 16:55,268.575,264.372,225.924,222.472,292.307,287.672,260.628,256.568,240.322,236.62,245.911,242.112,230.169,226.644,198.999,196.004,261.724,257.644,233.426,229.844,245.683,241.888,225.505,222.06,249.198,245.34,273.239,268.952,224.251,220.828,257.208,253.208,228.24,224.748,236.93,233.288,221.008,220.468,250.851,246.964,225.134,221.696,244.087,240.32,294.157,289.488,255.472,251.504,224.117,220.696,199.162,196.164,255.106,251.144,233.657,230.072,264.465,260.336
2/2/2026 17:00,268.575,264.372,225.924,222.472,292.307,287.672,260.628,256.568,240.322,236.62,245.911,242.112,230.169,226.644,198.999,196.004,261.724,257.644,233.426,229.844,245.683,241.888,225.505,222.06,249.198,245.34,273.239,268.952,224.251,220.828,257.208,253.208,228.24,224.748,236.93,233.288,221.008,220.468,250.851,246.964,225.134,221.696,244.087,240.32,294.157,289.488,255.472,251.504,224.117,220.696,199.162,196.164,255.106,251.144,233.657,230.072,264.465,260.336
2/2/2026 17:05,175.537,172.908,161.834,159.412,159.208,157.184,151.39,149.112,153.276,150.972,206.953,203.824,233.687,229.988,161.599,159.18,166.294,163.768,236.799,233.044,205.293,202.192,155.052,152.724,167.319,164.776,173.976,171.32,155.648,153.312,170.021,167.432,162.35,159.92,184.37,181.608,157.156,152.392,169.782,167.24,192.312,189.428,154.148,152.124,160.912,158.504,150.344,148.08,191.637,188.764,162.289,159.86,170.968,168.408,183.578,180.828,166.233,163.708
2/2/2026 17:10,175.537,172.908,161.834,159.412,159.208,157.184,151.39,149.112,153.276,150.972,206.953,203.824,233.687,229.988,161.599,159.18,166.294,163.768,236.799,233.044,205.293,202.192,155.052,152.724,167.319,164.776,173.976,171.32,155.648,153.312,170.021,167.432,162.35,159.92,184.37,181.608,157.156,152.392,169.782,167.24,192.312,189.428,154.148,152.124,160.912,158.504,150.344,148.08,191.637,188.764,162.289,159.86,170.968,168.408,183.578,180.828,166.233,163.708
2/2/2026 17:15,175.537,172.908,161.834,159.412,159.208,157.184,151.39,149.112,153.276,150.972,206.953,203.824,233.687,229.988,161.599,159.18,166.294,163.768,236.799,233.044,205.293,202.192,155.052,152.724,167.319,164.776,173.976,171.32,155.648,153.312,170.021,167.432,162.35,159.92,184.37,181.608,157.156,152.392,169.782,167.24,192.312,189.428,154.148,152.124,160.912,158.504,150.344,148.08,191.637,188.764,162.289,159.86,170.968,168.408,183.578,180.828,166.233,163.708
2/2/2026 17:20,103.874,102.16,102.156,100.464,100.068,98.484,98.929,97.28,98.438,96.796,101.337,99.656,100.51,98.84,100.786,99.112,102.435,100.74,102.022,100.332,101.766,100.08,93.221,91.648,102.999,101.296,103.619,101.908,93.399,91.824,104.761,103.036,102.322,100.628,102.313,100.448,93.383,91.788,102.358,100.664,101.62,99.936,99.598,97.94,100.595,98.924,97.64,96.008,102.305,100.612,101.414,99.732,103.258,101.552,102.792,101.092,102.926,101.224
2/2/2026 17:25,103.874,102.16,102.156,100.464,100.068,98.484,98.929,97.28,98.438,96.796,101.337,99.656,100.51,98.84,100.786,99.112,102.435,100.74,102.022,100.332,101.766,100.08,93.221,91.648,102.999,101.296,103.619,101.908,93.399,91.824,104.761,103.036,102.322,100.628,102.313,100.448,93.383,91.788,102.358,100.664,101.62,99.936,99.598,97.94,100.595,98.924,97.64,96.008,102.305,100.612,101.414,99.732,103.258,101.552,102.792,101.092,102.926,101.224
2/2/2026 17:30,103.874,102.16,102.156,100.464,100.068,98.484,98.929,97.28,98.438,96.796,101.337,99.656,100.51,98.84,100.786,99.112,102.435,100.74,102.022,100.332,101.766,100.08,93.221,91.648,102.999,101.296,103.619,101.908,93.399,91.824,104.761,103.036,102.322,100.628,102.313,100.448,93.383,91.788,102.358,100.664,101.62,99.936,99.598,97.94,100.595,98.924,97.64,96.008,102.305,100.612,101.414,99.732,103.258,101.552,102.792,101.092,102.926,101.224
2/2/2026 17:35,270.24,265.872,236.864,233.108,259.936,255.76,246.164,242.24,249.057,243.108,271.348,266.96,270.468,266.096,236.363,232.616,274.096,269.656,273.953,269.516,271.589,267.196,228.792,225.18,272.645,268.232,267.692,263.372,226.938,223.36,278.286,273.768,237.552,233.784,274.581,270.132,220.134,216.676,263.653,259.408,273.325,268.9,250.931,246.92,262.508,258.284,246.189,242.264,273.411,268.984,235.414,231.684,266.217,261.924,274.964,270.508,274.565,270.116
2/2/2026 17:40,270.24,265.872,236.864,233.108,259.936,255.76,246.164,242.24,249.057,243.108,271.348,266.96,270.468,266.096,236.363,232.616,274.096,269.656,273.953,269.516,271.589,267.196,228.792,225.18,272.645,268.232,267.692,263.372,226.938,223.36,278.286,273.768,237.552,233.784,274.581,270.132,220.134,216.676,263.653,259.408,273.325,268.9,250.931,246.92,262.508,258.284,246.189,242.264,273.411,268.984,235.414,231.684,266.217,261.924,274.964,270.508,274.565,270.116
2/2/2026 17:45,270.24,265.872,236.864,233.108,259.936,255.76,246.164,242.24,249.057,243.108,271.348,266.96,270.468,266.096,236.363,232.616,274.096,269.656,273.953,269.516,271.589,267.196,228.792,225.18,272.645,268.232,267.692,263.372,226.938,223.36,278.286,273.768,237.552,233.784,274.581,270.132,220.134,216.676,263.653,259.408,273.325,268.9,250.931,246.92,262.508,258.284,246.189,242.264,273.411,268.984,235.414,231.684,266.217,261.924,274.964,270.508,274.565,270.116
2/2/2026 17:50,55.501,54.384,54.293,53.184,52.586,51.524,52.404,51.308,51.791,50.7,55.256,54.14,54.571,53.46,53.423,52.32,55.163,54.048,55.408,54.292,55.489,54.372,51.029,49.944,55.135,54.02,55.095,53.98,51.102,50.016,55.726,54.608,54.205,53.096,55.637,54.52,50.586,49.504,54.789,53.676,55.581,54.464,52.259,51.164,52.977,51.912,51.549,50.46,55.682,54.564,54.128,53.02,55.223,54.108,55.762,54.644,55.553,54.436
2/2/2026 17:55,55.501,54.384,54.293,53.184,52.586,51.524,52.404,51.308,51.791,50.7,55.256,54.14,54.571,53.46,53.423,52.32,55.163,54.048,55.408,54.292,55.489,54.372,51.029,49.944,55.135,54.02,55.095,53.98,51.102,50.016,55.726,54.608,54.205,53.096,55.637,54.52,50.586,49.504,54.789,53.676,55.581,54.464,52.259,51.164,52.977,51.912,51.549,50.46,55.682,54.564,54.128,53.02,55.223,54.108,55.762,54.644,55.553,54.436
2/2/2026 18:00,55.501,54.384,54.293,53.184,52.586,51.524,52.404,51.308,51.791,50.7,55.256,54.14,54.571,53.46,53.423,52.32,55.163,54.048,55.408,54.292,55.489,54.372,51.029,49.944,55.135,54.02,55.095,53.98,51.102,50.016,55.726,54.608,54.205,53.096,55.637,54.52,50.586,49.504,54.789,53.676,55.581,54.464,52.259,51.164,52.977,51.912,51.549,50.46,55.682,54.564,54.128,53.02,55.223,54.108,55.762,54.644,55.553,54.436
2/2/2026 18:05,42.372,41.376,42.424,41.428,40.88,39.924,41.285,40.324,40.718,39.764,41.339,40.356,40.739,39.764,41.452,40.468,42.421,41.424,41.335,40.352,41.465,40.48,38.679,37.732,42.413,41.416,41.854,40.864,38.711,37.764,42.656,41.656,41.979,40.988,41.679,40.692,38.459,37.516,41.943,40.952,41.578,40.592,41.281,40.32,40.811,39.856,40.556,39.604,41.776,40.788,41.967,40.976,42.259,41.264,41.699,40.712,42.749,41.748
2/2/2026 18:10,42.372,41.376,42.424,41.428,40.88,39.924,41.285,40.324,40.718,39.764,41.339,40.356,40.739,39.764,41.452,40.468,42.421,41.424,41.335,40.352,41.465,40.48,38.679,37.732,42.413,41.416,41.854,40.864,38.711,37.764,42.656,41.656,41.979,40.988,41.679,40.692,38.459,37.516,41.943,40.952,41.578,40.592,41.281,40.32,40.811,39.856,40.556,39.604,41.776,40.788,41.967,40.976,42.259,41.264,41.699,40.712,42.749,41.748
2/2/2026 18:15,42.372,41.376,42.424,41.428,40.88,39.924,41.285,40.324,40.718,39.764,41.339,40.356,40.739,39.764,41.452,40.468,42.421,41.424,41.335,40.352,41.465,40.48,38.679,37.732,42.413,41.416,41.854,40.864,38.711,37.764,42.656,41.656,41.979,40.988,41.679,40.692,38.459,37.516,41.943,40.952,41.578,40.592,41.281,40.32,40.811,39.856,40.556,39.604,41.776,40.788,41.967,40.976,42.259,41.264,41.699,40.712,42.749,41.748
2/2/2026 18:20,42.242,41.248,42.021,41.052,39.887,38.944,39.782,38.84,39.373,38.436,42.299,41.304,41.858,40.868,40.957,40,41.922,40.932,42.133,41.144,42.291,41.296,39.462,38.504,42.003,41.012,41.72,40.732,39.491,38.552,42.396,41.4,41.593,40.456,42.406,41.408,38.984,38.224,41.529,40.544,42.434,41.46,39.665,38.724,39.989,39.044,39.264,38.328,42.458,41.484,41.455,40.492,41.833,40.844,42.673,41.696,42.226,41.232
2/2/2026 18:25,42.242,41.248,42.021,41.052,39.887,38.944,39.782,38.84,39.373,38.436,42.299,41.304,41.858,40.868,40.957,40,41.922,40.932,42.133,41.144,42.291,41.296,39.462,38.504,42.003,41.012,41.72,40.732,39.491,38.552,42.396,41.4,41.593,40.456,42.406,41.408,38.984,38.224,41.529,40.544,42.434,41.46,39.665,38.724,39.989,39.044,39.264,38.328,42.458,41.484,41.455,40.492,41.833,40.844,42.673,41.696,42.226,41.232
2/2/2026 18:30,42.242,41.248,42.021,41.052,39.887,38.944,39.782,38.84,39.373,38.436,42.299,41.304,41.858,40.868,40.957,40,41.922,40.932,42.133,41.144,42.291,41.296,39.462,38.504,42.003,41.012,41.72,40.732,39.491,38.552,42.396,41.4,41.593,40.456,42.406,41.408,38.984,38.224,41.529,40.544,42.434,41.46,39.665,38.724,39.989,39.044,39.264,38.328,42.458,41.484,41.455,40.492,41.833,40.844,42.673,41.696,42.226,41.232
2/2/2026 18:35,36.299,35.388,36.827,35.924,34.305,33.724,34.947,34.072,34.545,33.676,36.372,35.46,36.068,35.16,35.958,35.068,36.551,35.636,36.397,35.484,36.478,35.564,34.523,33.64,36.563,35.648,36.031,35.124,34.52,33.652,36.697,35.78,36.331,35.388,37.127,36.156,34.346,33.48,36.003,35.096,36.867,35.964,35.048,34.172,34.638,33.768,34.301,33.436,36.973,36.068,36.603,35.704,36.283,35.372,37.135,36.228,36.811,35.892
2/2/2026 18:40,36.299,35.388,36.827,35.924,34.305,33.724,34.947,34.072,34.545,33.676,36.372,35.46,36.068,35.16,35.958,35.068,36.551,35.636,36.397,35.484,36.478,35.564,34.523,33.64,36.563,35.648,36.031,35.124,34.52,33.652,36.697,35.78,36.331,35.388,37.127,36.156,34.346,33.48,36.003,35.096,36.867,35.964,35.048,34.172,34.638,33.768,34.301,33.436,36.973,36.068,36.603,35.704,36.283,35.372,37.135,36.228,36.811,35.892
2/2/2026 18:45,36.299,35.388,36.827,35.924,34.305,33.724,34.947,34.072,34.545,33.676,36.372,35.46,36.068,35.16,35.958,35.068,36.551,35.636,36.397,35.484,36.478,35.564,34.523,33.64,36.563,35.648,36.031,35.124,34.52,33.652,36.697,35.78,36.331,35.388,37.127,36.156,34.346,33.48,36.003,35.096,36.867,35.964,35.048,34.172,34.638,33.768,34.301,33.436,36.973,36.068,36.603,35.704,36.283,35.372,37.135,36.228,36.811,35.892
2/2/2026 18:50,27.058,26.356,27.3,26.592,25.597,24.932,25.696,25.028,25.187,24.532,27.042,26.34,26.464,25.776,26.02,25.344,27.079,26.376,26.669,25.976,27.173,26.468,25.368,24.708,27.112,26.408,26.857,26.116,25.323,24.664,27.034,26.332,26.595,25.904,27.124,26.42,25.245,24.568,26.562,25.872,26.71,26.016,25.836,25.112,25.524,24.86,25.368,24.708,26.964,26.264,26.697,26.004,26.722,26.028,26.956,26.256,27.337,26.628
2/2/2026 18:55,27.058,26.356,27.3,26.592,25.597,24.932,25.696,25.028,25.187,24.532,27.042,26.34,26.464,25.776,26.02,25.344,27.079,26.376,26.669,25.976,27.173,26.468,25.368,24.708,27.112,26.408,26.857,26.116,25.323,24.664,27.034,26.332,26.595,25.904,27.124,26.42,25.245,24.568,26.562,25.872,26.71,26.016,25.836,25.112,25.524,24.86,25.368,24.708,26.964,26.264,26.697,26.004,26.722,26.028,26.956,26.256,27.337,26.628
2/2/2026 19:00,27.058,26.356,27.3,26.592,25.597,24.932,25.696,25.028,25.187,24.532,27.042,26.34,26.464,25.776,26.02,25.344,27.079,26.376,26.669,25.976,27.173,26.468,25.368,24.708,27.112,26.408,26.857,26.116,25.323,24.664,27.034,26.332,26.595,25.904,27.124,26.42,25.245,24.568,26.562,25.872,26.71,26.016,25.836,25.112,25.524,24.86,25.368,24.708,26.964,26.264,26.697,26.004,26.722,26.028,26.956,26.256,27.337,26.628
2/2/2026 19:05,5.755,5.584,5.922,5.76,5.222,5.048,5.05,4.908,4.829,4.692,5.501,5.336,5.513,5.348,4.882,4.744,5.505,5.34,5.415,5.252,5.579,5.412,4.948,4.808,5.768,5.596,5.595,5.428,4.915,4.776,5.292,5.132,4.944,4.964,5.598,5.444,5.054,4.912,5.497,5.332,5.312,5.164,5.394,5.244,4.972,4.832,4.829,4.692,5.41,5.26,5.39,5.24,5.476,5.312,5.431,5.28,5.583,5.416
2/2/2026 19:10,5.755,5.584,5.922,5.76,5.222,5.048,5.05,4.908,4.829,4.692,5.501,5.336,5.513,5.348,4.882,4.744,5.505,5.34,5.415,5.252,5.579,5.412,4.948,4.808,5.768,5.596,5.595,5.428,4.915,4.776,5.292,5.132,4.944,4.964,5.598,5.444,5.054,4.912,5.497,5.332,5.312,5.164,5.394,5.244,4.972,4.832,4.829,4.692,5.41,5.26,5.39,5.24,5.476,5.312,5.431,5.28,5.583,5.416
2/2/2026 19:15,5.755,5.584,5.922,5.76,5.222,5.048,5.05,4.908,4.829,4.692,5.501,5.336,5.513,5.348,4.882,4.744,5.505,5.34,5.415,5.252,5.579,5.412,4.948,4.808,5.768,5.596,5.595,5.428,4.915,4.776,5.292,5.132,4.944,4.964,5.598,5.444,5.054,4.912,5.497,5.332,5.312,5.164,5.394,5.244,4.972,4.832,4.829,4.692,5.41,5.26,5.39,5.24,5.476,5.312,5.431,5.28,5.583,5.416
2/2/2026 19:20,0.494,0.456,0.457,0.42,0,0,0.163,0.132,0,0,0.425,0.388,0,0,0,0,0.236,0.204,0.277,0.244,0.507,0.468,0,0,0.294,0.26,0.404,0.356,0.114,0.084,0,0,0,0,0.294,0.26,0.212,0.18,0,0,0.134,0.104,0.408,0.372,0.371,0.336,0,0,0,0,0.036,0.008,0.273,0.24,0.118,0.088,0.277,0.244
2/2/2026 19:25,0.494,0.456,0.457,0.42,0,0,0.163,0.132,0,0,0.425,0.388,0,0,0,0,0.236,0.204,0.277,0.244,0.507,0.468,0,0,0.294,0.26,0.404,0.356,0.114,0.084,0,0,0,0,0.294,0.26,0.212,0.18,0,0,0.134,0.104,0.408,0.372,0.371,0.336,0,0,0,0,0.036,0.008,0.273,0.24,0.118,0.088,0.277,0.244
2/2/2026 19:30,0.494,0.456,0.457,0.42,0,0,0.163,0.132,0,0,0.425,0.388,0,0,0,0,0.236,0.204,0.277,0.244,0.507,0.468,0,0,0.294,0.26,0.404,0.356,0.114,0.084,0,0,0,0,0.294,0.26,0.212,0.18,0,0,0.134,0.104,0.408,0.372,0.371,0.336,0,0,0,0,0.036,0.008,0.273,0.24,0.118,0.088,0.277,0.244
2/2/2026 19:35,0,0,0,0,0,0,0,0,0,0,0,0,0,0,0,0,0,0,0,0,0,0,0,0,0,0,0,0,0,0,0,0,0,0,0,0,0,0,0,0,0,0,0,0,0,0,0,0,0,0,0,0,0,0,0,0,0,0
2/2/2026 19:40,0,0,0,0,0,0,0,0,0,0,0,0,0,0,0,0,0,0,0,0,0,0,0,0,0,0,0,0,0,0,0,0,0,0,0,0,0,0,0,0,0,0,0,0,0,0,0,0,0,0,0,0,0,0,0,0,0,0
2/2/2026 19:45,0,0,0,0,0,0,0,0,0,0,0,0,0,0,0,0,0,0,0,0,0,0,0,0,0,0,0,0,0,0,0,0,0,0,0,0,0,0,0,0,0,0,0,0,0,0,0,0,0,0,0,0,0,0,0,0,0,0
2/2/2026 19:50,0,0,0,0,0,0,0,0,0,0,0,0,0,0,0,0,0,0,0,0,0,0,0,0,0,0,0,0,0,0,0,0,0,0,0,0,0,0,0,0,0,0,0,0,0,0,0,0,0,0,0,0,0,0,0,0,0,0
2/2/2026 19:55,0,0,0,0,0,0,0,0,0,0,0,0,0,0,0,0,0,0,0,0,0,0,0,0,0,0,0,0,0,0,0,0,0,0,0,0,0,0,0,0,0,0,0,0,0,0,0,0,0,0,0,0,0,0,0,0,0,0
2/2/2026 20:00,0,0,0,0,0,0,0,0,0,0,0,0,0,0,0,0,0,0,0,0,0,0,0,0,0,0,0,0,0,0,0,0,0,0,0,0,0,0,0,0,0,0,0,0,0,0,0,0,0,0,0,0,0,0,0,0,0,0
2/2/2026 20:05,0,0,0,0,0,0,0,0,0,0,0,0,0,0,0,0,0,0,0,0,0,0,0,0,0,0,0,0,0,0,0,0,0,0,0,0,0,0,0,0,0,0,0,0,0,0,0,0,0,0,0,0,0,0,0,0,0,0
2/2/2026 20:10,0,0,0,0,0,0,0,0,0,0,0,0,0,0,0,0,0,0,0,0,0,0,0,0,0,0,0,0,0,0,0,0,0,0,0,0,0,0,0,0,0,0,0,0,0,0,0,0,0,0,0,0,0,0,0,0,0,0
2/2/2026 20:15,0,0,0,0,0,0,0,0,0,0,0,0,0,0,0,0,0,0,0,0,0,0,0,0,0,0,0,0,0,0,0,0,0,0,0,0,0,0,0,0,0,0,0,0,0,0,0,0,0,0,0,0,0,0,0,0,0,0
2/2/2026 20:20,0,0,0,0,0,0,0,0,0,0,0,0,0,0,0,0,0,0,0,0,0,0,0,0,0,0,0,0,0,0,0,0,0,0,0,0,0,0,0,0,0,0,0,0,0,0,0,0,0,0,0,0,0,0,0,0,0,0
2/2/2026 20:25,0,0,0,0,0,0,0,0,0,0,0,0,0,0,0,0,0,0,0,0,0,0,0,0,0,0,0,0,0,0,0,0,0,0,0,0,0,0,0,0,0,0,0,0,0,0,0,0,0,0,0,0,0,0,0,0,0,0
2/2/2026 20:30,0,0,0,0,0,0,0,0,0,0,0,0,0,0,0,0,0,0,0,0,0,0,0,0,0,0,0,0,0,0,0,0,0,0,0,0,0,0,0,0,0,0,0,0,0,0,0,0,0,0,0,0,0,0,0,0,0,0
2/2/2026 20:35,0,0,0,0,0,0,0,0,0,0,0,0,0,0,0,0,0,0,0,0,0,0,0,0,0,0,0,0,0,0,0,0,0,0,0,0,0,0,0,0,0,0,0,0,0,0,0,0,0,0,0,0,0,0,0,0,0,0
2/2/2026 20:40,0,0,0,0,--,--,0,0,0,0,0,0,0,0,0,0,0,0,0,0,0,0,0,0,0,0,0,0,0,0,0,0,0,0,0,0,0,0,0,0,0,0,0,0,--,--,0,0,0,0,0,0,0,0,0,0,0,0
2/2/2026 20:45,0,0,0,0,--,--,0,0,0,0,0,0,0,0,0,0,0,0,0,0,0,0,0,0,0,0,0,0,0,0,0,0,0,0,0,0,0,0,0,0,0,0,0,0,--,--,0,0,0,0,0,0,0,0,0,0,0,0
2/2/2026 20:50,0,0,0,0,--,--,0,0,0,0,0,0,0,0,0,0,0,0,0,0,0,0,0,0,0,0,0,0,0,0,0,0,0,0,0,0,0,0,0,0,0,0,0,0,--,--,0,0,0,0,0,0,0,0,0,0,0,0
2/2/2026 20:55,0,0,0,0,--,--,0,0,0,0,0,0,0,0,0,0,0,0,0,0,0,0,0,0,0,0,0,0,0,0,0,0,0,0,0,0,0,0,0,0,0,0,0,0,--,--,0,0,0,0,0,0,0,0,0,0,0,0
2/2/2026 21:00,0,0,0,0,--,--,0,0,0,0,0,0,0,0,0,0,0,0,0,0,0,0,0,0,0,0,0,0,0,0,0,0,0,0,0,0,0,0,0,0,0,0,0,0,--,--,0,0,0,0,0,0,0,0,0,0,0,0
2/2/2026 21:05,0,0,0,0,--,--,0,0,0,0,0,0,0,0,0,0,0,0,0,0,0,0,0,0,0,0,0,0,0,0,0,0,0,0,0,0,0,0,0,0,0,0,0,0,--,--,0,0,0,0,0,0,0,0,0,0,0,0
2/2/2026 21:10,0,0,0,0,--,--,0,0,0,0,0,0,0,0,0,0,0,0,0,0,0,0,0,0,0,0,0,0,0,0,0,0,0,0,0,0,0,0,0,0,0,0,0,0,--,--,0,0,0,0,0,0,0,0,0,0,0,0
2/2/2026 21:15,0,0,0,0,--,--,0,0,0,0,0,0,0,0,0,0,0,0,0,0,0,0,0,0,0,0,0,0,0,0,0,0,0,0,0,0,0,0,0,0,0,0,0,0,--,--,0,0,0,0,0,0,0,0,0,0,0,0
2/2/2026 21:20,0,0,0,0,--,--,0,0,0,0,0,0,0,0,0,0,0,0,0,0,0,0,0,0,0,0,0,0,0,0,0,0,0,0,0,0,0,0,0,0,0,0,0,0,--,--,0,0,0,0,0,0,0,0,0,0,0,0
2/2/2026 21:25,0,0,0,0,--,--,0,0,0,0,0,0,0,0,0,0,0,0,0,0,0,0,0,0,0,0,0,0,0,0,0,0,0,0,0,0,0,0,0,0,0,0,0,0,--,--,0,0,0,0,0,0,0,0,0,0,0,0
2/2/2026 21:30,0,0,0,0,--,--,0,0,0,0,0,0,0,0,0,0,0,0,0,0,0,0,0,0,0,0,0,0,0,0,0,0,0,0,0,0,0,0,0,0,0,0,0,0,--,--,0,0,0,0,0,0,0,0,0,0,0,0
2/2/2026 21:35,0,0,0,0,--,--,0,0,0,0,0,0,0,0,0,0,0,0,0,0,0,0,0,0,0,0,0,0,0,0,0,0,0,0,0,0,0,0,0,0,0,0,0,0,--,--,0,0,0,0,0,0,0,0,0,0,0,0
2/2/2026 21:40,0,0,0,0,--,--,0,0,0,0,0,0,0,0,0,0,0,0,0,0,0,0,0,0,0,0,0,0,0,0,0,0,0,0,0,0,0,0,0,0,0,0,0,0,--,--,0,0,0,0,0,0,0,0,0,0,0,0
2/2/2026 21:45,0,0,0,0,--,--,0,0,0,0,0,0,0,0,0,0,0,0,0,0,0,0,0,0,0,0,0,0,0,0,0,0,0,0,0,0,0,0,0,0,0,0,0,0,--,--,0,0,0,0,0,0,0,0,0,0,0,0
2/2/2026 21:50,0,0,0,0,--,--,0,0,0,0,0,0,0,0,0,0,0,0,0,0,0,0,0,0,0,0,0,0,0,0,0,0,0,0,0,0,0,0,0,0,0,0,0,0,--,--,0,0,0,0,0,0,0,0,0,0,0,0
2/2/2026 21:55,0,0,0,0,--,--,0,0,0,0,0,0,0,0,0,0,0,0,0,0,0,0,0,0,0,0,0,0,0,0,0,0,0,0,0,0,0,0,0,0,0,0,0,0,--,--,0,0,0,0,0,0,0,0,0,0,0,0
2/2/2026 22:00,0,0,0,0,--,--,0,0,0,0,0,0,0,0,0,0,0,0,0,0,0,0,0,0,0,0,0,0,0,0,0,0,0,0,0,0,0,0,0,0,0,0,0,0,--,--,0,0,0,0,0,0,0,0,0,0,0,0
2/2/2026 22:05,0,0,0,0,--,--,0,0,0,0,0,0,0,0,0,0,0,0,0,0,0,0,0,0,0,0,0,0,0,0,0,0,0,0,0,0,0,0,0,0,0,0,0,0,--,--,0,0,0,0,0,0,0,0,0,0,0,0
2/2/2026 22:10,0,0,0,0,--,--,0,0,0,0,0,0,0,0,0,0,0,0,0,0,0,0,0,0,0,0,0,0,0,0,0,0,0,0,0,0,0,0,0,0,0,0,0,0,--,--,0,0,0,0,0,0,0,0,0,0,0,0
2/2/2026 22:15,0,0,0,0,--,--,0,0,0,0,0,0,0,0,0,0,0,0,0,0,0,0,0,0,0,0,0,0,0,0,0,0,0,0,0,0,0,0,0,0,0,0,0,0,--,--,0,0,0,0,0,0,0,0,0,0,0,0
2/2/2026 22:20,0,0,0,0,--,--,0,0,0,0,0,0,0,0,0,0,0,0,0,0,0,0,0,0,0,0,0,0,0,0,0,0,0,0,0,0,0,0,0,0,0,0,0,0,--,--,0,0,0,0,0,0,0,0,0,0,0,0
2/2/2026 22:25,0,0,0,0,--,--,0,0,0,0,0,0,0,0,0,0,0,0,0,0,0,0,0,0,0,0,0,0,0,0,0,0,0,0,0,0,0,0,0,0,0,0,0,0,--,--,0,0,0,0,0,0,0,0,0,0,0,0
2/2/2026 22:30,0,0,0,0,--,--,0,0,0,0,0,0,0,0,0,0,0,0,0,0,0,0,0,0,0,0,0,0,0,0,0,0,0,0,0,0,0,0,0,0,0,0,0,0,--,--,0,0,0,0,0,0,0,0,0,0,0,0
2/2/2026 22:35,0,0,0,0,--,--,0,0,0,0,0,0,0,0,0,0,0,0,0,0,0,0,0,0,0,0,0,0,0,0,0,0,0,0,0,0,0,0,0,0,0,0,0,0,--,--,0,0,0,0,0,0,0,0,0,0,0,0
2/2/2026 22:40,0,0,0,0,--,--,0,0,0,0,0,0,0,0,0,0,0,0,0,0,0,0,0,0,0,0,0,0,0,0,0,0,0,0,0,0,0,0,0,0,0,0,0,0,--,--,0,0,0,0,0,0,0,0,0,0,0,0
2/2/2026 22:45,0,0,0,0,--,--,0,0,0,0,0,0,0,0,0,0,0,0,0,0,0,0,0,0,0,0,0,0,0,0,0,0,0,0,0,0,0,0,0,0,0,0,0,0,--,--,0,0,0,0,0,0,0,0,0,0,0,0
2/2/2026 22:50,0,0,0,0,--,--,0,0,0,0,0,0,0,0,0,0,0,0,0,0,0,0,0,0,0,0,0,0,0,0,0,0,0,0,0,0,0,0,0,0,0,0,0,0,--,--,0,0,0,0,0,0,0,0,0,0,0,0
2/2/2026 22:55,0,0,0,0,--,--,0,0,0,0,0,0,0,0,0,0,0,0,0,0,0,0,0,0,0,0,0,0,0,0,0,0,0,0,0,0,0,0,0,0,0,0,0,0,--,--,0,0,0,0,0,0,0,0,0,0,0,0
2/2/2026 23:00,0,0,0,0,--,--,0,0,0,0,0,0,0,0,0,0,0,0,0,0,0,0,0,0,0,0,0,0,0,0,0,0,0,0,0,0,0,0,0,0,0,0,0,0,--,--,0,0,0,0,0,0,0,0,0,0,0,0
2/2/2026 23:05,0,0,0,0,--,--,0,0,0,0,0,0,0,0,0,0,0,0,0,0,0,0,0,0,0,0,0,0,0,0,0,0,0,0,0,0,0,0,0,0,0,0,0,0,--,--,0,0,0,0,0,0,0,0,0,0,0,0
2/2/2026 23:10,0,0,0,0,--,--,0,0,0,0,0,0,0,0,0,0,0,0,0,0,0,0,0,0,0,0,0,0,0,0,0,0,0,0,0,0,0,0,0,0,0,0,0,0,--,--,0,0,0,0,0,0,0,0,0,0,0,0
2/2/2026 23:15,0,0,0,0,--,--,0,0,0,0,0,0,0,0,0,0,0,0,0,0,0,0,0,0,0,0,0,0,0,0,0,0,0,0,0,0,0,0,0,0,0,0,0,0,--,--,0,0,0,0,0,0,0,0,0,0,0,0
2/2/2026 23:20,0,0,0,0,--,--,0,0,0,0,0,0,0,0,0,0,0,0,0,0,0,0,0,0,0,0,0,0,0,0,0,0,0,0,0,0,0,0,0,0,0,0,0,0,--,--,0,0,0,0,0,0,0,0,0,0,0,0
2/2/2026 23:25,0,0,0,0,--,--,0,0,0,0,0,0,0,0,0,0,0,0,0,0,0,0,0,0,0,0,0,0,0,0,0,0,0,0,0,0,0,0,0,0,0,0,0,0,--,--,0,0,0,0,0,0,0,0,0,0,0,0
2/2/2026 23:30,0,0,0,0,--,--,0,0,0,0,0,0,0,0,0,0,0,0,0,0,0,0,0,0,0,0,0,0,0,0,0,0,0,0,0,0,0,0,0,0,0,0,0,0,--,--,0,0,0,0,0,0,0,0,0,0,0,0
2/2/2026 23:35,0,0,0,0,--,--,0,0,0,0,0,0,0,0,0,0,0,0,0,0,0,0,0,0,0,0,0,0,0,0,0,0,0,0,0,0,0,0,0,0,0,0,0,0,--,--,0,0,0,0,0,0,0,0,0,0,0,0
2/2/2026 23:40,0,0,0,0,--,--,0,0,0,0,0,0,0,0,0,0,0,0,0,0,0,0,0,0,0,0,0,0,0,0,0,0,0,0,0,0,0,0,0,0,0,0,0,0,--,--,0,0,0,0,0,0,0,0,0,0,0,0
2/2/2026 23:45,0,0,0,0,--,--,0,0,0,0,0,0,0,0,0,0,0,0,0,0,0,0,0,0,0,0,0,0,0,0,0,0,0,0,0,0,0,0,0,0,0,0,0,0,--,--,0,0,0,0,0,0,0,0,0,0,0,0
2/2/2026 23:50,0,0,0,0,--,--,0,0,0,0,0,0,0,0,0,0,0,0,0,0,0,0,0,0,0,0,0,0,0,0,0,0,0,0,0,0,0,0,0,0,0,0,0,0,--,--,0,0,0,0,0,0,0,0,0,0,0,0
2/2/2026 23:55,0,0,0,0,--,--,0,0,0,0,0,0,0,0,0,0,0,0,0,0,0,0,0,0,0,0,0,0,0,0,0,0,0,0,0,0,0,0,0,0,0,0,0,0,--,--,0,0,0,0,0,0,0,0,0,0,0,0
3/2/2026 0:00,--,--,--,--,--,--,--,--,--,--,--,--,--,--,--,--,--,--,--,--,--,--,--,--,--,--,--,--,--,--,--,--,--,--,--,--,--,--,--,--,--,--,--,--,--,--,--,--,--,--,--,--,--,--,--,--,--,--
3/2/2026 0:05,--,--,--,--,--,--,--,--,--,--,--,--,--,--,--,--,--,--,--,--,--,--,--,--,--,--,--,--,--,--,--,--,--,--,--,--,--,--,--,--,--,--,--,--,--,--,--,--,--,--,--,--,--,--,--,--,--,--
3/2/2026 0:10,--,--,--,--,--,--,--,--,--,--,--,--,--,--,--,--,--,--,--,--,--,--,--,--,--,--,--,--,--,--,--,--,--,--,--,--,--,--,--,--,--,--,--,--,--,--,--,--,--,--,--,--,--,--,--,--,--,--
3/2/2026 0:15,--,--,--,--,--,--,--,--,--,--,--,--,--,--,--,--,--,--,--,--,--,--,--,--,--,--,--,--,--,--,--,--,--,--,--,--,--,--,--,--,--,--,--,--,--,--,--,--,--,--,--,--,--,--,--,--,--,--
3/2/2026 0:20,0,0,0,0,--,--,0,0,0,0,0,0,0,0,0,0,0,0,0,0,0,0,0,0,0,0,0,0,0,0,0,0,0,0,0,0,0,0,0,0,0,0,0,0,--,--,0,0,0,0,0,0,0,0,0,0,0,0
3/2/2026 0:25,0,0,0,0,--,--,0,0,0,0,0,0,0,0,0,0,0,0,0,0,0,0,0,0,0,0,0,0,0,0,0,0,0,0,0,0,0,0,0,0,0,0,0,0,--,--,0,0,0,0,0,0,0,0,0,0,0,0
3/2/2026 0:30,0,0,0,0,--,--,0,0,0,0,0,0,0,0,0,0,0,0,0,0,0,0,0,0,0,0,0,0,0,0,0,0,0,0,0,0,0,0,0,0,0,0,0,0,--,--,0,0,0,0,0,0,0,0,0,0,0,0
3/2/2026 0:35,0,0,0,0,--,--,0,0,0,0,0,0,0,0,0,0,0,0,0,0,0,0,0,0,0,0,0,0,0,0,0,0,0,0,0,0,0,0,0,0,0,0,0,0,--,--,0,0,0,0,0,0,0,0,0,0,0,0
3/2/2026 0:40,0,0,0,0,--,--,0,0,0,0,0,0,0,0,0,0,0,0,0,0,0,0,0,0,0,0,0,0,0,0,0,0,0,0,0,0,0,0,0,0,0,0,0,0,--,--,0,0,0,0,0,0,0,0,0,0,0,0
3/2/2026 0:45,0,0,0,0,--,--,0,0,0,0,0,0,0,0,0,0,0,0,0,0,0,0,0,0,0,0,0,0,0,0,0,0,0,0,0,0,0,0,0,0,0,0,0,0,--,--,0,0,0,0,0,0,0,0,0,0,0,0
3/2/2026 0:50,0,0,0,0,--,--,0,0,0,0,0,0,0,0,0,0,0,0,0,0,0,0,0,0,0,0,0,0,0,0,0,0,0,0,0,0,0,0,0,0,0,0,0,0,--,--,0,0,0,0,0,0,0,0,0,0,0,0
3/2/2026 0:55,0,0,0,0,--,--,0,0,0,0,0,0,0,0,0,0,0,0,0,0,0,0,0,0,0,0,0,0,0,0,0,0,0,0,0,0,0,0,0,0,0,0,0,0,--,--,0,0,0,0,0,0,0,0,0,0,0,0
3/2/2026 1:00,0,0,0,0,--,--,0,0,0,0,0,0,0,0,0,0,0,0,0,0,0,0,0,0,0,0,0,0,0,0,0,0,0,0,0,0,0,0,0,0,0,0,0,0,--,--,0,0,0,0,0,0,0,0,0,0,0,0
3/2/2026 1:05,0,0,0,0,--,--,0,0,0,0,0,0,0,0,0,0,0,0,0,0,0,0,0,0,0,0,0,0,0,0,0,0,0,0,0,0,0,0,0,0,0,0,0,0,--,--,0,0,0,0,0,0,0,0,0,0,0,0
3/2/2026 1:10,0,0,0,0,--,--,0,0,0,0,0,0,0,0,0,0,0,0,0,0,0,0,0,0,0,0,0,0,0,0,0,0,0,0,0,0,0,0,0,0,0,0,0,0,--,--,0,0,0,0,0,0,0,0,0,0,0,0
3/2/2026 1:15,0,0,0,0,--,--,0,0,0,0,0,0,0,0,0,0,0,0,0,0,0,0,0,0,0,0,0,0,0,0,0,0,0,0,0,0,0,0,0,0,0,0,0,0,--,--,0,0,0,0,0,0,0,0,0,0,0,0
3/2/2026 1:20,0,0,0,0,--,--,0,0,0,0,0,0,0,0,0,0,0,0,0,0,0,0,0,0,0,0,0,0,0,0,0,0,0,0,0,0,0,0,0,0,0,0,0,0,--,--,0,0,0,0,0,0,0,0,0,0,0,0
3/2/2026 1:25,0,0,0,0,--,--,0,0,0,0,0,0,0,0,0,0,0,0,0,0,0,0,0,0,0,0,0,0,0,0,0,0,0,0,0,0,0,0,0,0,0,0,0,0,--,--,0,0,0,0,0,0,0,0,0,0,0,0
3/2/2026 1:30,0,0,0,0,--,--,0,0,0,0,0,0,0,0,0,0,0,0,0,0,0,0,0,0,0,0,0,0,0,0,0,0,0,0,0,0,0,0,0,0,0,0,0,0,--,--,0,0,0,0,0,0,0,0,0,0,0,0
3/2/2026 1:35,0,0,0,0,--,--,0,0,0,0,0,0,0,0,0,0,0,0,0,0,0,0,0,0,0,0,0,0,0,0,0,0,0,0,0,0,0,0,0,0,0,0,0,0,--,--,0,0,0,0,0,0,0,0,0,0,0,0
3/2/2026 1:40,0,0,0,0,--,--,0,0,0,0,0,0,0,0,0,0,0,0,0,0,0,0,0,0,0,0,0,0,0,0,0,0,0,0,0,0,0,0,0,0,0,0,0,0,--,--,0,0,0,0,0,0,0,0,0,0,0,0
3/2/2026 1:45,0,0,0,0,--,--,0,0,0,0,0,0,0,0,0,0,0,0,0,0,0,0,0,0,0,0,0,0,0,0,0,0,0,0,0,0,0,0,0,0,0,0,0,0,--,--,0,0,0,0,0,0,0,0,0,0,0,0
3/2/2026 1:50,0,0,0,0,--,--,0,0,0,0,0,0,0,0,0,0,0,0,0,0,0,0,0,0,0,0,0,0,0,0,0,0,0,0,0,0,0,0,0,0,0,0,0,0,--,--,0,0,0,0,0,0,0,0,0,0,0,0
3/2/2026 1:55,0,0,0,0,--,--,0,0,0,0,0,0,0,0,0,0,0,0,0,0,0,0,0,0,0,0,0,0,0,0,0,0,0,0,0,0,0,0,0,0,0,0,0,0,--,--,0,0,0,0,0,0,0,0,0,0,0,0
3/2/2026 2:00,0,0,0,0,--,--,0,0,0,0,0,0,0,0,0,0,0,0,0,0,0,0,0,0,0,0,0,0,0,0,0,0,0,0,0,0,0,0,0,0,0,0,0,0,--,--,0,0,0,0,0,0,0,0,0,0,0,0
3/2/2026 2:05,0,0,0,0,--,--,0,0,0,0,0,0,0,0,0,0,0,0,0,0,0,0,0,0,0,0,0,0,0,0,0,0,0,0,0,0,0,0,0,0,0,0,0,0,--,--,0,0,0,0,0,0,0,0,0,0,0,0
3/2/2026 2:10,0,0,0,0,--,--,0,0,0,0,0,0,0,0,0,0,0,0,0,0,0,0,0,0,0,0,0,0,0,0,0,0,0,0,0,0,0,0,0,0,0,0,0,0,--,--,0,0,0,0,0,0,0,0,0,0,0,0
3/2/2026 2:15,0,0,0,0,--,--,0,0,0,0,0,0,0,0,0,0,0,0,0,0,0,0,0,0,0,0,0,0,0,0,0,0,0,0,0,0,0,0,0,0,0,0,0,0,--,--,0,0,0,0,0,0,0,0,0,0,0,0
3/2/2026 2:20,0,0,0,0,--,--,0,0,0,0,0,0,0,0,0,0,0,0,0,0,0,0,0,0,0,0,0,0,0,0,0,0,0,0,0,0,0,0,0,0,0,0,0,0,--,--,0,0,0,0,0,0,0,0,0,0,0,0
3/2/2026 2:25,0,0,0,0,--,--,0,0,0,0,0,0,0,0,0,0,0,0,0,0,0,0,0,0,0,0,0,0,0,0,0,0,0,0,0,0,0,0,0,0,0,0,0,0,--,--,0,0,0,0,0,0,0,0,0,0,0,0
3/2/2026 2:30,0,0,0,0,--,--,0,0,0,0,0,0,0,0,0,0,0,0,0,0,0,0,0,0,0,0,0,0,0,0,0,0,0,0,0,0,0,0,0,0,0,0,0,0,--,--,0,0,0,0,0,0,0,0,0,0,0,0
3/2/2026 2:35,0,0,0,0,--,--,0,0,0,0,0,0,0,0,0,0,0,0,0,0,0,0,0,0,0,0,0,0,0,0,0,0,0,0,0,0,0,0,0,0,0,0,0,0,--,--,0,0,0,0,0,0,0,0,0,0,0,0
3/2/2026 2:40,0,0,0,0,--,--,0,0,0,0,0,0,0,0,0,0,0,0,0,0,0,0,0,0,0,0,0,0,0,0,0,0,0,0,0,0,0,0,0,0,0,0,0,0,--,--,0,0,0,0,0,0,0,0,0,0,0,0
3/2/2026 2:45,0,0,0,0,--,--,0,0,0,0,0,0,0,0,0,0,0,0,0,0,0,0,0,0,0,0,0,0,0,0,0,0,0,0,0,0,0,0,0,0,0,0,0,0,--,--,0,0,0,0,0,0,0,0,0,0,0,0
3/2/2026 2:50,0,0,0,0,--,--,0,0,0,0,0,0,0,0,0,0,0,0,0,0,0,0,0,0,0,0,0,0,0,0,0,0,0,0,0,0,0,0,0,0,0,0,0,0,--,--,0,0,0,0,0,0,0,0,0,0,0,0
3/2/2026 2:55,0,0,0,0,--,--,0,0,0,0,0,0,0,0,0,0,0,0,0,0,0,0,0,0,0,0,0,0,0,0,0,0,0,0,0,0,0,0,0,0,0,0,0,0,--,--,0,0,0,0,0,0,0,0,0,0,0,0
3/2/2026 3:00,0,0,0,0,--,--,0,0,0,0,0,0,0,0,0,0,0,0,0,0,0,0,0,0,0,0,0,0,0,0,0,0,0,0,0,0,0,0,0,0,0,0,0,0,--,--,0,0,0,0,0,0,0,0,0,0,0,0
3/2/2026 3:05,0,0,0,0,--,--,0,0,0,0,0,0,0,0,0,0,0,0,0,0,0,0,0,0,0,0,0,0,0,0,0,0,0,0,0,0,0,0,0,0,0,0,0,0,--,--,0,0,0,0,0,0,0,0,0,0,0,0
3/2/2026 3:10,0,0,0,0,--,--,0,0,0,0,0,0,0,0,0,0,0,0,0,0,0,0,0,0,0,0,0,0,0,0,0,0,0,0,0,0,0,0,0,0,0,0,0,0,--,--,0,0,0,0,0,0,0,0,0,0,0,0
3/2/2026 3:15,0,0,0,0,--,--,0,0,0,0,0,0,0,0,0,0,0,0,0,0,0,0,0,0,0,0,0,0,0,0,0,0,0,0,0,0,0,0,0,0,0,0,0,0,--,--,0,0,0,0,0,0,0,0,0,0,0,0
3/2/2026 3:20,0,0,0,0,--,--,0,0,0,0,0,0,0,0,0,0,0,0,0,0,0,0,0,0,0,0,0,0,0,0,0,0,0,0,0,0,0,0,0,0,0,0,0,0,--,--,0,0,0,0,0,0,0,0,0,0,0,0
3/2/2026 3:25,0,0,0,0,--,--,0,0,0,0,0,0,0,0,0,0,0,0,0,0,0,0,0,0,0,0,0,0,0,0,0,0,0,0,0,0,0,0,0,0,0,0,0,0,--,--,0,0,0,0,0,0,0,0,0,0,0,0
3/2/2026 3:30,0,0,0,0,--,--,0,0,0,0,0,0,0,0,0,0,0,0,0,0,0,0,0,0,0,0,0,0,0,0,0,0,0,0,0,0,0,0,0,0,0,0,0,0,--,--,0,0,0,0,0,0,0,0,0,0,0,0
3/2/2026 3:35,0,0,0,0,--,--,0,0,0,0,0,0,0,0,0,0,0,0,0,0,0,0,0,0,0,0,0,0,0,0,0,0,0,0,0,0,0,0,0,0,0,0,0,0,--,--,0,0,0,0,0,0,0,0,0,0,0,0
3/2/2026 3:40,0,0,0,0,--,--,0,0,0,0,0,0,0,0,0,0,0,0,0,0,0,0,0,0,0,0,0,0,0,0,0,0,0,0,0,0,0,0,0,0,0,0,0,0,--,--,0,0,0,0,0,0,0,0,0,0,0,0
3/2/2026 3:45,0,0,0,0,--,--,0,0,0,0,0,0,0,0,0,0,0,0,0,0,0,0,0,0,0,0,0,0,0,0,0,0,0,0,0,0,0,0,0,0,0,0,0,0,--,--,0,0,0,0,0,0,0,0,0,0,0,0
3/2/2026 3:50,0,0,0,0,--,--,0,0,0,0,0,0,0,0,0,0,0,0,0,0,0,0,0,0,0,0,0,0,0,0,0,0,0,0,0,0,0,0,0,0,0,0,0,0,--,--,0,0,0,0,0,0,0,0,0,0,0,0
3/2/2026 3:55,0,0,0,0,--,--,0,0,0,0,0,0,0,0,0,0,0,0,0,0,0,0,0,0,0,0,0,0,0,0,0,0,0,0,0,0,0,0,0,0,0,0,0,0,--,--,0,0,0,0,0,0,0,0,0,0,0,0
3/2/2026 4:00,0,0,0,0,--,--,0,0,0,0,0,0,0,0,0,0,0,0,0,0,0,0,0,0,0,0,0,0,0,0,0,0,0,0,0,0,0,0,0,0,0,0,0,0,--,--,0,0,0,0,0,0,0,0,0,0,0,0
3/2/2026 4:05,0,0,0,0,--,--,0,0,0,0,0,0,0,0,0,0,0,0,0,0,0,0,0,0,0,0,0,0,0,0,0,0,0,0,0,0,0,0,0,0,0,0,0,0,--,--,0,0,0,0,0,0,0,0,0,0,0,0
3/2/2026 4:10,0,0,0,0,--,--,0,0,0,0,0,0,0,0,0,0,0,0,0,0,0,0,0,0,0,0,0,0,0,0,0,0,0,0,0,0,0,0,0,0,0,0,0,0,--,--,0,0,0,0,0,0,0,0,0,0,0,0
3/2/2026 4:15,0,0,0,0,--,--,0,0,0,0,0,0,0,0,0,0,0,0,0,0,0,0,0,0,0,0,0,0,0,0,0,0,0,0,0,0,0,0,0,0,0,0,0,0,--,--,0,0,0,0,0,0,0,0,0,0,0,0
3/2/2026 4:20,0,0,0,0,--,--,0,0,0,0,0,0,0,0,0,0,0,0,0,0,0,0,0,0,0,0,0,0,0,0,0,0,0,0,0,0,0,0,0,0,0,0,0,0,--,--,0,0,0,0,0,0,0,0,0,0,0,0
3/2/2026 4:25,0,0,0,0,--,--,0,0,0,0,0,0,0,0,0,0,0,0,0,0,0,0,0,0,0,0,0,0,0,0,0,0,0,0,0,0,0,0,0,0,0,0,0,0,--,--,0,0,0,0,0,0,0,0,0,0,0,0
3/2/2026 4:30,0,0,0,0,--,--,0,0,0,0,0,0,0,0,0,0,0,0,0,0,0,0,0,0,0,0,0,0,0,0,0,0,0,0,0,0,0,0,0,0,0,0,0,0,--,--,0,0,0,0,0,0,0,0,0,0,0,0
3/2/2026 4:35,0,0,0,0,--,--,0,0,0,0,0,0,0,0,0,0,0,0,0,0,0,0,0,0,0,0,0,0,0,0,0,0,0,0,0,0,0,0,0,0,0,0,0,0,--,--,0,0,0,0,0,0,0,0,0,0,0,0
3/2/2026 4:40,0,0,0,0,--,--,0,0,0,0,0,0,0,0,0,0,0,0,0,0,0,0,0,0,0,0,0,0,0,0,0,0,0,0,0,0,0,0,0,0,0,0,0,0,--,--,0,0,0,0,0,0,0,0,0,0,0,0
3/2/2026 4:45,0,0,0,0,--,--,0,0,0,0,0,0,0,0,0,0,0,0,0,0,0,0,0,0,0,0,0,0,0,0,0,0,0,0,0,0,0,0,0,0,0,0,0,0,--,--,0,0,0,0,0,0,0,0,0,0,0,0
3/2/2026 4:50,0,0,0,0,--,--,0,0,0,0,0,0,0,0,0,0,0,0,0,0,0,0,0,0,0,0,0,0,0,0,0,0,0,0,0,0,0,0,0,0,0,0,0,0,--,--,0,0,0,0,0,0,0,0,0,0,0,0
3/2/2026 4:55,0,0,0,0,--,--,0,0,0,0,0,0,0,0,0,0,0,0,0,0,0,0,0,0,0,0,0,0,0,0,0,0,0,0,0,0,0,0,0,0,0,0,0,0,--,--,0,0,0,0,0,0,0,0,0,0,0,0
3/2/2026 5:00,0,0,0,0,--,--,0,0,0,0,0,0,0,0,0,0,0,0,0,0,0,0,0,0,0,0,0,0,0,0,0,0,0,0,0,0,0,0,0,0,0,0,0,0,--,--,0,0,0,0,0,0,0,0,0,0,0,0
3/2/2026 5:05,0,0,0,0,--,--,0,0,0,0,0,0,0,0,0,0,0,0,0,0,0,0,0,0,0,0,0,0,0,0,0,0,0,0,0,0,0,0,0,0,0,0,0,0,--,--,0,0,0,0,0,0,0,0,0,0,0,0
3/2/2026 5:10,0,0,0,0,--,--,0,0,0,0,0,0,0,0,0,0,0,0,0,0,0,0,0,0,0,0,0,0,0,0,0,0,0,0,0,0,0,0,0,0,0,0,0,0,--,--,0,0,0,0,0,0,0,0,0,0,0,0
3/2/2026 5:15,0,0,0,0,--,--,0,0,0,0,0,0,0,0,0,0,0,0,0,0,0,0,0,0,0,0,0,0,0,0,0,0,0,0,0,0,0,0,0,0,0,0,0,0,--,--,0,0,0,0,0,0,0,0,0,0,0,0
3/2/2026 5:20,0,0,0,0,--,--,0,0,0,0,0,0,0,0,0,0,0,0,0,0,0,0,0,0,0,0,0,0,0,0,0,0,0,0,0,0,0,0,0,0,0,0,0,0,--,--,0,0,0,0,0,0,0,0,0,0,0,0
3/2/2026 5:25,0,0,0,0,--,--,0,0,0,0,0,0,0,0,0,0,0,0,0,0,0,0,0,0,0,0,0,0,0,0,0,0,0,0,0,0,0,0,0,0,0,0,0,0,--,--,0,0,0,0,0,0,0,0,0,0,0,0
3/2/2026 5:30,0,0,0,0,--,--,0,0,0,0,0,0,0,0,0,0,0,0,0,0,0,0,0,0,0,0,0,0,0,0,0,0,0,0,0,0,0,0,0,0,0,0,0,0,--,--,0,0,0,0,0,0,0,0,0,0,0,0
3/2/2026 5:35,0,0,0,0,--,--,0,0,0,0,0,0,0,0,0,0,0,0,0,0,0,0,0,0,0,0,0,0,0,0,0,0,0,0,0,0,0,0,0,0,0,0,0,0,--,--,0,0,0,0,0,0,0,0,0,0,0,0
3/2/2026 5:40,0,0,0,0,--,--,0,0,0,0,0,0,0,0,0,0,0,0,0,0,0,0,0,0,0,0,0,0,0,0,0,0,0,0,0,0,0,0,0,0,0,0,0,0,--,--,0,0,0,0,0,0,0,0,0,0,0,0
3/2/2026 5:45,0,0,0,0,--,--,0,0,0,0,0,0,0,0,0,0,0,0,0,0,0,0,0,0,0,0,0,0,0,0,0,0,0,0,0,0,0,0,0,0,0,0,0,0,--,--,0,0,0,0,0,0,0,0,0,0,0,0
3/2/2026 5:50,0,0,0,0,--,--,0,0,0,0,0,0,0,0,0,0,0,0,0,0,0,0,0,0,0,0,0,0,0,0,0,0,0,0,0,0,0,0,0,0,0,0,0,0,--,--,0,0,0,0,0,0,0,0,0,0,0,0
3/2/2026 5:55,0,0,0,0,--,--,0,0,0,0,0,0,0,0,0,0,0,0,0,0,0,0,0,0,0,0,0,0,0,0,0,0,0,0,0,0,0,0,0,0,0,0,0,0,--,--,0,0,0,0,0,0,0,0,0,0,0,0
3/2/2026 6:00,0,0,0,0,--,--,0,0,0,0,0,0,0,0,0,0,0,0,0,0,0,0,0,0,0,0,0,0,0,0,0,0,0,0,0,0,0,0,0,0,0,0,0,0,--,--,0,0,0,0,0,0,0,0,0,0,0,0
3/2/2026 6:05,0,0,0,0,--,--,0,0,0,0,0,0,0,0,0,0,0,0,0,0,0,0,0,0,0,0,0,0,0,0,0,0,0,0,0,0,0,0,0,0,0,0,0,0,--,--,0,0,0,0,0,0,0,0,0,0,0,0
3/2/2026 6:10,0,0,0,0,--,--,0,0,0,0,0,0,0,0,0,0,0,0,0,0,0,0,0,0,0,0,0,0,0,0,0,0,0,0,0,0,0,0,0,0,0,0,0,0,--,--,0,0,0,0,0,0,0,0,0,0,0,0
3/2/2026 6:15,0,0,0,0,--,--,0,0,0,0,0,0,0,0,0,0,0,0,0,0,0,0,0,0,0,0,0,0,0,0,0,0,0,0,0,0,0,0,0,0,0,0,0,0,--,--,0,0,0,0,0,0,0,0,0,0,0,0
3/2/2026 6:20,0,0,0,0,--,--,0,0,0,0,0,0,0,0,0,0,0,0,0,0,0,0,0,0,0,0,0,0,0,0,0,0,0,0,0,0,0,0,0,0,0,0,0,0,--,--,0,0,0,0,0,0,0,0,0,0,0,0
3/2/2026 6:25,0,0,0,0,--,--,0,0,0,0,0,0,0,0,0,0,0,0,0,0,0,0,0,0,0,0,0,0,0,0,0,0,0,0,0,0,0,0,0,0,0,0,0,0,--,--,0,0,0,0,0,0,0,0,0,0,0,0
3/2/2026 6:30,0,0,0,0,--,--,0,0,0,0,0,0,0,0,0,0,0,0,0,0,0,0,0,0,0,0,0,0,0,0,0,0,0,0,0,0,0,0,0,0,0,0,0,0,--,--,0,0,0,0,0,0,0,0,0,0,0,0
3/2/2026 6:35,0,0,0,0,--,--,0,0,0,0,0,0,0,0,0,0,0,0,0,0,0,0,0,0,0,0,0,0,0,0,0,0,0,0,0,0,0,0,0,0,0,0,0,0,--,--,0,0,0,0,0,0,0,0,0,0,0,0
3/2/2026 6:40,0,0,0,0,--,--,0,0,0,0,0,0,0,0,0,0,0,0,0,0,0,0,0,0,0,0,0,0,0,0,0,0,0,0,0,0,0,0,0,0,0,0,0,0,--,--,0,0,0,0,0,0,0,0,0,0,0,0
3/2/2026 6:45,0,0,0,0,--,--,0,0,0,0,0,0,0,0,0,0,0,0,0,0,0,0,0,0,0,0,0,0,0,0,0,0,0,0,0,0,0,0,0,0,0,0,0,0,--,--,0,0,0,0,0,0,0,0,0,0,0,0
3/2/2026 6:50,0,0,0,0,--,--,0,0,0,0,0,0,0,0,0,0,0,0,0,0,0,0,0,0,0,0,0,0,0,0,0,0,0,0,0,0,0,0,0,0,0,0,0,0,--,--,0,0,0,0,0,0,0,0,0,0,0,0
3/2/2026 6:55,0,0,0,0,--,--,0,0,0,0,0,0,0,0,0,0,0,0,0,0,0,0,0,0,0,0,0,0,0,0,0,0,0,0,0,0,0,0,0,0,0,0,0,0,--,--,0,0,0,0,0,0,0,0,0,0,0,0
3/2/2026 7:00,0,0,0,0,--,--,0,0,0,0,0,0,0,0,0,0,0,0,0,0,0,0,0,0,0,0,0,0,0,0,0,0,0,0,0,0,0,0,0,0,0,0,0,0,--,--,0,0,0,0,0,0,0,0,0,0,0,0
3/2/2026 7:05,0,0,0,0,--,--,0,0,0,0,0,0,0,0,0,0,0,0,0,0,0,0,0,0,0,0,0,0,0,0,0,0,0,0,0,0,0,0,0,0,0,0,0,0,--,--,0,0,0,0,0,0,0,0,0,0,0,0
3/2/2026 7:10,0,0,0,0,--,--,0,0,0,0,0,0,0,0,0,0,0,0,0,0,0,0,0,0,0,0,0,0,0,0,0,0,0,0,0,0,0,0,0,0,0,0,0,0,--,--,0,0,0,0,0,0,0,0,0,0,0,0
3/2/2026 7:15,0,0,0,0,--,--,0,0,0,0,0,0,0,0,0,0,0,0,0,0,0,0,0,0,0,0,0,0,0,0,0,0,0,0,0,0,0,0,0,0,0,0,0,0,--,--,0,0,0,0,0,0,0,0,0,0,0,0
3/2/2026 7:20,0,0,0,0,0,0,0,0,0,0,0,0,0,0,0,0,0,0,1.463,1.404,0,0,0,0,0,0,1.487,1.428,0,0,0,0,0.931,0.884,0.984,0.936,1.033,0.984,0,0,0,0,0.755,0.728,0,0,0,0,0,0,0,0,0,0,0,0,1.483,1.424
3/2/2026 7:25,0,0,0,0,0,0,0,0,0,0,0,0,0,0,0,0,0,0,1.463,1.404,0,0,0,0,0,0,1.487,1.428,0,0,0,0,0.931,0.884,0.984,0.936,1.033,0.984,0,0,0,0,0.755,0.728,0,0,0,0,0,0,0,0,0,0,0,0,1.483,1.424
3/2/2026 7:30,0,0,0,0,0,0,0,0,0,0,0,0,0,0,0,0,0,0,1.463,1.404,0,0,0,0,0,0,1.487,1.428,0,0,0,0,0.931,0.884,0.984,0.936,1.033,0.984,0,0,0,0,0.755,0.728,0,0,0,0,0,0,0,0,0,0,0,0,1.483,1.424
3/2/2026 7:35,0,0,0,0,7.512,7.36,0,0,0,0,0,0,0,0,0,0,0,0,16.949,16.54,0,0,0,0,0,0,17.002,16.78,0,0,0,0,17.006,16.212,16.986,16.576,16.171,15.78,0,0,0,0,16.044,15.656,0,0,0,0,0,0,0,0,0,0,0,0,17.26,16.892
3/2/2026 7:40,0,0,0,0,7.512,7.36,0,0,0,0,0,0,0,0,0,0,0,0,16.949,16.54,0,0,0,0,0,0,17.002,16.78,0,0,0,0,17.006,16.212,16.986,16.576,16.171,15.78,0,0,0,0,16.044,15.656,0,0,0,0,0,0,0,0,0,0,0,0,17.26,16.892
3/2/2026 7:45,0,0,0,0,7.512,7.36,0,0,0,0,0,0,0,0,0,0,0,0,16.949,16.54,0,0,0,0,0,0,17.002,16.78,0,0,0,0,17.006,16.212,16.986,16.576,16.171,15.78,0,0,0,0,16.044,15.656,0,0,0,0,0,0,0,0,0,0,0,0,17.26,16.892
3/2/2026 7:50,0,0,0,0,22.053,20.844,0,0,0,0,0,0,0,0,0,0,0,0,47.582,46.708,0,0,0,0,0,0,46.997,46.18,0,0,0,0,45.108,44.192,46.694,45.764,42.788,42.188,0,0,0,0,42.679,41.788,0,0,0,0,0,0,0,0,0,0,0,0,46.226,45.3
3/2/2026 7:55,0,0,0,0,22.053,20.844,0,0,0,0,0,0,0,0,0,0,0,0,47.582,46.708,0,0,0,0,0,0,46.997,46.18,0,0,0,0,45.108,44.192,46.694,45.764,42.788,42.188,0,0,0,0,42.679,41.788,0,0,0,0,0,0,0,0,0,0,0,0,46.226,45.3
3/2/2026 8:00,0,0,0,0,22.053,20.844,0,0,0,0,0,0,0,0,0,0,0,0,47.582,46.708,0,0,0,0,0,0,46.997,46.18,0,0,0,0,45.108,44.192,46.694,45.764,42.788,42.188,0,0,0,0,42.679,41.788,0,0,0,0,0,0,0,0,0,0,0,0,46.226,45.3
3/2/2026 8:05,0,0,0,0,42.712,41.872,0,0,0,0,0,0,0,0,0,0,0,0,83.466,82.388,0,0,0,0,0,0,86.598,85.7,0,0,0,0,71.401,70.188,74.839,73.584,64.016,62.92,0,0,0,0,76.377,74.516,0,0,0,0,0,0,0,0,0,0,0,0,79.827,78.5
3/2/2026 8:10,0,0,0,0,42.712,41.872,0,0,0,0,0,0,0,0,0,0,0,0,83.466,82.388,0,0,0,0,0,0,86.598,85.7,0,0,0,0,71.401,70.188,74.839,73.584,64.016,62.92,0,0,0,0,76.377,74.516,0,0,0,0,0,0,0,0,0,0,0,0,79.827,78.5
3/2/2026 8:15,0,0,0,0,42.712,41.872,0,0,0,0,0,0,0,0,0,0,0,0,83.466,82.388,0,0,0,0,0,0,86.598,85.7,0,0,0,0,71.401,70.188,74.839,73.584,64.016,62.92,0,0,0,0,76.377,74.516,0,0,0,0,0,0,0,0,0,0,0,0,79.827,78.5
3/2/2026 8:20,0,0,0,0,23.328,22.72,0,0,0,0,0,0,0,0,0,0,0,0,44.519,43.612,0,0,0,0,0,0,47.375,46.352,0,0,0,0,40.53,39.58,41.469,40.768,36.682,35.784,0,0,0,0,41.801,40.836,0,0,0,0,0,0,0,0,0,0,0,0,44.66,43.664
3/2/2026 8:25,0,0,0,0,23.328,22.72,0,0,0,0,0,0,0,0,0,0,0,0,44.519,43.612,0,0,0,0,0,0,47.375,46.352,0,0,0,0,40.53,39.58,41.469,40.768,36.682,35.784,0,0,0,0,41.801,40.836,0,0,0,0,0,0,0,0,0,0,0,0,44.66,43.664
3/2/2026 8:30,0,0,0,0,23.328,22.72,0,0,0,0,0,0,0,0,0,0,0,0,44.519,43.612,0,0,0,0,0,0,47.375,46.352,0,0,0,0,40.53,39.58,41.469,40.768,36.682,35.784,0,0,0,0,41.801,40.836,0,0,0,0,0,0,0,0,0,0,0,0,44.66,43.664
3/2/2026 8:35,0,0,0,0,40.36,39.412,0,0,0,0,0,0,0,0,0,0,0,0,79.985,78.656,0,0,0,0,0,0,82.764,81.396,0,0,0,0,71.562,70.356,73.799,72.56,64.27,63.324,0,0,0,0,72.614,71.392,0,0,0,0,0,0,0,0,0,0,0,0,78.187,77.024
3/2/2026 8:40,0,0,0,0,40.36,39.412,0,0,0,0,0,0,0,0,0,0,0,0,79.985,78.656,0,0,0,0,0,0,82.764,81.396,0,0,0,0,71.562,70.356,73.799,72.56,64.27,63.324,0,0,0,0,72.614,71.392,0,0,0,0,0,0,0,0,0,0,0,0,78.187,77.024
3/2/2026 8:45,0,0,0,0,40.36,39.412,0,0,0,0,0,0,0,0,0,0,0,0,79.985,78.656,0,0,0,0,0,0,82.764,81.396,0,0,0,0,71.562,70.356,73.799,72.56,64.27,63.324,0,0,0,0,72.614,71.392,0,0,0,0,0,0,0,0,0,0,0,0,78.187,77.024
3/2/2026 8:50,0,0,0,0,77.14,75.916,0,0,0,0,0,0,0,0,0,0,0,0,185.126,182.352,0,0,0,0,0,0,169.225,166.692,0,0,0,0,154.892,146.664,174.407,166.272,148.381,146.144,0,0,0,0,141.458,139.932,0,0,0,0,0,0,0,0,0,0,0,0,163.844,161.796
3/2/2026 8:55,0,0,0,0,77.14,75.916,0,0,0,0,0,0,0,0,0,0,0,0,185.126,182.352,0,0,0,0,0,0,169.225,166.692,0,0,0,0,154.892,146.664,174.407,166.272,148.381,146.144,0,0,0,0,141.458,139.932,0,0,0,0,0,0,0,0,0,0,0,0,163.844,161.796
3/2/2026 9:00,0,0,0,0,77.14,75.916,0,0,0,0,0,0,0,0,0,0,0,0,185.126,182.352,0,0,0,0,0,0,169.225,166.692,0,0,0,0,154.892,146.664,174.407,166.272,148.381,146.144,0,0,0,0,141.458,139.932,0,0,0,0,0,0,0,0,0,0,0,0,163.844,161.796
3/2/2026 9:05,142.897,140.692,141.863,139.672,110.309,106.884,141.657,139.468,148.099,145.828,140.477,138.304,140.498,138.324,139.393,137.472,144.595,142.368,141.831,139.64,0,0,0,0,0,0,142.415,140.216,0,0,145.223,142.988,141.806,139.616,140.838,138.66,192.796,189.904,0,0,140.295,138.124,149.197,146.912,108.704,106.928,0,0,0,0,0,0,142.536,140.336,140.595,138.42,144.453,142.228
3/2/2026 9:10,142.897,140.692,141.863,139.672,110.309,106.884,141.657,139.468,148.099,145.828,140.477,138.304,140.498,138.324,139.393,137.472,144.595,142.368,141.831,139.64,0,0,0,0,0,0,142.415,140.216,0,0,145.223,142.988,141.806,139.616,140.838,138.66,192.796,189.904,0,0,140.295,138.124,149.197,146.912,108.704,106.928,0,0,0,0,0,0,142.536,140.336,140.595,138.42,144.453,142.228
3/2/2026 9:15,142.897,140.692,141.863,139.672,110.309,106.884,141.657,139.468,148.099,145.828,140.477,138.304,140.498,138.324,139.393,137.472,144.595,142.368,141.831,139.64,0,0,0,0,0,0,142.415,140.216,0,0,145.223,142.988,141.806,139.616,140.838,138.66,192.796,189.904,0,0,140.295,138.124,149.197,146.912,108.704,106.928,0,0,0,0,0,0,142.536,140.336,140.595,138.42,144.453,142.228
3/2/2026 9:20,79.48,78.1,77.483,76.132,76.622,75.248,99.213,97.56,99.237,97.584,77.909,76.552,78.286,76.924,76.09,74.76,78.368,77.004,78.713,77.076,78.623,77.256,71.226,69.968,78.709,77.34,79.038,77.664,71.291,70.032,79.066,77.692,77.414,76.064,78.368,76.956,72.026,70.74,78.688,77.32,77.868,76.512,100.356,98.612,76.902,75.56,0,0,78.124,76.764,76.923,75.58,79.395,78.016,78.623,77.256,78.81,77.44
3/2/2026 9:25,79.48,78.1,77.483,76.132,76.622,75.248,99.213,97.56,99.237,97.584,77.909,76.552,78.286,76.924,76.09,74.76,78.368,77.004,78.713,77.076,78.623,77.256,71.226,69.968,78.709,77.34,79.038,77.664,71.291,70.032,79.066,77.692,77.414,76.064,78.368,76.956,72.026,70.74,78.688,77.32,77.868,76.512,100.356,98.612,76.902,75.56,0,0,78.124,76.764,76.923,75.58,79.395,78.016,78.623,77.256,78.81,77.44
3/2/2026 9:30,79.48,78.1,77.483,76.132,76.622,75.248,99.213,97.56,99.237,97.584,77.909,76.552,78.286,76.924,76.09,74.76,78.368,77.004,78.713,77.076,78.623,77.256,71.226,69.968,78.709,77.34,79.038,77.664,71.291,70.032,79.066,77.692,77.414,76.064,78.368,76.956,72.026,70.74,78.688,77.32,77.868,76.512,100.356,98.612,76.902,75.56,0,0,78.124,76.764,76.923,75.58,79.395,78.016,78.623,77.256,78.81,77.44
3/2/2026 9:35,79.865,78.48,79.613,78.232,73.171,71.884,96.703,95.084,97.449,95.82,82.3,80.88,81.866,80.452,78.595,77.228,79.005,77.632,82.251,80.832,82.958,81.528,76.236,74.904,79.403,78.024,79.216,77.84,75.851,74.524,80.125,78.736,79.187,77.812,83.225,81.792,77.142,75.976,78.071,76.712,83.254,81.82,98.576,96.932,73.422,72.132,0,0,83.684,82.244,79.475,78.096,78.546,77.18,83.286,81.852,79.167,77.792
3/2/2026 9:40,79.865,78.48,79.613,78.232,73.171,71.884,96.703,95.084,97.449,95.82,82.3,80.88,81.866,80.452,78.595,77.228,79.005,77.632,82.251,80.832,82.958,81.528,76.236,74.904,79.403,78.024,79.216,77.84,75.851,74.524,80.125,78.736,79.187,77.812,83.225,81.792,77.142,75.976,78.071,76.712,83.254,81.82,98.576,96.932,73.422,72.132,0,0,83.684,82.244,79.475,78.096,78.546,77.18,83.286,81.852,79.167,77.792
3/2/2026 9:45,79.865,78.48,79.613,78.232,73.171,71.884,96.703,95.084,97.449,95.82,82.3,80.88,81.866,80.452,78.595,77.228,79.005,77.632,82.251,80.832,82.958,81.528,76.236,74.904,79.403,78.024,79.216,77.84,75.851,74.524,80.125,78.736,79.187,77.812,83.225,81.792,77.142,75.976,78.071,76.712,83.254,81.82,98.576,96.932,73.422,72.132,0,0,83.684,82.244,79.475,78.096,78.546,77.18,83.286,81.852,79.167,77.792
3/2/2026 9:50,191.401,188.444,210.426,207.14,183.915,181.088,192.243,189.272,194.246,191.24,190.456,187.516,190.664,187.72,203.196,200.036,192.683,189.704,192.467,189.492,191.437,188.48,166.591,164.06,189.882,186.952,190.131,187.196,165.704,163.188,192.329,189.356,211.807,206.496,186.992,183.044,170.986,166.828,188.775,185.864,184.423,181.588,195.967,192.28,184.814,181.972,192.133,189.164,184.419,181.584,203.379,200.216,190.945,187.996,186.035,183.172,193.444,190.452
3/2/2026 9:55,191.401,188.444,210.426,207.14,183.915,181.088,192.243,189.272,194.246,191.24,190.456,187.516,190.664,187.72,203.196,200.036,192.683,189.704,192.467,189.492,191.437,188.48,166.591,164.06,189.882,186.952,190.131,187.196,165.704,163.188,192.329,189.356,211.807,206.496,186.992,183.044,170.986,166.828,188.775,185.864,184.423,181.588,195.967,192.28,184.814,181.972,192.133,189.164,184.419,181.584,203.379,200.216,190.945,187.996,186.035,183.172,193.444,190.452
3/2/2026 10:00,191.401,188.444,210.426,207.14,183.915,181.088,192.243,189.272,194.246,191.24,190.456,187.516,190.664,187.72,203.196,200.036,192.683,189.704,192.467,189.492,191.437,188.48,166.591,164.06,189.882,186.952,190.131,187.196,165.704,163.188,192.329,189.356,211.807,206.496,186.992,183.044,170.986,166.828,188.775,185.864,184.423,181.588,195.967,192.28,184.814,181.972,192.133,189.164,184.419,181.584,203.379,200.216,190.945,187.996,186.035,183.172,193.444,190.452
3/2/2026 10:05,186.288,183.42,197.945,194.876,184.969,181.172,239.805,235.996,217.197,213.792,174.22,171.56,174.216,171.556,212.295,208.976,202.15,199.008,175.808,173.12,175.132,172.456,177.297,174.584,195.092,192.072,186.377,181.148,176.194,173.5,197.64,194.576,197.029,193.976,184.769,181.928,178.546,175.812,179.572,176.82,184.484,181.648,218.166,214.744,185.608,182.752,240.473,236.652,184.895,182.052,210.772,207.48,181.941,179.148,184.883,182.04,201.031,197.908
3/2/2026 10:10,186.288,183.42,197.945,194.876,184.969,181.172,239.805,235.996,217.197,213.792,174.22,171.56,174.216,171.556,212.295,208.976,202.15,199.008,175.808,173.12,175.132,172.456,177.297,174.584,195.092,192.072,186.377,181.148,176.194,173.5,197.64,194.576,197.029,193.976,184.769,181.928,178.546,175.812,179.572,176.82,184.484,181.648,218.166,214.744,185.608,182.752,240.473,236.652,184.895,182.052,210.772,207.48,181.941,179.148,184.883,182.04,201.031,197.908
3/2/2026 10:15,186.288,183.42,197.945,194.876,184.969,181.172,239.805,235.996,217.197,213.792,174.22,171.56,174.216,171.556,212.295,208.976,202.15,199.008,175.808,173.12,175.132,172.456,177.297,174.584,195.092,192.072,186.377,181.148,176.194,173.5,197.64,194.576,197.029,193.976,184.769,181.928,178.546,175.812,179.572,176.82,184.484,181.648,218.166,214.744,185.608,182.752,240.473,236.652,184.895,182.052,210.772,207.48,181.941,179.148,184.883,182.04,201.031,197.908
3/2/2026 10:20,296.552,291.688,218.386,214.96,256.406,261.98,262.764,258.536,244.122,240.236,330.781,325.228,285.644,280.988,218.87,215.436,326.761,321.296,286.33,281.66,332.249,326.664,295.455,290.612,309.319,304.208,296.161,285.616,304.387,299.372,317.677,312.404,219.054,215.616,384.31,377.536,275.212,281.304,284.222,279.592,383.982,377.216,235.352,231.624,270.622,266.248,273.956,269.52,386.08,379.264,219.644,216.196,287.582,282.888,381.504,374.796,323.551,318.156
3/2/2026 10:25,296.552,291.688,218.386,214.96,256.406,261.98,262.764,258.536,244.122,240.236,330.781,325.228,285.644,280.988,218.87,215.436,326.761,321.296,286.33,281.66,332.249,326.664,295.455,290.612,309.319,304.208,296.161,285.616,304.387,299.372,317.677,312.404,219.054,215.616,384.31,377.536,275.212,281.304,284.222,279.592,383.982,377.216,235.352,231.624,270.622,266.248,273.956,269.52,386.08,379.264,219.644,216.196,287.582,282.888,381.504,374.796,323.551,318.156
3/2/2026 10:30,296.552,291.688,218.386,214.96,256.406,261.98,262.764,258.536,244.122,240.236,330.781,325.228,285.644,280.988,218.87,215.436,326.761,321.296,286.33,281.66,332.249,326.664,295.455,290.612,309.319,304.208,296.161,285.616,304.387,299.372,317.677,312.404,219.054,215.616,384.31,377.536,275.212,281.304,284.222,279.592,383.982,377.216,235.352,231.624,270.622,266.248,273.956,269.52,386.08,379.264,219.644,216.196,287.582,282.888,381.504,374.796,323.551,318.156
3/2/2026 10:35,180.479,177.712,145.963,143.72,123.503,121.732,119.273,117.368,121.253,119.324,123.645,121.688,124.22,122.256,132.84,130.768,152.02,149.7,126.466,124.476,124.131,122.168,121.358,119.428,162.392,159.932,178.571,175.836,121.153,119.28,164.077,161.588,143.584,145.44,125.802,123.82,118.556,121,171.832,169.212,137.817,135.68,122.107,120.644,124.491,122.524,118.88,116.98,136.816,134.692,135.904,133.792,174.424,171.76,126.259,124.272,149.849,150.812
3/2/2026 10:40,180.479,177.712,145.963,143.72,123.503,121.732,119.273,117.368,121.253,119.324,123.645,121.688,124.22,122.256,132.84,130.768,152.02,149.7,126.466,124.476,124.131,122.168,121.358,119.428,162.392,159.932,178.571,175.836,121.153,119.28,164.077,161.588,143.584,145.44,125.802,123.82,118.556,121,171.832,169.212,137.817,135.68,122.107,120.644,124.491,122.524,118.88,116.98,136.816,134.692,135.904,133.792,174.424,171.76,126.259,124.272,149.849,150.812
3/2/2026 10:45,180.479,177.712,145.963,143.72,123.503,121.732,119.273,117.368,121.253,119.324,123.645,121.688,124.22,122.256,132.84,130.768,152.02,149.7,126.466,124.476,124.131,122.168,121.358,119.428,162.392,159.932,178.571,175.836,121.153,119.28,164.077,161.588,143.584,145.44,125.802,123.82,118.556,121,171.832,169.212,137.817,135.68,122.107,120.644,124.491,122.524,118.88,116.98,136.816,134.692,135.904,133.792,174.424,171.76,126.259,124.272,149.849,150.812
3/2/2026 10:50,436.053,428.012,514.357,504.192,493.535,483.864,493.202,483.648,498.522,488.816,289.938,285.2,176.373,173.676,509.552,499.528,473.1,464.1,180.536,177.768,270.19,265.824,360.594,354.372,479.695,470.52,430.891,422.98,368.7,362.292,490.748,481.264,520.064,509.732,403.248,396.02,412.822,388.896,402.641,395.428,374.139,367.604,502.385,492.568,498.987,489.268,495.631,486.008,366.383,360.028,508.712,498.712,399.719,392.576,398.173,391.068,473.601,464.588
3/2/2026 10:55,436.053,428.012,514.357,504.192,493.535,483.864,493.202,483.648,498.522,488.816,289.938,285.2,176.373,173.676,509.552,499.528,473.1,464.1,180.536,177.768,270.19,265.824,360.594,354.372,479.695,470.52,430.891,422.98,368.7,362.292,490.748,481.264,520.064,509.732,403.248,396.02,412.822,388.896,402.641,395.428,374.139,367.604,502.385,492.568,498.987,489.268,495.631,486.008,366.383,360.028,508.712,498.712,399.719,392.576,398.173,391.068,473.601,464.588
3/2/2026 11:00,436.053,428.012,514.357,504.192,493.535,483.864,493.202,483.648,498.522,488.816,289.938,285.2,176.373,173.676,509.552,499.528,473.1,464.1,180.536,177.768,270.19,265.824,360.594,354.372,479.695,470.52,430.891,422.98,368.7,362.292,490.748,481.264,520.064,509.732,403.248,396.02,412.822,388.896,402.641,395.428,374.139,367.604,502.385,492.568,498.987,489.268,495.631,486.008,366.383,360.028,508.712,498.712,399.719,392.576,398.173,391.068,473.601,464.588
3/2/2026 11:05,121.058,119.132,151.631,149.316,111.886,110.048,121.256,119.328,122.625,120.68,129.005,126.984,128.088,126.08,147.125,144.868,126.287,124.3,129.755,127.724,129.783,127.752,246.017,242.096,126.194,124.208,120.358,118.396,245.121,241.216,128.08,126.072,150.691,148.388,141.14,139.532,258.293,254.148,119.577,117.668,139.219,137.064,119.613,121.796,112.664,110.896,120.313,118.396,139.641,137.48,146.364,144.116,120.633,118.712,142.044,139.852,126.947,124.952
3/2/2026 11:10,121.058,119.132,151.631,149.316,111.886,110.048,121.256,119.328,122.625,120.68,129.005,126.984,128.088,126.08,147.125,144.868,126.287,124.3,129.755,127.724,129.783,127.752,246.017,242.096,126.194,124.208,120.358,118.396,245.121,241.216,128.08,126.072,150.691,148.388,141.14,139.532,258.293,254.148,119.577,117.668,139.219,137.064,119.613,121.796,112.664,110.896,120.313,118.396,139.641,137.48,146.364,144.116,120.633,118.712,142.044,139.852,126.947,124.952
3/2/2026 11:15,121.058,119.132,151.631,149.316,111.886,110.048,121.256,119.328,122.625,120.68,129.005,126.984,128.088,126.08,147.125,144.868,126.287,124.3,129.755,127.724,129.783,127.752,246.017,242.096,126.194,124.208,120.358,118.396,245.121,241.216,128.08,126.072,150.691,148.388,141.14,139.532,258.293,254.148,119.577,117.668,139.219,137.064,119.613,121.796,112.664,110.896,120.313,118.396,139.641,137.48,146.364,144.116,120.633,118.712,142.044,139.852,126.947,124.952
3/2/2026 11:20,223.639,220.12,528.511,517.928,232.322,228.648,415.065,407.548,430.981,423.068,224.771,221.232,227.842,224.248,503.114,493.276,289.253,284.528,231.907,226.916,223.688,220.168,300.178,295.244,362.74,356.468,222.641,219.14,388.572,381.696,383.852,377.088,534.354,523.596,294.216,289.396,327.44,321.96,242.273,238.42,284.764,280.124,432.069,424.128,234.379,230.668,435.827,427.792,284.58,279.944,494.466,484.876,246.095,242.172,288.609,283.896,295.851,291
3/2/2026 11:25,223.639,220.12,528.511,517.928,232.322,228.648,415.065,407.548,430.981,423.068,224.771,221.232,227.842,224.248,503.114,493.276,289.253,284.528,231.907,226.916,223.688,220.168,300.178,295.244,362.74,356.468,222.641,219.14,388.572,381.696,383.852,377.088,534.354,523.596,294.216,289.396,327.44,321.96,242.273,238.42,284.764,280.124,432.069,424.128,234.379,230.668,435.827,427.792,284.58,279.944,494.466,484.876,246.095,242.172,288.609,283.896,295.851,291
3/2/2026 11:30,223.639,220.12,528.511,517.928,232.322,228.648,415.065,407.548,430.981,423.068,224.771,221.232,227.842,224.248,503.114,493.276,289.253,284.528,231.907,226.916,223.688,220.168,300.178,295.244,362.74,356.468,222.641,219.14,388.572,381.696,383.852,377.088,534.354,523.596,294.216,289.396,327.44,321.96,242.273,238.42,284.764,280.124,432.069,424.128,234.379,230.668,435.827,427.792,284.58,279.944,494.466,484.876,246.095,242.172,288.609,283.896,295.851,291
3/2/2026 11:35,169.427,166.848,174.114,171.456,160.976,158.54,163.466,160.988,163.234,160.76,167.034,164.496,167.059,164.52,171.673,169.056,170.424,167.828,168.344,166.244,167.449,164.904,162.433,159.972,170.623,168.024,168.292,165.732,162.901,160.432,173.878,171.224,174.424,171.76,172.979,170.828,163.287,160.74,166.233,163.708,172.625,169.992,164.967,162.464,162.274,159.816,161.855,159.404,172.991,170.352,172.572,169.94,168.239,165.68,173.837,171.184,171.819,169.2
3/2/2026 11:40,169.427,166.848,174.114,171.456,160.976,158.54,163.466,160.988,163.234,160.76,167.034,164.496,167.059,164.52,171.673,169.056,170.424,167.828,168.344,166.244,167.449,164.904,162.433,159.972,170.623,168.024,168.292,165.732,162.901,160.432,173.878,171.224,174.424,171.76,172.979,170.828,163.287,160.74,166.233,163.708,172.625,169.992,164.967,162.464,162.274,159.816,161.855,159.404,172.991,170.352,172.572,169.94,168.239,165.68,173.837,171.184,171.819,169.2
3/2/2026 11:45,169.427,166.848,174.114,171.456,160.976,158.54,163.466,160.988,163.234,160.76,167.034,164.496,167.059,164.52,171.673,169.056,170.424,167.828,168.344,166.244,167.449,164.904,162.433,159.972,170.623,168.024,168.292,165.732,162.901,160.432,173.878,171.224,174.424,171.76,172.979,170.828,163.287,160.74,166.233,163.708,172.625,169.992,164.967,162.464,162.274,159.816,161.855,159.404,172.991,170.352,172.572,169.94,168.239,165.68,173.837,171.184,171.819,169.2
3/2/2026 11:50,224.404,220.872,216.5,213.108,215.739,212.848,203.908,200.736,204.445,201.264,227.581,223.992,226.864,223.288,211.757,208.448,218.312,214.888,228.986,225.372,230.069,226.436,201.156,198.032,219.628,216.18,222.34,218.74,201.486,198.356,223.215,219.704,217.498,214.088,227.1,218.836,204.824,198.052,222.246,218.752,224.188,220.66,204.344,201.164,217.588,214.176,203.664,200.496,223.985,220.46,212.669,209.344,224.523,220.988,223.101,219.592,219.294,215.472
3/2/2026 11:55,224.404,220.872,216.5,213.108,215.739,212.848,203.908,200.736,204.445,201.264,227.581,223.992,226.864,223.288,211.757,208.448,218.312,214.888,228.986,225.372,230.069,226.436,201.156,198.032,219.628,216.18,222.34,218.74,201.486,198.356,223.215,219.704,217.498,214.088,227.1,218.836,204.824,198.052,222.246,218.752,224.188,220.66,204.344,201.164,217.588,214.176,203.664,200.496,223.985,220.46,212.669,209.344,224.523,220.988,223.101,219.592,219.294,215.472
3/2/2026 12:00,224.404,220.872,216.5,213.108,215.739,212.848,203.908,200.736,204.445,201.264,227.581,223.992,226.864,223.288,211.757,208.448,218.312,214.888,228.986,225.372,230.069,226.436,201.156,198.032,219.628,216.18,222.34,218.74,201.486,198.356,223.215,219.704,217.498,214.088,227.1,218.836,204.824,198.052,222.246,218.752,224.188,220.66,204.344,201.164,217.588,214.176,203.664,200.496,223.985,220.46,212.669,209.344,224.523,220.988,223.101,219.592,219.294,215.472
3/2/2026 12:05,679.07,664.024,311.161,306.176,644.791,630.98,468.07,459.204,502.854,493.024,664.774,650.536,656.538,642.476,291.54,286.92,417.336,409.764,665.011,650.768,665.354,651.104,214.438,211.184,392.632,385.66,675.291,660.904,215.24,211.972,398.853,391.732,309.649,304.692,363.376,357.088,206.699,203.576,671.511,656.632,465.999,457.188,513.28,503.148,652.99,639.004,468.222,459.352,431.611,423.68,297.189,292.464,676.988,661.988,348.461,342.512,402.977,411.48
3/2/2026 12:10,679.07,664.024,311.161,306.176,644.791,630.98,468.07,459.204,502.854,493.024,664.774,650.536,656.538,642.476,291.54,286.92,417.336,409.764,665.011,650.768,665.354,651.104,214.438,211.184,392.632,385.66,675.291,660.904,215.24,211.972,398.853,391.732,309.649,304.692,363.376,357.088,206.699,203.576,671.511,656.632,465.999,457.188,513.28,503.148,652.99,639.004,468.222,459.352,431.611,423.68,297.189,292.464,676.988,661.988,348.461,342.512,402.977,411.48
3/2/2026 12:15,679.07,664.024,311.161,306.176,644.791,630.98,468.07,459.204,502.854,493.024,664.774,650.536,656.538,642.476,291.54,286.92,417.336,409.764,665.011,650.768,665.354,651.104,214.438,211.184,392.632,385.66,675.291,660.904,215.24,211.972,398.853,391.732,309.649,304.692,363.376,357.088,206.699,203.576,671.511,656.632,465.999,457.188,513.28,503.148,652.99,639.004,468.222,459.352,431.611,423.68,297.189,292.464,676.988,661.988,348.461,342.512,402.977,411.48
3/2/2026 12:20,580.694,568.9,615.34,602.468,472.639,564.128,525.143,514.66,500.792,491.02,620.554,607.516,620.62,607.58,605.692,593.124,621.005,607.952,631.439,618.052,620.864,607.816,581.16,569.352,620.315,607.284,579.672,567.908,577.426,565.732,632.911,619.476,616.443,603.992,630.034,616.692,581.874,570.044,578.343,566.62,623.938,610.792,489.057,479.62,579.915,568.144,527.954,517.388,626.686,613.452,608.764,596.1,583.694,571.808,629.224,615.908,622.93,609.48
3/2/2026 12:25,580.694,568.9,615.34,602.468,472.639,564.128,525.143,514.66,500.792,491.02,620.554,607.516,620.62,607.58,605.692,593.124,621.005,607.952,631.439,618.052,620.864,607.816,581.16,569.352,620.315,607.284,579.672,567.908,577.426,565.732,632.911,619.476,616.443,603.992,630.034,616.692,581.874,570.044,578.343,566.62,623.938,610.792,489.057,479.62,579.915,568.144,527.954,517.388,626.686,613.452,608.764,596.1,583.694,571.808,629.224,615.908,622.93,609.48
3/2/2026 12:30,580.694,568.9,615.34,602.468,472.639,564.128,525.143,514.66,500.792,491.02,620.554,607.516,620.62,607.58,605.692,593.124,621.005,607.952,631.439,618.052,620.864,607.816,581.16,569.352,620.315,607.284,579.672,567.908,577.426,565.732,632.911,619.476,616.443,603.992,630.034,616.692,581.874,570.044,578.343,566.62,623.938,610.792,489.057,479.62,579.915,568.144,527.954,517.388,626.686,613.452,608.764,596.1,583.694,571.808,629.224,615.908,622.93,609.48
3/2/2026 12:35,573.15,561.584,615.956,603.064,616.862,603.504,535.747,524.948,467.095,458.252,549.298,538.444,590.533,578.436,604.958,592.412,625.071,611.44,594.371,582.156,535.087,524.648,565.614,554.276,607.977,594.912,585.403,573.464,561.334,550.124,593.377,580.784,621.656,608.14,619.373,606.372,570.175,558.7,623.695,610.556,614.204,601.368,471.064,462.116,624.454,610.844,383.055,376.516,615.303,602.432,607.903,595.264,634.69,621.196,618.831,605.848,621.81,608.304
3/2/2026 12:40,573.15,561.584,615.956,603.064,616.862,603.504,535.747,524.948,467.095,458.252,549.298,538.444,590.533,578.436,604.958,592.412,625.071,611.44,594.371,582.156,535.087,524.648,565.614,554.276,607.977,594.912,585.403,573.464,561.334,550.124,593.377,580.784,621.656,608.14,619.373,606.372,570.175,558.7,623.695,610.556,614.204,601.368,471.064,462.116,624.454,610.844,383.055,376.516,615.303,602.432,607.903,595.264,634.69,621.196,618.831,605.848,621.81,608.304
3/2/2026 12:45,573.15,561.584,615.956,603.064,616.862,603.504,535.747,524.948,467.095,458.252,549.298,538.444,590.533,578.436,604.958,592.412,625.071,611.44,594.371,582.156,535.087,524.648,565.614,554.276,607.977,594.912,585.403,573.464,561.334,550.124,593.377,580.784,621.656,608.14,619.373,606.372,570.175,558.7,623.695,610.556,614.204,601.368,471.064,462.116,624.454,610.844,383.055,376.516,615.303,602.432,607.903,595.264,634.69,621.196,618.831,605.848,621.81,608.304
3/2/2026 12:50,595.989,583.724,589.48,577.416,460.448,476.928,516.738,506.824,501.442,491.956,581.969,570.136,583.603,571.72,585.295,573.36,586.619,574.644,591.242,579.124,585.546,573.604,544.533,533.82,583.941,572.048,595.837,583.576,544.13,533.428,598.131,585.8,591.671,579.54,588.835,576.624,547.842,537.032,588.188,576.164,583.483,571.604,507.725,498.064,483.436,474.444,516.03,506.136,584.114,572.216,587.825,575.812,592.629,580.468,585.414,573.476,585.972,574.016
3/2/2026 12:55,595.989,583.724,589.48,577.416,460.448,476.928,516.738,506.824,501.442,491.956,581.969,570.136,583.603,571.72,585.295,573.36,586.619,574.644,591.242,579.124,585.546,573.604,544.533,533.82,583.941,572.048,595.837,583.576,544.13,533.428,598.131,585.8,591.671,579.54,588.835,576.624,547.842,537.032,588.188,576.164,583.483,571.604,507.725,498.064,483.436,474.444,516.03,506.136,584.114,572.216,587.825,575.812,592.629,580.468,585.414,573.476,585.972,574.016
3/2/2026 13:00,595.989,583.724,589.48,577.416,460.448,476.928,516.738,506.824,501.442,491.956,581.969,570.136,583.603,571.72,585.295,573.36,586.619,574.644,591.242,579.124,585.546,573.604,544.533,533.82,583.941,572.048,595.837,583.576,544.13,533.428,598.131,585.8,591.671,579.54,588.835,576.624,547.842,537.032,588.188,576.164,583.483,571.604,507.725,498.064,483.436,474.444,516.03,506.136,584.114,572.216,587.825,575.812,592.629,580.468,585.414,573.476,585.972,574.016
3/2/2026 13:05,305.511,300.632,632.237,618.824,294.461,289.788,565.664,554.324,576.296,564.636,238.321,234.656,237.202,233.556,637,623.432,405.567,398.508,241.766,236.532,240.556,236.852,526.413,516.224,513.82,503.988,303.196,298.36,520.504,510.484,537.777,527.26,633.986,620.516,322.217,308.012,549.268,538.416,333.113,327.684,292.884,288.24,580.282,568.5,291.128,286.516,566.369,555.008,288.414,283.852,639.869,626.208,340.868,335.272,315.343,310.28,424.794,401.08
3/2/2026 13:10,305.511,300.632,632.237,618.824,294.461,289.788,565.664,554.324,576.296,564.636,238.321,234.656,237.202,233.556,637,623.432,405.567,398.508,241.766,236.532,240.556,236.852,526.413,516.224,513.82,503.988,303.196,298.36,520.504,510.484,537.777,527.26,633.986,620.516,322.217,308.012,549.268,538.416,333.113,327.684,292.884,288.24,580.282,568.5,291.128,286.516,566.369,555.008,288.414,283.852,639.869,626.208,340.868,335.272,315.343,310.28,424.794,401.08
3/2/2026 13:15,305.511,300.632,632.237,618.824,294.461,289.788,565.664,554.324,576.296,564.636,238.321,234.656,237.202,233.556,637,623.432,405.567,398.508,241.766,236.532,240.556,236.852,526.413,516.224,513.82,503.988,303.196,298.36,520.504,510.484,537.777,527.26,633.986,620.516,322.217,308.012,549.268,538.416,333.113,327.684,292.884,288.24,580.282,568.5,291.128,286.516,566.369,555.008,288.414,283.852,639.869,626.208,340.868,335.272,315.343,310.28,424.794,401.08
3/2/2026 13:20,614.853,601.996,607.88,595.244,588.625,576.56,580.665,568.872,583.5,571.62,607.385,594.764,606.187,593.604,600.935,588.516,607.055,594.444,614.803,601.948,609.227,596.548,566.24,554.884,604.502,591.972,612.135,599.364,564.818,553.504,619.753,606.74,609.318,596.272,608.875,596.208,569.024,557.584,607.666,595.036,605.96,593.384,588.344,576.316,596.356,584.08,581.82,569.992,606.063,593.484,604.292,591.768,612.948,600.152,608.107,595.464,605.366,592.808
3/2/2026 13:25,614.853,601.996,607.88,595.244,588.625,576.56,580.665,568.872,583.5,571.62,607.385,594.764,606.187,593.604,600.935,588.516,607.055,594.444,614.803,601.948,609.227,596.548,566.24,554.884,604.502,591.972,612.135,599.364,564.818,553.504,619.753,606.74,609.318,596.272,608.875,596.208,569.024,557.584,607.666,595.036,605.96,593.384,588.344,576.316,596.356,584.08,581.82,569.992,606.063,593.484,604.292,591.768,612.948,600.152,608.107,595.464,605.366,592.808
3/2/2026 13:30,614.853,601.996,607.88,595.244,588.625,576.56,580.665,568.872,583.5,571.62,607.385,594.764,606.187,593.604,600.935,588.516,607.055,594.444,614.803,601.948,609.227,596.548,566.24,554.884,604.502,591.972,612.135,599.364,564.818,553.504,619.753,606.74,609.318,596.272,608.875,596.208,569.024,557.584,607.666,595.036,605.96,593.384,588.344,576.316,596.356,584.08,581.82,569.992,606.063,593.484,604.292,591.768,612.948,600.152,608.107,595.464,605.366,592.808
3/2/2026 13:35,609.276,596.596,600.121,587.728,582.983,571.12,572.687,561.136,574.044,562.452,602.52,590.052,602.392,589.928,593.9,581.7,598.548,586.204,610.957,598.224,604.217,591.696,560.348,549.168,596.922,584.628,606.992,594.676,558.625,547.496,612.754,599.964,602.029,589.576,604.721,592.184,562.81,551.556,599.605,587.228,604.444,591.916,578.709,567.412,591.01,578.9,576.234,564.576,602.693,590.22,600.476,588.072,605.027,592.48,603.631,591.128,597.537,585.224
3/2/2026 13:40,609.276,596.596,600.121,587.728,582.983,571.12,572.687,561.136,574.044,562.452,602.52,590.052,602.392,589.928,593.9,581.7,598.548,586.204,610.957,598.224,604.217,591.696,560.348,549.168,596.922,584.628,606.992,594.676,558.625,547.496,612.754,599.964,602.029,589.576,604.721,592.184,562.81,551.556,599.605,587.228,604.444,591.916,578.709,567.412,591.01,578.9,576.234,564.576,602.693,590.22,600.476,588.072,605.027,592.48,603.631,591.128,597.537,585.224
3/2/2026 13:45,609.276,596.596,600.121,587.728,582.983,571.12,572.687,561.136,574.044,562.452,602.52,590.052,602.392,589.928,593.9,581.7,598.548,586.204,610.957,598.224,604.217,591.696,560.348,549.168,596.922,584.628,606.992,594.676,558.625,547.496,612.754,599.964,602.029,589.576,604.721,592.184,562.81,551.556,599.605,587.228,604.444,591.916,578.709,567.412,591.01,578.9,576.234,564.576,602.693,590.22,600.476,588.072,605.027,592.48,603.631,591.128,597.537,585.224
3/2/2026 13:50,393.347,386.576,588.229,576.204,407.737,399.508,534.176,523.764,543.334,532.656,353.032,347.172,319.342,314.204,574.74,563.128,536.644,526.16,329.009,323.668,349.216,343.44,484.895,475.864,574.402,562.8,398.598,391.704,487.761,478.652,523.197,513.1,592.36,580.208,549.969,539.096,527.656,517.432,376.623,370.236,509.625,499.912,546.581,535.808,412.342,405.124,536.528,526.048,517.845,507.9,574.204,562.608,385.216,378.632,555.426,544.392,531.511,521.176
3/2/2026 13:55,393.347,386.576,588.229,576.204,407.737,399.508,534.176,523.764,543.334,532.656,353.032,347.172,319.342,314.204,574.74,563.128,536.644,526.16,329.009,323.668,349.216,343.44,484.895,475.864,574.402,562.8,398.598,391.704,487.761,478.652,523.197,513.1,592.36,580.208,549.969,539.096,527.656,517.432,376.623,370.236,509.625,499.912,546.581,535.808,412.342,405.124,536.528,526.048,517.845,507.9,574.204,562.608,385.216,378.632,555.426,544.392,531.511,521.176
3/2/2026 14:00,393.347,386.576,588.229,576.204,407.737,399.508,534.176,523.764,543.334,532.656,353.032,347.172,319.342,314.204,574.74,563.128,536.644,526.16,329.009,323.668,349.216,343.44,484.895,475.864,574.402,562.8,398.598,391.704,487.761,478.652,523.197,513.1,592.36,580.208,549.969,539.096,527.656,517.432,376.623,370.236,509.625,499.912,546.581,535.808,412.342,405.124,536.528,526.048,517.845,507.9,574.204,562.608,385.216,378.632,555.426,544.392,531.511,521.176
3/2/2026 14:05,456.091,447.8,425.786,418.244,461.95,453.028,424.015,416.516,420.216,412.808,477.201,468.372,473.699,464.96,424.466,416.956,444.608,436.604,477.538,468.7,479.488,470.6,433.273,425.548,443.624,435.644,453.395,445.12,433.461,425.732,454.437,446.188,427.988,420.392,456.882,448.572,430.677,423.016,451.955,443.768,472.352,463.648,423.138,415.66,467.898,459.308,424.29,416.784,471.642,462.956,426.221,418.668,456.009,447.72,455.093,446.828,444.419,436.42
3/2/2026 14:10,456.091,447.8,425.786,418.244,461.95,453.028,424.015,416.516,420.216,412.808,477.201,468.372,473.699,464.96,424.466,416.956,444.608,436.604,477.538,468.7,479.488,470.6,433.273,425.548,443.624,435.644,453.395,445.12,433.461,425.732,454.437,446.188,427.988,420.392,456.882,448.572,430.677,423.016,451.955,443.768,472.352,463.648,423.138,415.66,467.898,459.308,424.29,416.784,471.642,462.956,426.221,418.668,456.009,447.72,455.093,446.828,444.419,436.42
3/2/2026 14:15,456.091,447.8,425.786,418.244,461.95,453.028,424.015,416.516,420.216,412.808,477.201,468.372,473.699,464.96,424.466,416.956,444.608,436.604,477.538,468.7,479.488,470.6,433.273,425.548,443.624,435.644,453.395,445.12,433.461,425.732,454.437,446.188,427.988,420.392,456.882,448.572,430.677,423.016,451.955,443.768,472.352,463.648,423.138,415.66,467.898,459.308,424.29,416.784,471.642,462.956,426.221,418.668,456.009,447.72,455.093,446.828,444.419,436.42
3/2/2026 14:20,394.111,387.32,417.47,410.128,368.963,362.836,385.847,379.248,389.221,382.544,387.448,380.812,386.846,380.224,411.024,403.836,392.137,385.392,391.252,384.528,388.689,382.024,536.612,526.128,394.88,388.072,391.858,385.12,533.959,523.552,404.637,397.6,419.359,410.972,410.053,402.888,480.728,471.808,386.825,379.992,403.981,396.96,393.189,384.964,373.534,367.216,385.065,378.484,402.617,395.628,411.651,404.448,390.024,383.328,407.611,400.504,392.128,385.384
3/2/2026 14:25,394.111,387.32,417.47,410.128,368.963,362.836,385.847,379.248,389.221,382.544,387.448,380.812,386.846,380.224,411.024,403.836,392.137,385.392,391.252,384.528,388.689,382.024,536.612,526.128,394.88,388.072,391.858,385.12,533.959,523.552,404.637,397.6,419.359,410.972,410.053,402.888,480.728,471.808,386.825,379.992,403.981,396.96,393.189,384.964,373.534,367.216,385.065,378.484,402.617,395.628,411.651,404.448,390.024,383.328,407.611,400.504,392.128,385.384
3/2/2026 14:30,394.111,387.32,417.47,410.128,368.963,362.836,385.847,379.248,389.221,382.544,387.448,380.812,386.846,380.224,411.024,403.836,392.137,385.392,391.252,384.528,388.689,382.024,536.612,526.128,394.88,388.072,391.858,385.12,533.959,523.552,404.637,397.6,419.359,410.972,410.053,402.888,480.728,471.808,386.825,379.992,403.981,396.96,393.189,384.964,373.534,367.216,385.065,378.484,402.617,395.628,411.651,404.448,390.024,383.328,407.611,400.504,392.128,385.384
3/2/2026 14:35,307.305,302.392,295.355,290.664,293.668,287.432,281.48,277.044,282.018,277.572,321.585,316.4,319.923,314.772,293.183,288.532,299.264,294.5,323.346,318.124,322.173,316.976,283.949,279.468,299.17,294.408,305.553,300.672,285.001,280.5,305.096,300.224,296.113,291.408,329.639,324.284,283.497,279.024,304.872,299.848,325.626,320.356,284.125,279.64,294.968,290.284,280.938,276.512,326.758,321.464,294.544,289.868,307.66,302.74,329.831,324.472,300.111,295.04
3/2/2026 14:40,307.305,302.392,295.355,290.664,293.668,287.432,281.48,277.044,282.018,277.572,321.585,316.4,319.923,314.772,293.183,288.532,299.264,294.5,323.346,318.124,322.173,316.976,283.949,279.468,299.17,294.408,305.553,300.672,285.001,280.5,305.096,300.224,296.113,291.408,329.639,324.284,283.497,279.024,304.872,299.848,325.626,320.356,284.125,279.64,294.968,290.284,280.938,276.512,326.758,321.464,294.544,289.868,307.66,302.74,329.831,324.472,300.111,295.04
3/2/2026 14:45,307.305,302.392,295.355,290.664,293.668,287.432,281.48,277.044,282.018,277.572,321.585,316.4,319.923,314.772,293.183,288.532,299.264,294.5,323.346,318.124,322.173,316.976,283.949,279.468,299.17,294.408,305.553,300.672,285.001,280.5,305.096,300.224,296.113,291.408,329.639,324.284,283.497,279.024,304.872,299.848,325.626,320.356,284.125,279.64,294.968,290.284,280.938,276.512,326.758,321.464,294.544,289.868,307.66,302.74,329.831,324.472,300.111,295.04
3/2/2026 14:50,389.217,382.54,393.68,386.9,392.697,385.648,357.295,351.34,362.351,356.284,432.551,424.844,435.163,427.392,373.186,366.876,373.907,367.58,440.707,432.8,433.494,425.764,328.956,323.616,385.319,378.732,386.457,379.844,325.442,320.176,395.921,389.088,397.022,390.164,358.493,352.512,310.496,305.524,396.488,389.424,357.675,351.712,367.347,361.168,397.3,390.436,355.921,349.996,358.117,352.144,372.564,366.268,399.611,392.692,358.583,352.6,376.575,370.188
3/2/2026 14:55,389.217,382.54,393.68,386.9,392.697,385.648,357.295,351.34,362.351,356.284,432.551,424.844,435.163,427.392,373.186,366.876,373.907,367.58,440.707,432.8,433.494,425.764,328.956,323.616,385.319,378.732,386.457,379.844,325.442,320.176,395.921,389.088,397.022,390.164,358.493,352.512,310.496,305.524,396.488,389.424,357.675,351.712,367.347,361.168,397.3,390.436,355.921,349.996,358.117,352.144,372.564,366.268,399.611,392.692,358.583,352.6,376.575,370.188
3/2/2026 15:00,389.217,382.54,393.68,386.9,392.697,385.648,357.295,351.34,362.351,356.284,432.551,424.844,435.163,427.392,373.186,366.876,373.907,367.58,440.707,432.8,433.494,425.764,328.956,323.616,385.319,378.732,386.457,379.844,325.442,320.176,395.921,389.088,397.022,390.164,358.493,352.512,310.496,305.524,396.488,389.424,357.675,351.712,367.347,361.168,397.3,390.436,355.921,349.996,358.117,352.144,372.564,366.268,399.611,392.692,358.583,352.6,376.575,370.188
3/2/2026 15:05,503.228,493.692,622.133,609.044,405.169,406.024,565.573,554.236,573.471,561.896,423.736,416.244,381.315,374.82,610.693,597.968,590.809,578.704,388.889,382.22,430.205,422.556,531.837,521.492,610.883,598.152,495.033,485.724,530.066,519.772,588.357,576.328,624.554,608.616,530.395,520.092,490.41,475.648,530.948,520.628,510.712,500.968,579.126,567.38,419.309,411.924,564.286,552.988,510.967,501.216,612.643,599.856,531.961,521.612,527.723,517.496,585.564,573.62
3/2/2026 15:10,503.228,493.692,622.133,609.044,405.169,406.024,565.573,554.236,573.471,561.896,423.736,416.244,381.315,374.82,610.693,597.968,590.809,578.704,388.889,382.22,430.205,422.556,531.837,521.492,610.883,598.152,495.033,485.724,530.066,519.772,588.357,576.328,624.554,608.616,530.395,520.092,490.41,475.648,530.948,520.628,510.712,500.968,579.126,567.38,419.309,411.924,564.286,552.988,510.967,501.216,612.643,599.856,531.961,521.612,527.723,517.496,585.564,573.62
3/2/2026 15:15,503.228,493.692,622.133,609.044,405.169,406.024,565.573,554.236,573.471,561.896,423.736,416.244,381.315,374.82,610.693,597.968,590.809,578.704,388.889,382.22,430.205,422.556,531.837,521.492,610.883,598.152,495.033,485.724,530.066,519.772,588.357,576.328,624.554,608.616,530.395,520.092,490.41,475.648,530.948,520.628,510.712,500.968,579.126,567.38,419.309,411.924,564.286,552.988,510.967,501.216,612.643,599.856,531.961,521.612,527.723,517.496,585.564,573.62
3/2/2026 15:20,496.219,486.876,555.662,544.62,530.886,520.568,537.639,526.784,534.381,523.624,558.564,547.436,558.135,547.02,549.883,539.012,553.321,542.348,564.687,553.376,559.85,548.684,516.459,506.552,543.447,532.764,495.935,495.132,516.175,506.276,559.657,548.496,557.373,546.28,562.485,551.24,519.069,508.444,516.336,506.432,560.646,549.456,538.901,528.008,537.674,527.16,539.256,528.352,561.462,550.248,552.455,541.508,526.637,516.44,561.619,550.4,554.718,543.704
3/2/2026 15:25,496.219,486.876,555.662,544.62,530.886,520.568,537.639,526.784,534.381,523.624,558.564,547.436,558.135,547.02,549.883,539.012,553.321,542.348,564.687,553.376,559.85,548.684,516.459,506.552,543.447,532.764,495.935,495.132,516.175,506.276,559.657,548.496,557.373,546.28,562.485,551.24,519.069,508.444,516.336,506.432,560.646,549.456,538.901,528.008,537.674,527.16,539.256,528.352,561.462,550.248,552.455,541.508,526.637,516.44,561.619,550.4,554.718,543.704
3/2/2026 15:30,496.219,486.876,555.662,544.62,530.886,520.568,537.639,526.784,534.381,523.624,558.564,547.436,558.135,547.02,549.883,539.012,553.321,542.348,564.687,553.376,559.85,548.684,516.459,506.552,543.447,532.764,495.935,495.132,516.175,506.276,559.657,548.496,557.373,546.28,562.485,551.24,519.069,508.444,516.336,506.432,560.646,549.456,538.901,528.008,537.674,527.16,539.256,528.352,561.462,550.248,552.455,541.508,526.637,516.44,561.619,550.4,554.718,543.704
3/2/2026 15:35,542.016,531.376,524.952,514.804,521.196,511.156,505.067,495.48,507.293,497.644,534.683,524.256,532.682,522.312,519.653,509.656,533.197,522.812,539.857,529.28,535.816,525.356,488.165,479.044,531.71,521.368,540.055,529.6,488.14,479.02,544.847,534.124,527.118,516.908,536.314,525.84,490.246,481.068,535.993,525.528,533.633,523.236,510.762,501.468,527.801,517.572,505.223,495.632,534.082,523.672,522.251,512.18,541.254,530.636,536.203,525.732,532.13,521.776
3/2/2026 15:40,542.016,531.376,524.952,514.804,521.196,511.156,505.067,495.48,507.293,497.644,534.683,524.256,532.682,522.312,519.653,509.656,533.197,522.812,539.857,529.28,535.816,525.356,488.165,479.044,531.71,521.368,540.055,529.6,488.14,479.02,544.847,534.124,527.118,516.908,536.314,525.84,490.246,481.068,535.993,525.528,533.633,523.236,510.762,501.468,527.801,517.572,505.223,495.632,534.082,523.672,522.251,512.18,541.254,530.636,536.203,525.732,532.13,521.776
3/2/2026 15:45,542.016,531.376,524.952,514.804,521.196,511.156,505.067,495.48,507.293,497.644,534.683,524.256,532.682,522.312,519.653,509.656,533.197,522.812,539.857,529.28,535.816,525.356,488.165,479.044,531.71,521.368,540.055,529.6,488.14,479.02,544.847,534.124,527.118,516.908,536.314,525.84,490.246,481.068,535.993,525.528,533.633,523.236,510.762,501.468,527.801,517.572,505.223,495.632,534.082,523.672,522.251,512.18,541.254,530.636,536.203,525.732,532.13,521.776
3/2/2026 15:50,504.294,494.728,504.73,495.152,486.306,477.236,481.159,472.228,481.167,472.236,495.481,486.16,495.675,486.348,500.019,490.572,501.492,492.004,502.121,492.616,496.333,486.988,470.562,461.904,500.048,490.6,502.06,492.556,470.899,462.232,511.59,501.82,507.45,497.796,509.243,499.54,472.75,464.036,497.185,487.816,506.379,496.756,486.01,476.948,492.524,483.284,481.796,472.848,506.577,496.948,502.582,493.064,502.265,492.756,507.791,498.128,500.747,491.28
3/2/2026 15:55,504.294,494.728,504.73,495.152,486.306,477.236,481.159,472.228,481.167,472.236,495.481,486.16,495.675,486.348,500.019,490.572,501.492,492.004,502.121,492.616,496.333,486.988,470.562,461.904,500.048,490.6,502.06,492.556,470.899,462.232,511.59,501.82,507.45,497.796,509.243,499.54,472.75,464.036,497.185,487.816,506.379,496.756,486.01,476.948,492.524,483.284,481.796,472.848,506.577,496.948,502.582,493.064,502.265,492.756,507.791,498.128,500.747,491.28
3/2/2026 16:00,504.294,494.728,504.73,495.152,486.306,477.236,481.159,472.228,481.167,472.236,495.481,486.16,495.675,486.348,500.019,490.572,501.492,492.004,502.121,492.616,496.333,486.988,470.562,461.904,500.048,490.6,502.06,492.556,470.899,462.232,511.59,501.82,507.45,497.796,509.243,499.54,472.75,464.036,497.185,487.816,506.379,496.756,486.01,476.948,492.524,483.284,481.796,472.848,506.577,496.948,502.582,493.064,502.265,492.756,507.791,498.128,500.747,491.28
3/2/2026 16:05,500.706,491.24,492.866,483.616,477.964,469.1,470.804,462.14,472.032,463.336,501.22,491.74,500.595,491.132,488.663,479.528,495.749,486.42,506.976,497.336,501.746,492.252,459.718,451.336,494.836,485.532,497.686,488.304,460.711,452.304,506.845,497.208,495.535,485.672,505.873,496.264,462.377,453.768,494.667,485.368,503.363,493.824,476.018,467.22,483.954,474.948,471.301,462.624,503.956,494.4,490.867,481.672,499.319,489.892,504.355,494.788,495.42,486.1
3/2/2026 16:10,500.706,491.24,492.866,483.616,477.964,469.1,470.804,462.14,472.032,463.336,501.22,491.74,500.595,491.132,488.663,479.528,495.749,486.42,506.976,497.336,501.746,492.252,459.718,451.336,494.836,485.532,497.686,488.304,460.711,452.304,506.845,497.208,495.535,485.672,505.873,496.264,462.377,453.768,494.667,485.368,503.363,493.824,476.018,467.22,483.954,474.948,471.301,462.624,503.956,494.4,490.867,481.672,499.319,489.892,504.355,494.788,495.42,486.1
3/2/2026 16:15,500.706,491.24,492.866,483.616,477.964,469.1,470.804,462.14,472.032,463.336,501.22,491.74,500.595,491.132,488.663,479.528,495.749,486.42,506.976,497.336,501.746,492.252,459.718,451.336,494.836,485.532,497.686,488.304,460.711,452.304,506.845,497.208,495.535,485.672,505.873,496.264,462.377,453.768,494.667,485.368,503.363,493.824,476.018,467.22,483.954,474.948,471.301,462.624,503.956,494.4,490.867,481.672,499.319,489.892,504.355,494.788,495.42,486.1
3/2/2026 16:20,472.574,463.864,438.112,430.268,243.146,239.996,365.129,359,364.323,358.212,381.074,374.584,385.958,379.356,427.43,419.848,473.531,464.796,394.319,387.524,378.978,372.536,347.271,341.536,472.611,463.9,466.224,462.484,347.181,341.448,484.917,475.884,439.157,432.788,462.369,453.452,349.512,343.728,476.339,467.532,456.772,448.464,369.008,361.468,245.927,242.128,365.105,358.976,458.783,450.424,430.099,422.452,477.53,468.692,461.249,452.828,473.018,464.296
3/2/2026 16:25,472.574,463.864,438.112,430.268,243.146,239.996,365.129,359,364.323,358.212,381.074,374.584,385.958,379.356,427.43,419.848,473.531,464.796,394.319,387.524,378.978,372.536,347.271,341.536,472.611,463.9,466.224,462.484,347.181,341.448,484.917,475.884,439.157,432.788,462.369,453.452,349.512,343.728,476.339,467.532,456.772,448.464,369.008,361.468,245.927,242.128,365.105,358.976,458.783,450.424,430.099,422.452,477.53,468.692,461.249,452.828,473.018,464.296
3/2/2026 16:30,472.574,463.864,438.112,430.268,243.146,239.996,365.129,359,364.323,358.212,381.074,374.584,385.958,379.356,427.43,419.848,473.531,464.796,394.319,387.524,378.978,372.536,347.271,341.536,472.611,463.9,466.224,462.484,347.181,341.448,484.917,475.884,439.157,432.788,462.369,453.452,349.512,343.728,476.339,467.532,456.772,448.464,369.008,361.468,245.927,242.128,365.105,358.976,458.783,450.424,430.099,422.452,477.53,468.692,461.249,452.828,473.018,464.296
3/2/2026 16:35,396.986,390.128,396.834,389.98,378.605,372.056,375.818,369.448,377.41,371.004,392.448,385.696,392.587,385.832,393.009,386.244,395.7,388.872,397.391,390.18,393.087,386.32,368.599,362.392,394.668,387.864,394.344,387.548,368.886,362.672,403.711,396.696,398.427,391.536,400.528,393.588,369.831,363.596,392.346,385.596,399.713,392.792,380.636,373.984,382.687,376.16,375.732,369.364,400.332,393.396,394.917,388.108,396.4,389.556,400.024,393.096,396.089,389.252
3/2/2026 16:40,396.986,390.128,396.834,389.98,378.605,372.056,375.818,369.448,377.41,371.004,392.448,385.696,392.587,385.832,393.009,386.244,395.7,388.872,397.391,390.18,393.087,386.32,368.599,362.392,394.668,387.864,394.344,387.548,368.886,362.672,403.711,396.696,398.427,391.536,400.528,393.588,369.831,363.596,392.346,385.596,399.713,392.792,380.636,373.984,382.687,376.16,375.732,369.364,400.332,393.396,394.917,388.108,396.4,389.556,400.024,393.096,396.089,389.252
3/2/2026 16:45,396.986,390.128,396.834,389.98,378.605,372.056,375.818,369.448,377.41,371.004,392.448,385.696,392.587,385.832,393.009,386.244,395.7,388.872,397.391,390.18,393.087,386.32,368.599,362.392,394.668,387.864,394.344,387.548,368.886,362.672,403.711,396.696,398.427,391.536,400.528,393.588,369.831,363.596,392.346,385.596,399.713,392.792,380.636,373.984,382.687,376.16,375.732,369.364,400.332,393.396,394.917,388.108,396.4,389.556,400.024,393.096,396.089,389.252
3/2/2026 16:50,345.685,339.984,338.898,333.344,332.517,327.1,323.836,318.604,324.286,319.044,340.509,334.92,339.106,333.548,337.336,331.816,341.024,335.424,342.136,336.64,341.449,335.84,310.738,305.76,339.916,334.34,343.134,337.488,311.357,306.368,347.615,341.872,340.1,334.36,343.546,337.704,311.944,306.944,341.388,335.78,340.929,335.332,326.431,321.144,336.306,330.808,323.636,318.408,342.066,336.444,338.804,333.252,344.103,338.436,343.375,337.724,341.326,335.72
3/2/2026 16:55,345.685,339.984,338.898,333.344,332.517,327.1,323.836,318.604,324.286,319.044,340.509,334.92,339.106,333.548,337.336,331.816,341.024,335.424,342.136,336.64,341.449,335.84,310.738,305.76,339.916,334.34,343.134,337.488,311.357,306.368,347.615,341.872,340.1,334.36,343.546,337.704,311.944,306.944,341.388,335.78,340.929,335.332,326.431,321.144,336.306,330.808,323.636,318.408,342.066,336.444,338.804,333.252,344.103,338.436,343.375,337.724,341.326,335.72
3/2/2026 17:00,345.685,339.984,338.898,333.344,332.517,327.1,323.836,318.604,324.286,319.044,340.509,334.92,339.106,333.548,337.336,331.816,341.024,335.424,342.136,336.64,341.449,335.84,310.738,305.76,339.916,334.34,343.134,337.488,311.357,306.368,347.615,341.872,340.1,334.36,343.546,337.704,311.944,306.944,341.388,335.78,340.929,335.332,326.431,321.144,336.306,330.808,323.636,318.408,342.066,336.444,338.804,333.252,344.103,338.436,343.375,337.724,341.326,335.72
3/2/2026 17:05,290.555,285.952,294.854,290.172,303.906,299.056,266.107,261.948,256.719,252.728,302.993,298.16,309.234,304.284,300.515,295.728,303.107,298.272,313.139,308.116,300.083,295.304,282.088,277.64,295.816,291.116,286.839,282.304,283.424,278.952,302.928,298.096,295.042,293.272,317.114,313.268,278.845,274.456,294.435,289.76,309.98,305.016,257.146,255.972,306.698,301.796,273.895,269.596,311.716,306.72,302.936,298.104,294.74,290.06,317.387,312.284,303.067,298.232
3/2/2026 17:10,290.555,285.952,294.854,290.172,303.906,299.056,266.107,261.948,256.719,252.728,302.993,298.16,309.234,304.284,300.515,295.728,303.107,298.272,313.139,308.116,300.083,295.304,282.088,277.64,295.816,291.116,286.839,282.304,283.424,278.952,302.928,298.096,295.042,293.272,317.114,313.268,278.845,274.456,294.435,289.76,309.98,305.016,257.146,255.972,306.698,301.796,273.895,269.596,311.716,306.72,302.936,298.104,294.74,290.06,317.387,312.284,303.067,298.232
3/2/2026 17:15,290.555,285.952,294.854,290.172,303.906,299.056,266.107,261.948,256.719,252.728,302.993,298.16,309.234,304.284,300.515,295.728,303.107,298.272,313.139,308.116,300.083,295.304,282.088,277.64,295.816,291.116,286.839,282.304,283.424,278.952,302.928,298.096,295.042,293.272,317.114,313.268,278.845,274.456,294.435,289.76,309.98,305.016,257.146,255.972,306.698,301.796,273.895,269.596,311.716,306.72,302.936,298.104,294.74,290.06,317.387,312.284,303.067,298.232
3/2/2026 17:20,274.001,269.564,270.599,266.36,265.092,262.092,260.278,256.224,260.608,256.548,272.424,268.152,272.64,268.364,268.29,264.092,272.465,268.192,275.916,271.58,274.53,270.22,249.255,245.396,271.712,267.452,273.019,267.3,251.026,247.136,276.119,271.78,272.881,267.24,277.235,272.784,249.475,245.612,272.636,268.224,274.807,270.492,263.874,259.756,267.825,263.636,259.476,255.436,276.046,271.708,270.363,266.128,274.262,269.82,278.311,273.932,272.828,268.548
3/2/2026 17:25,274.001,269.564,270.599,266.36,265.092,262.092,260.278,256.224,260.608,256.548,272.424,268.152,272.64,268.364,268.29,264.092,272.465,268.192,275.916,271.58,274.53,270.22,249.255,245.396,271.712,267.452,273.019,267.3,251.026,247.136,276.119,271.78,272.881,267.24,277.235,272.784,249.475,245.612,272.636,268.224,274.807,270.492,263.874,259.756,267.825,263.636,259.476,255.436,276.046,271.708,270.363,266.128,274.262,269.82,278.311,273.932,272.828,268.548
3/2/2026 17:30,274.001,269.564,270.599,266.36,265.092,262.092,260.278,256.224,260.608,256.548,272.424,268.152,272.64,268.364,268.29,264.092,272.465,268.192,275.916,271.58,274.53,270.22,249.255,245.396,271.712,267.452,273.019,267.3,251.026,247.136,276.119,271.78,272.881,267.24,277.235,272.784,249.475,245.612,272.636,268.224,274.807,270.492,263.874,259.756,267.825,263.636,259.476,255.436,276.046,271.708,270.363,266.128,274.262,269.82,278.311,273.932,272.828,268.548
3/2/2026 17:35,233.169,229.48,224.976,221.54,225.782,222.228,218.871,215.54,218.7,215.372,227.935,224.448,228.346,224.852,222.156,218.768,230.418,226.888,230.927,227.016,229.583,226.068,209.699,206.524,229.84,226.32,232.456,228.78,210.058,206.876,234.257,230.548,224.524,221.096,233.54,229.824,210.009,206.876,229.878,226.248,232.526,228.96,221.586,218.208,226.754,223.288,217.923,214.608,232.555,228.988,223.494,220.084,232.961,229.276,233.633,230.048,230.076,226.552
3/2/2026 17:40,233.169,229.48,224.976,221.54,225.782,222.228,218.871,215.54,218.7,215.372,227.935,224.448,228.346,224.852,222.156,218.768,230.418,226.888,230.927,227.016,229.583,226.068,209.699,206.524,229.84,226.32,232.456,228.78,210.058,206.876,234.257,230.548,224.524,221.096,233.54,229.824,210.009,206.876,229.878,226.248,232.526,228.96,221.586,218.208,226.754,223.288,217.923,214.608,232.555,228.988,223.494,220.084,232.961,229.276,233.633,230.048,230.076,226.552
3/2/2026 17:45,233.169,229.48,224.976,221.54,225.782,222.228,218.871,215.54,218.7,215.372,227.935,224.448,228.346,224.852,222.156,218.768,230.418,226.888,230.927,227.016,229.583,226.068,209.699,206.524,229.84,226.32,232.456,228.78,210.058,206.876,234.257,230.548,224.524,221.096,233.54,229.824,210.009,206.876,229.878,226.248,232.526,228.96,221.586,218.208,226.754,223.288,217.923,214.608,232.555,228.988,223.494,220.084,232.961,229.276,233.633,230.048,230.076,226.552
3/2/2026 17:50,144.597,142.372,163.065,160.624,76.468,70.672,102.292,100.656,106.288,104.6,196.822,193.772,192.378,189.404,162.501,160.068,92.583,91.02,195.447,192.42,197.429,194.368,178.218,175.548,109.999,108.264,137.862,144.156,178.689,176.012,113.216,111.384,163.743,161.196,199.41,196.408,179.144,176.46,94.7,93.108,198.979,195.984,109.254,107.528,72.198,70.98,99.641,98.04,199.565,196.56,163.565,161.116,93.893,92.312,199.915,196.904,94.299,92.712
3/2/2026 17:55,144.597,142.372,163.065,160.624,76.468,70.672,102.292,100.656,106.288,104.6,196.822,193.772,192.378,189.404,162.501,160.068,92.583,91.02,195.447,192.42,197.429,194.368,178.218,175.548,109.999,108.264,137.862,144.156,178.689,176.012,113.216,111.384,163.743,161.196,199.41,196.408,179.144,176.46,94.7,93.108,198.979,195.984,109.254,107.528,72.198,70.98,99.641,98.04,199.565,196.56,163.565,161.116,93.893,92.312,199.915,196.904,94.299,92.712
3/2/2026 18:00,144.597,142.372,163.065,160.624,76.468,70.672,102.292,100.656,106.288,104.6,196.822,193.772,192.378,189.404,162.501,160.068,92.583,91.02,195.447,192.42,197.429,194.368,178.218,175.548,109.999,108.264,137.862,144.156,178.689,176.012,113.216,111.384,163.743,161.196,199.41,196.408,179.144,176.46,94.7,93.108,198.979,195.984,109.254,107.528,72.198,70.98,99.641,98.04,199.565,196.56,163.565,161.116,93.893,92.312,199.915,196.904,94.299,92.712
3/2/2026 18:05,185.1,182.252,104.66,102.936,148.107,145.836,127.426,125.424,113.309,111.476,184.273,181.44,183.789,180.964,84.478,83.028,169.44,166.86,185.45,182.596,185.889,183.028,166.518,163.988,156.12,153.748,183.63,181.036,167.165,164.624,158.846,156.44,102.321,100.628,181.483,182.544,163.915,161.428,183.195,180.38,184.814,182.044,114.982,113.128,148.609,146.368,125.172,123.196,186.105,183.24,86.6,85.12,184.107,181.276,183.919,181.092,168.382,167.824
3/2/2026 18:10,185.1,182.252,104.66,102.936,148.107,145.836,127.426,125.424,113.309,111.476,184.273,181.44,183.789,180.964,84.478,83.028,169.44,166.86,185.45,182.596,185.889,183.028,166.518,163.988,156.12,153.748,183.63,181.036,167.165,164.624,158.846,156.44,102.321,100.628,181.483,182.544,163.915,161.428,183.195,180.38,184.814,182.044,114.982,113.128,148.609,146.368,125.172,123.196,186.105,183.24,86.6,85.12,184.107,181.276,183.919,181.092,168.382,167.824
3/2/2026 18:15,185.1,182.252,104.66,102.936,148.107,145.836,127.426,125.424,113.309,111.476,184.273,181.44,183.789,180.964,84.478,83.028,169.44,166.86,185.45,182.596,185.889,183.028,166.518,163.988,156.12,153.748,183.63,181.036,167.165,164.624,158.846,156.44,102.321,100.628,181.483,182.544,163.915,161.428,183.195,180.38,184.814,182.044,114.982,113.128,148.609,146.368,125.172,123.196,186.105,183.24,86.6,85.12,184.107,181.276,183.919,181.092,168.382,167.824
3/2/2026 18:20,106.047,104.304,93.539,92.02,102.487,100.848,97.89,96.312,96.965,95.4,106.31,104.564,105.313,103.58,92.315,90.812,104.636,102.912,107.331,105.572,106.808,105.056,92.966,91.396,105.281,103.548,105.443,103.708,92.949,91.38,106.683,104.932,93.43,91.5,107.544,105.84,93.264,91.748,103.935,102.22,107.613,105.908,97.894,96.22,103.107,101.46,96.791,95.228,108.509,106.792,93.004,91.492,105.034,103.304,107.727,106.02,105.192,103.46
3/2/2026 18:25,106.047,104.304,93.539,92.02,102.487,100.848,97.89,96.312,96.965,95.4,106.31,104.564,105.313,103.58,92.315,90.812,104.636,102.912,107.331,105.572,106.808,105.056,92.966,91.396,105.281,103.548,105.443,103.708,92.949,91.38,106.683,104.932,93.43,91.5,107.544,105.84,93.264,91.748,103.935,102.22,107.613,105.908,97.894,96.22,103.107,101.46,96.791,95.228,108.509,106.792,93.004,91.492,105.034,103.304,107.727,106.02,105.192,103.46
3/2/2026 18:30,106.047,104.304,93.539,92.02,102.487,100.848,97.89,96.312,96.965,95.4,106.31,104.564,105.313,103.58,92.315,90.812,104.636,102.912,107.331,105.572,106.808,105.056,92.966,91.396,105.281,103.548,105.443,103.708,92.949,91.38,106.683,104.932,93.43,91.5,107.544,105.84,93.264,91.748,103.935,102.22,107.613,105.908,97.894,96.22,103.107,101.46,96.791,95.228,108.509,106.792,93.004,91.492,105.034,103.304,107.727,106.02,105.192,103.46
3/2/2026 18:35,73.565,72.272,62.618,61.52,72.563,71.34,68.357,67.196,68.151,66.992,61.833,60.688,52.981,51.88,61.472,60.376,73.151,71.864,54.205,53.096,60.93,59.788,60.104,58.964,72.574,71.296,73.261,71.756,60.003,58.864,73.605,72.312,62.553,61.456,64.549,63.444,58.145,57.056,73.496,72.204,61.804,60.708,68.719,67.552,73.087,71.856,67.42,66.272,61.676,60.58,62.161,61.064,74.406,73.1,64.731,63.624,73.581,72.288
3/2/2026 18:40,73.565,72.272,62.618,61.52,72.563,71.34,68.357,67.196,68.151,66.992,61.833,60.688,52.981,51.88,61.472,60.376,73.151,71.864,54.205,53.096,60.93,59.788,60.104,58.964,72.574,71.296,73.261,71.756,60.003,58.864,73.605,72.312,62.553,61.456,64.549,63.444,58.145,57.056,73.496,72.204,61.804,60.708,68.719,67.552,73.087,71.856,67.42,66.272,61.676,60.58,62.161,61.064,74.406,73.1,64.731,63.624,73.581,72.288
3/2/2026 18:45,73.565,72.272,62.618,61.52,72.563,71.34,68.357,67.196,68.151,66.992,61.833,60.688,52.981,51.88,61.472,60.376,73.151,71.864,54.205,53.096,60.93,59.788,60.104,58.964,72.574,71.296,73.261,71.756,60.003,58.864,73.605,72.312,62.553,61.456,64.549,63.444,58.145,57.056,73.496,72.204,61.804,60.708,68.719,67.552,73.087,71.856,67.42,66.272,61.676,60.58,62.161,61.064,74.406,73.1,64.731,63.624,73.581,72.288
3/2/2026 18:50,38.521,37.576,30.779,29.984,37.549,36.636,34.48,33.612,33.773,32.916,37.612,36.68,37.246,36.32,29.573,28.808,37.685,36.752,37.741,36.808,37.477,36.548,29.95,29.164,38.086,37.148,38.326,37.464,29.913,29.128,38.107,37.168,30.27,29.488,37.119,37.008,29.889,29.04,37.896,36.96,37.35,36.44,34.492,33.416,37.618,36.704,33.712,32.856,37.545,36.632,30.734,29.94,38.18,37.24,37.869,36.952,37.802,36.86
3/2/2026 18:55,38.521,37.576,30.779,29.984,37.549,36.636,34.48,33.612,33.773,32.916,37.612,36.68,37.246,36.32,29.573,28.808,37.685,36.752,37.741,36.808,37.477,36.548,29.95,29.164,38.086,37.148,38.326,37.464,29.913,29.128,38.107,37.168,30.27,29.488,37.119,37.008,29.889,29.04,37.896,36.96,37.35,36.44,34.492,33.416,37.618,36.704,33.712,32.856,37.545,36.632,30.734,29.94,38.18,37.24,37.869,36.952,37.802,36.86
3/2/2026 19:00,38.521,37.576,30.779,29.984,37.549,36.636,34.48,33.612,33.773,32.916,37.612,36.68,37.246,36.32,29.573,28.808,37.685,36.752,37.741,36.808,37.477,36.548,29.95,29.164,38.086,37.148,38.326,37.464,29.913,29.128,38.107,37.168,30.27,29.488,37.119,37.008,29.889,29.04,37.896,36.96,37.35,36.44,34.492,33.416,37.618,36.704,33.712,32.856,37.545,36.632,30.734,29.94,38.18,37.24,37.869,36.952,37.802,36.86
3/2/2026 19:05,12.821,12.472,11.557,11.24,12.426,12.088,11.417,11.104,11.081,10.776,12.645,12.3,12.608,12.264,10.392,10.104,12.722,12.376,12.638,12.288,12.752,12.404,11.122,10.816,12.702,12.356,12.616,12.272,11.081,10.776,12.386,12.048,10.802,10.504,12.644,12.3,10.823,10.524,12.76,12.412,12.283,11.948,11.791,11.468,12.279,11.944,10.983,10.68,12.431,12.092,11.06,10.756,12.78,12.432,12.488,12.148,12.821,12.472
3/2/2026 19:10,12.821,12.472,11.557,11.24,12.426,12.088,11.417,11.104,11.081,10.776,12.645,12.3,12.608,12.264,10.392,10.104,12.722,12.376,12.638,12.288,12.752,12.404,11.122,10.816,12.702,12.356,12.616,12.272,11.081,10.776,12.386,12.048,10.802,10.504,12.644,12.3,10.823,10.524,12.76,12.412,12.283,11.948,11.791,11.468,12.279,11.944,10.983,10.68,12.431,12.092,11.06,10.756,12.78,12.432,12.488,12.148,12.821,12.472
3/2/2026 19:15,12.821,12.472,11.557,11.24,12.426,12.088,11.417,11.104,11.081,10.776,12.645,12.3,12.608,12.264,10.392,10.104,12.722,12.376,12.638,12.288,12.752,12.404,11.122,10.816,12.702,12.356,12.616,12.272,11.081,10.776,12.386,12.048,10.802,10.504,12.644,12.3,10.823,10.524,12.76,12.412,12.283,11.948,11.791,11.468,12.279,11.944,10.983,10.68,12.431,12.092,11.06,10.756,12.78,12.432,12.488,12.148,12.821,12.472
3/2/2026 19:20,2.389,2.308,2.41,2.328,2.021,1.956,1.902,1.832,1.763,1.696,2.258,2.18,2.246,2.168,1.677,1.612,2.344,2.264,2.152,2.076,2.328,2.248,1.906,1.836,2.389,2.308,2.242,2.156,1.881,1.812,1.943,1.872,1.71,1.644,2.348,2.24,1.939,1.868,2.217,2.14,2.107,2.032,2.172,2.152,1.82,1.752,1.779,1.712,2.172,2.096,2.07,1.996,2.14,2.064,2.172,2.096,2.332,2.288
3/2/2026 19:25,2.389,2.308,2.41,2.328,2.021,1.956,1.902,1.832,1.763,1.696,2.258,2.18,2.246,2.168,1.677,1.612,2.344,2.264,2.152,2.076,2.328,2.248,1.906,1.836,2.389,2.308,2.242,2.156,1.881,1.812,1.943,1.872,1.71,1.644,2.348,2.24,1.939,1.868,2.217,2.14,2.107,2.032,2.172,2.152,1.82,1.752,1.779,1.712,2.172,2.096,2.07,1.996,2.14,2.064,2.172,2.096,2.332,2.288
3/2/2026 19:30,2.389,2.308,2.41,2.328,2.021,1.956,1.902,1.832,1.763,1.696,2.258,2.18,2.246,2.168,1.677,1.612,2.344,2.264,2.152,2.076,2.328,2.248,1.906,1.836,2.389,2.308,2.242,2.156,1.881,1.812,1.943,1.872,1.71,1.644,2.348,2.24,1.939,1.868,2.217,2.14,2.107,2.032,2.172,2.152,1.82,1.752,1.779,1.712,2.172,2.096,2.07,1.996,2.14,2.064,2.172,2.096,2.332,2.288
3/2/2026 19:35,0,0,0,0,0,0,0,0,0,0,0,0,0,0,0,0,0,0,0,0,0,0,0,0,0,0,0,0,0,0,0,0,0,0,0,0,0,0,0,0,0,0,0,0,0,0,0,0,0,0,0,0,0,0,0,0,0,0
3/2/2026 19:40,0,0,0,0,0,0,0,0,0,0,0,0,0,0,0,0,0,0,0,0,0,0,0,0,0,0,0,0,0,0,0,0,0,0,0,0,0,0,0,0,0,0,0,0,0,0,0,0,0,0,0,0,0,0,0,0,0,0
3/2/2026 19:45,0,0,0,0,0,0,0,0,0,0,0,0,0,0,0,0,0,0,0,0,0,0,0,0,0,0,0,0,0,0,0,0,0,0,0,0,0,0,0,0,0,0,0,0,0,0,0,0,0,0,0,0,0,0,0,0,0,0
3/2/2026 19:50,0,0,0,0,0,0,0,0,0,0,0,0,0,0,0,0,0,0,0,0,0,0,0,0,0,0,0,0,0,0,0,0,0,0,0,0,0,0,0,0,0,0,0,0,0,0,0,0,0,0,0,0,0,0,0,0,0,0
3/2/2026 19:55,0,0,0,0,0,0,0,0,0,0,0,0,0,0,0,0,0,0,0,0,0,0,0,0,0,0,0,0,0,0,0,0,0,0,0,0,0,0,0,0,0,0,0,0,0,0,0,0,0,0,0,0,0,0,0,0,0,0
3/2/2026 20:00,0,0,0,0,0,0,0,0,0,0,0,0,0,0,0,0,0,0,0,0,0,0,0,0,0,0,0,0,0,0,0,0,0,0,0,0,0,0,0,0,0,0,0,0,0,0,0,0,0,0,0,0,0,0,0,0,0,0
3/2/2026 20:05,0,0,0,0,0,0,0,0,0,0,0,0,0,0,0,0,0,0,0,0,0,0,0,0,0,0,0,0,0,0,0,0,0,0,0,0,0,0,0,0,0,0,0,0,0,0,0,0,0,0,0,0,0,0,0,0,0,0
3/2/2026 20:10,0,0,0,0,0,0,0,0,0,0,0,0,0,0,0,0,0,0,0,0,0,0,0,0,0,0,0,0,0,0,0,0,0,0,0,0,0,0,0,0,0,0,0,0,0,0,0,0,0,0,0,0,0,0,0,0,0,0
3/2/2026 20:15,0,0,0,0,0,0,0,0,0,0,0,0,0,0,0,0,0,0,0,0,0,0,0,0,0,0,0,0,0,0,0,0,0,0,0,0,0,0,0,0,0,0,0,0,0,0,0,0,0,0,0,0,0,0,0,0,0,0
3/2/2026 20:20,0,0,0,0,0,0,0,0,0,0,0,0,0,0,0,0,0,0,0,0,0,0,0,0,0,0,0,0,0,0,0,0,0,0,0,0,0,0,0,0,0,0,0,0,0,0,0,0,0,0,0,0,0,0,0,0,0,0
3/2/2026 20:25,0,0,0,0,0,0,0,0,0,0,0,0,0,0,0,0,0,0,0,0,0,0,0,0,0,0,0,0,0,0,0,0,0,0,0,0,0,0,0,0,0,0,0,0,0,0,0,0,0,0,0,0,0,0,0,0,0,0
3/2/2026 20:30,0,0,0,0,0,0,0,0,0,0,0,0,0,0,0,0,0,0,0,0,0,0,0,0,0,0,0,0,0,0,0,0,0,0,0,0,0,0,0,0,0,0,0,0,0,0,0,0,0,0,0,0,0,0,0,0,0,0
3/2/2026 20:35,0,0,0,0,0,0,0,0,0,0,0,0,0,0,0,0,0,0,0,0,0,0,0,0,0,0,0,0,0,0,0,0,0,0,0,0,0,0,0,0,0,0,0,0,0,0,0,0,0,0,0,0,0,0,0,0,0,0
3/2/2026 20:40,0,0,0,0,--,--,0,0,0,0,0,0,0,0,0,0,0,0,0,0,0,0,0,0,0,0,0,0,0,0,0,0,0,0,0,0,0,0,0,0,0,0,0,0,--,--,0,0,0,0,0,0,0,0,0,0,0,0
3/2/2026 20:45,0,0,0,0,--,--,0,0,0,0,0,0,0,0,0,0,0,0,0,0,0,0,0,0,0,0,0,0,0,0,0,0,0,0,0,0,0,0,0,0,0,0,0,0,--,--,0,0,0,0,0,0,0,0,0,0,0,0
3/2/2026 20:50,0,0,0,0,--,--,0,0,0,0,0,0,0,0,0,0,0,0,0,0,0,0,0,0,0,0,0,0,0,0,0,0,0,0,0,0,0,0,0,0,0,0,0,0,--,--,0,0,0,0,0,0,0,0,0,0,0,0
3/2/2026 20:55,0,0,0,0,--,--,0,0,0,0,0,0,0,0,0,0,0,0,0,0,0,0,0,0,0,0,0,0,0,0,0,0,0,0,0,0,0,0,0,0,0,0,0,0,--,--,0,0,0,0,0,0,0,0,0,0,0,0
3/2/2026 21:00,0,0,0,0,--,--,0,0,0,0,0,0,0,0,0,0,0,0,0,0,0,0,0,0,0,0,0,0,0,0,0,0,0,0,0,0,0,0,0,0,0,0,0,0,--,--,0,0,0,0,0,0,0,0,0,0,0,0
3/2/2026 21:05,0,0,0,0,--,--,0,0,0,0,0,0,0,0,0,0,0,0,0,0,0,0,0,0,0,0,0,0,0,0,0,0,0,0,0,0,0,0,0,0,0,0,0,0,--,--,0,0,0,0,0,0,0,0,0,0,0,0
3/2/2026 21:10,0,0,0,0,--,--,0,0,0,0,0,0,0,0,0,0,0,0,0,0,0,0,0,0,0,0,0,0,0,0,0,0,0,0,0,0,0,0,0,0,0,0,0,0,--,--,0,0,0,0,0,0,0,0,0,0,0,0
3/2/2026 21:15,0,0,0,0,--,--,0,0,0,0,0,0,0,0,0,0,0,0,0,0,0,0,0,0,0,0,0,0,0,0,0,0,0,0,0,0,0,0,0,0,0,0,0,0,--,--,0,0,0,0,0,0,0,0,0,0,0,0
3/2/2026 21:20,0,0,0,0,--,--,0,0,0,0,0,0,0,0,0,0,0,0,0,0,0,0,0,0,0,0,0,0,0,0,0,0,0,0,0,0,0,0,0,0,0,0,0,0,--,--,0,0,0,0,0,0,0,0,0,0,0,0
3/2/2026 21:25,0,0,0,0,--,--,0,0,0,0,0,0,0,0,0,0,0,0,0,0,0,0,0,0,0,0,0,0,0,0,0,0,0,0,0,0,0,0,0,0,0,0,0,0,--,--,0,0,0,0,0,0,0,0,0,0,0,0
3/2/2026 21:30,0,0,0,0,--,--,0,0,0,0,0,0,0,0,0,0,0,0,0,0,0,0,0,0,0,0,0,0,0,0,0,0,0,0,0,0,0,0,0,0,0,0,0,0,--,--,0,0,0,0,0,0,0,0,0,0,0,0
3/2/2026 21:35,0,0,0,0,--,--,0,0,0,0,0,0,0,0,0,0,0,0,0,0,0,0,0,0,0,0,0,0,0,0,0,0,0,0,0,0,0,0,0,0,0,0,0,0,--,--,0,0,0,0,0,0,0,0,0,0,0,0
3/2/2026 21:40,0,0,0,0,--,--,0,0,0,0,0,0,0,0,0,0,0,0,0,0,0,0,0,0,0,0,0,0,0,0,0,0,0,0,0,0,0,0,0,0,0,0,0,0,--,--,0,0,0,0,0,0,0,0,0,0,0,0
3/2/2026 21:45,0,0,0,0,--,--,0,0,0,0,0,0,0,0,0,0,0,0,0,0,0,0,0,0,0,0,0,0,0,0,0,0,0,0,0,0,0,0,0,0,0,0,0,0,--,--,0,0,0,0,0,0,0,0,0,0,0,0
3/2/2026 21:50,0,0,0,0,--,--,0,0,0,0,0,0,0,0,0,0,0,0,0,0,0,0,0,0,0,0,0,0,0,0,0,0,0,0,0,0,0,0,0,0,0,0,0,0,--,--,0,0,0,0,0,0,0,0,0,0,0,0
3/2/2026 21:55,0,0,0,0,--,--,0,0,0,0,0,0,0,0,0,0,0,0,0,0,0,0,0,0,0,0,0,0,0,0,0,0,0,0,0,0,0,0,0,0,0,0,0,0,--,--,0,0,0,0,0,0,0,0,0,0,0,0
3/2/2026 22:00,0,0,0,0,--,--,0,0,0,0,0,0,0,0,0,0,0,0,0,0,0,0,0,0,0,0,0,0,0,0,0,0,0,0,0,0,0,0,0,0,0,0,0,0,--,--,0,0,0,0,0,0,0,0,0,0,0,0
3/2/2026 22:05,0,0,0,0,--,--,0,0,0,0,0,0,0,0,0,0,0,0,0,0,0,0,0,0,0,0,0,0,0,0,0,0,0,0,0,0,0,0,0,0,0,0,0,0,--,--,0,0,0,0,0,0,0,0,0,0,0,0
3/2/2026 22:10,0,0,0,0,--,--,0,0,0,0,0,0,0,0,0,0,0,0,0,0,0,0,0,0,0,0,0,0,0,0,0,0,0,0,0,0,0,0,0,0,0,0,0,0,--,--,0,0,0,0,0,0,0,0,0,0,0,0
3/2/2026 22:15,0,0,0,0,--,--,0,0,0,0,0,0,0,0,0,0,0,0,0,0,0,0,0,0,0,0,0,0,0,0,0,0,0,0,0,0,0,0,0,0,0,0,0,0,--,--,0,0,0,0,0,0,0,0,0,0,0,0
3/2/2026 22:20,0,0,0,0,--,--,0,0,0,0,0,0,0,0,0,0,0,0,0,0,0,0,0,0,0,0,0,0,0,0,0,0,0,0,0,0,0,0,0,0,0,0,0,0,--,--,0,0,0,0,0,0,0,0,0,0,0,0
3/2/2026 22:25,0,0,0,0,--,--,0,0,0,0,0,0,0,0,0,0,0,0,0,0,0,0,0,0,0,0,0,0,0,0,0,0,0,0,0,0,0,0,0,0,0,0,0,0,--,--,0,0,0,0,0,0,0,0,0,0,0,0
3/2/2026 22:30,0,0,0,0,--,--,0,0,0,0,0,0,0,0,0,0,0,0,0,0,0,0,0,0,0,0,0,0,0,0,0,0,0,0,0,0,0,0,0,0,0,0,0,0,--,--,0,0,0,0,0,0,0,0,0,0,0,0
3/2/2026 22:35,0,0,0,0,--,--,0,0,0,0,0,0,0,0,0,0,0,0,0,0,0,0,0,0,0,0,0,0,0,0,0,0,0,0,0,0,0,0,0,0,0,0,0,0,--,--,0,0,0,0,0,0,0,0,0,0,0,0
3/2/2026 22:40,0,0,0,0,--,--,0,0,0,0,0,0,0,0,0,0,0,0,0,0,0,0,0,0,0,0,0,0,0,0,0,0,0,0,0,0,0,0,0,0,0,0,0,0,--,--,0,0,0,0,0,0,0,0,0,0,0,0
3/2/2026 22:45,0,0,0,0,--,--,0,0,0,0,0,0,0,0,0,0,0,0,0,0,0,0,0,0,0,0,0,0,0,0,0,0,0,0,0,0,0,0,0,0,0,0,0,0,--,--,0,0,0,0,0,0,0,0,0,0,0,0
3/2/2026 22:50,0,0,0,0,--,--,0,0,0,0,0,0,0,0,0,0,0,0,0,0,0,0,0,0,0,0,0,0,0,0,0,0,0,0,0,0,0,0,0,0,0,0,0,0,--,--,0,0,0,0,0,0,0,0,0,0,0,0
3/2/2026 22:55,0,0,0,0,--,--,0,0,0,0,0,0,0,0,0,0,0,0,0,0,0,0,0,0,0,0,0,0,0,0,0,0,0,0,0,0,0,0,0,0,0,0,0,0,--,--,0,0,0,0,0,0,0,0,0,0,0,0
3/2/2026 23:00,0,0,0,0,--,--,0,0,0,0,0,0,0,0,0,0,0,0,0,0,0,0,0,0,0,0,0,0,0,0,0,0,0,0,0,0,0,0,0,0,0,0,0,0,--,--,0,0,0,0,0,0,0,0,0,0,0,0
3/2/2026 23:05,0,0,0,0,--,--,0,0,0,0,0,0,0,0,0,0,0,0,0,0,0,0,0,0,0,0,0,0,0,0,0,0,0,0,0,0,0,0,0,0,0,0,0,0,--,--,0,0,0,0,0,0,0,0,0,0,0,0
3/2/2026 23:10,0,0,0,0,--,--,0,0,0,0,0,0,0,0,0,0,0,0,0,0,0,0,0,0,0,0,0,0,0,0,0,0,0,0,0,0,0,0,0,0,0,0,0,0,--,--,0,0,0,0,0,0,0,0,0,0,0,0
3/2/2026 23:15,0,0,0,0,--,--,0,0,0,0,0,0,0,0,0,0,0,0,0,0,0,0,0,0,0,0,0,0,0,0,0,0,0,0,0,0,0,0,0,0,0,0,0,0,--,--,0,0,0,0,0,0,0,0,0,0,0,0
3/2/2026 23:20,0,0,0,0,--,--,0,0,0,0,0,0,0,0,0,0,0,0,0,0,0,0,0,0,0,0,0,0,0,0,0,0,0,0,0,0,0,0,0,0,0,0,0,0,--,--,0,0,0,0,0,0,0,0,0,0,0,0
3/2/2026 23:25,0,0,0,0,--,--,0,0,0,0,0,0,0,0,0,0,0,0,0,0,0,0,0,0,0,0,0,0,0,0,0,0,0,0,0,0,0,0,0,0,0,0,0,0,--,--,0,0,0,0,0,0,0,0,0,0,0,0
3/2/2026 23:30,0,0,0,0,--,--,0,0,0,0,0,0,0,0,0,0,0,0,0,0,0,0,0,0,0,0,0,0,0,0,0,0,0,0,0,0,0,0,0,0,0,0,0,0,--,--,0,0,0,0,0,0,0,0,0,0,0,0
3/2/2026 23:35,0,0,0,0,--,--,0,0,0,0,0,0,0,0,0,0,0,0,0,0,0,0,0,0,0,0,0,0,0,0,0,0,0,0,0,0,0,0,0,0,0,0,0,0,--,--,0,0,0,0,0,0,0,0,0,0,0,0
3/2/2026 23:40,0,0,0,0,--,--,0,0,0,0,0,0,0,0,0,0,0,0,0,0,0,0,0,0,0,0,0,0,0,0,0,0,0,0,0,0,0,0,0,0,0,0,0,0,--,--,0,0,0,0,0,0,0,0,0,0,0,0
3/2/2026 23:45,0,0,0,0,--,--,0,0,0,0,0,0,0,0,0,0,0,0,0,0,0,0,0,0,0,0,0,0,0,0,0,0,0,0,0,0,0,0,0,0,0,0,0,0,--,--,0,0,0,0,0,0,0,0,0,0,0,0
3/2/2026 23:50,0,0,0,0,--,--,0,0,0,0,0,0,0,0,0,0,0,0,0,0,0,0,0,0,0,0,0,0,0,0,0,0,0,0,0,0,0,0,0,0,0,0,0,0,--,--,0,0,0,0,0,0,0,0,0,0,0,0
3/2/2026 23:55,0,0,0,0,--,--,0,0,0,0,0,0,0,0,0,0,0,0,0,0,0,0,0,0,0,0,0,0,0,0,0,0,0,0,0,0,0,0,0,0,0,0,0,0,--,--,0,0,0,0,0,0,0,0,0,0,0,0
