Time,WEATHER STATION O(2860)/Module temperature(?),WEATHER STATION O(2860)/Ambient temperature(?),WEATHER STATION O(2860)/Transient horizontal irradiance(W/?),WEATHER STATION AB(2830)/Module temperature(?),WEATHER STATION AB(2830)/Ambient temperature(?),WEATHER STATION AB(2830)/Transient horizontal irradiance(W/?)
25/1/2026 0:00,--,--,--,--,--,--
25/1/2026 0:05,--,--,--,--,--,--
25/1/2026 0:10,--,--,--,--,--,--
25/1/2026 0:15,--,--,--,--,--,--
25/1/2026 0:20,--,--,--,--,--,--
25/1/2026 0:25,--,--,--,--,--,--
25/1/2026 0:30,--,--,--,--,--,--
25/1/2026 0:35,--,--,--,--,--,--
25/1/2026 0:40,--,--,--,--,--,--
25/1/2026 0:45,--,--,--,--,--,--
25/1/2026 0:50,--,--,--,--,--,--
25/1/2026 0:55,--,--,--,--,--,--
25/1/2026 1:00,--,--,--,--,--,--
25/1/2026 1:05,--,--,--,--,--,--
25/1/2026 1:10,--,--,--,--,--,--
25/1/2026 1:15,--,--,--,--,--,--
25/1/2026 1:20,--,--,--,--,--,--
25/1/2026 1:25,--,--,--,--,--,--
25/1/2026 1:30,--,--,--,--,--,--
25/1/2026 1:35,--,--,--,--,--,--
25/1/2026 1:40,--,--,--,--,--,--
25/1/2026 1:45,--,--,--,--,--,--
25/1/2026 1:50,--,--,--,--,--,--
25/1/2026 1:55,--,--,--,--,--,--
25/1/2026 2:00,--,--,--,--,--,--
25/1/2026 2:05,--,--,--,--,--,--
25/1/2026 2:10,--,--,--,--,--,--
25/1/2026 2:15,--,--,--,--,--,--
25/1/2026 2:20,--,--,--,--,--,--
25/1/2026 2:25,--,--,--,--,--,--
25/1/2026 2:30,--,--,--,--,--,--
25/1/2026 2:35,--,--,--,--,--,--
25/1/2026 2:40,--,--,--,--,--,--
25/1/2026 2:45,--,--,--,--,--,--
25/1/2026 2:50,--,--,--,--,--,--
25/1/2026 2:55,--,--,--,--,--,--
25/1/2026 3:00,--,--,--,--,--,--
25/1/2026 3:05,--,--,--,--,--,--
25/1/2026 3:10,--,--,--,--,--,--
25/1/2026 3:15,--,--,--,--,--,--
25/1/2026 3:20,--,--,--,--,--,--
25/1/2026 3:25,--,--,--,--,--,--
25/1/2026 3:30,--,--,--,--,--,--
25/1/2026 3:35,--,--,--,--,--,--
25/1/2026 3:40,--,--,--,--,--,--
25/1/2026 3:45,--,--,--,--,--,--
25/1/2026 3:50,--,--,--,--,--,--
25/1/2026 3:55,--,--,--,--,--,--
25/1/2026 4:00,--,--,--,--,--,--
25/1/2026 4:05,--,--,--,--,--,--
25/1/2026 4:10,--,--,--,--,--,--
25/1/2026 4:15,--,--,--,--,--,--
25/1/2026 4:20,--,--,--,--,--,--
25/1/2026 4:25,--,--,--,--,--,--
25/1/2026 4:30,--,--,--,--,--,--
25/1/2026 4:35,--,--,--,--,--,--
25/1/2026 4:40,--,--,--,--,--,--
25/1/2026 4:45,--,--,--,--,--,--
25/1/2026 4:50,--,--,--,--,--,--
25/1/2026 4:55,--,--,--,--,--,--
25/1/2026 5:00,--,--,--,--,--,--
25/1/2026 5:05,--,--,--,--,--,--
25/1/2026 5:10,--,--,--,--,--,--
25/1/2026 5:15,--,--,--,--,--,--
25/1/2026 5:20,--,--,--,--,--,--
25/1/2026 5:25,--,--,--,--,--,--
25/1/2026 5:30,--,--,--,--,--,--
25/1/2026 5:35,--,--,--,--,--,--
25/1/2026 5:40,--,--,--,--,--,--
25/1/2026 5:45,--,--,--,--,--,--
25/1/2026 5:50,--,--,--,--,--,--
25/1/2026 5:55,--,--,--,--,--,--
25/1/2026 6:00,--,--,--,--,--,--
25/1/2026 6:05,--,--,--,--,--,--
25/1/2026 6:10,--,--,--,--,--,--
25/1/2026 6:15,--,--,--,--,--,--
25/1/2026 6:20,--,--,--,--,--,--
25/1/2026 6:25,--,--,--,--,--,--
25/1/2026 6:30,--,--,--,--,--,--
25/1/2026 6:35,--,--,--,--,--,--
25/1/2026 6:40,--,--,--,--,--,--
25/1/2026 6:45,--,--,--,--,--,--
25/1/2026 6:50,--,--,--,--,--,--
25/1/2026 6:55,--,--,--,--,--,--
25/1/2026 7:00,--,--,--,--,--,--
25/1/2026 7:05,--,--,--,--,--,--
25/1/2026 7:10,--,--,--,--,--,--
25/1/2026 7:15,--,--,--,--,--,--
25/1/2026 7:20,--,--,--,--,--,--
25/1/2026 7:25,--,--,--,--,--,--
25/1/2026 7:30,--,--,--,--,--,--
25/1/2026 7:35,--,--,--,--,--,--
25/1/2026 7:40,--,--,--,--,--,--
25/1/2026 7:45,--,--,--,--,--,--
25/1/2026 7:50,--,--,--,--,--,--
25/1/2026 7:55,--,--,--,--,--,--
25/1/2026 8:00,--,--,--,--,--,--
25/1/2026 8:05,--,--,--,--,--,--
25/1/2026 8:10,--,--,--,--,--,--
25/1/2026 8:15,--,--,--,--,--,--
25/1/2026 8:20,23.5,23.5,45.2,24.2,23.2,60.3
25/1/2026 8:25,23.5,23.5,45.2,24.2,23.2,60.3
25/1/2026 8:30,23.5,23.5,45.2,24.2,23.2,60.3
25/1/2026 8:35,23.9,23.8,56.8,25.4,24.3,72.5
25/1/2026 8:40,23.9,23.8,56.8,25.4,24.3,72.5
25/1/2026 8:45,23.9,23.8,56.8,25.4,24.3,72.5
25/1/2026 8:50,24.4,24,95.5,27,24.8,119.7
25/1/2026 8:55,24.4,24,95.5,27,24.8,119.7
25/1/2026 9:00,24.4,24,95.5,27,24.8,119.7
25/1/2026 9:05,25.5,24.1,123.9,29.6,26,123.3
25/1/2026 9:10,25.5,24.1,123.9,29.6,26,123.3
25/1/2026 9:15,25.5,24.1,123.9,29.6,26,123.3
25/1/2026 9:20,25.1,23.8,37.9,25.9,25.4,50.7
25/1/2026 9:25,25.1,23.8,37.9,25.9,25.4,50.7
25/1/2026 9:30,25.1,23.8,37.9,25.9,25.4,50.7
25/1/2026 9:35,25.5,24.6,113.6,27.3,25.7,130
25/1/2026 9:40,25.5,24.6,113.6,27.3,25.7,130
25/1/2026 9:45,25.5,24.6,113.6,27.3,25.7,130
25/1/2026 9:50,26,25,94.9,29,25.8,102.7
25/1/2026 9:55,26,25,94.9,29,25.8,102.7
25/1/2026 10:00,26,25,94.9,29,25.8,102.7
25/1/2026 10:05,25.3,24.8,134.8,26.9,26.3,119.7
25/1/2026 10:10,25.3,24.8,134.8,26.9,26.3,119.7
25/1/2026 10:15,25.3,24.8,134.8,26.9,26.3,119.7
25/1/2026 10:20,25.9,26.5,179.1,27.7,26.4,195.4
25/1/2026 10:25,25.9,26.5,179.1,27.7,26.4,195.4
25/1/2026 10:30,25.9,26.5,179.1,27.7,26.4,195.4
25/1/2026 10:35,26.3,26.6,202.1,31.4,27.3,267.9
25/1/2026 10:40,26.3,26.6,202.1,31.4,27.3,267.9
25/1/2026 10:45,26.3,26.6,202.1,31.4,27.3,267.9
25/1/2026 10:50,27,27,271.1,34.9,27.9,336.4
25/1/2026 10:55,27,27,271.1,34.9,27.9,336.4
25/1/2026 11:00,27,27,271.1,34.9,27.9,336.4
25/1/2026 11:05,28.2,27.4,168.7,34.4,27.6,211.7
25/1/2026 11:10,28.2,27.4,168.7,34.4,27.6,211.7
25/1/2026 11:15,28.2,27.4,168.7,34.4,27.6,211.7
25/1/2026 11:20,28.1,27.3,155.5,36.8,28,143.9
25/1/2026 11:25,28.1,27.3,155.5,36.8,28,143.9
25/1/2026 11:30,28.1,27.3,155.5,36.8,28,143.9
25/1/2026 11:35,26.9,26.9,249.3,32.3,27.5,265.6
25/1/2026 11:40,26.9,26.9,249.3,32.3,27.5,265.6
25/1/2026 11:45,26.9,26.9,249.3,32.3,27.5,265.6
25/1/2026 11:50,27.3,27.5,719.3,34.7,29,842.4
25/1/2026 11:55,27.3,27.5,719.3,34.7,29,842.4
25/1/2026 12:00,27.3,27.5,719.3,34.7,29,842.4
25/1/2026 12:05,29.2,28.2,260.8,43.1,29.2,333.9
25/1/2026 12:10,29.2,28.2,260.8,43.1,29.2,333.9
25/1/2026 12:15,29.2,28.2,260.8,43.1,29.2,333.9
25/1/2026 12:20,29.4,27.7,215.3,39.6,28.7,255.9
25/1/2026 12:25,29.4,27.7,215.3,39.6,28.7,255.9
25/1/2026 12:30,29.4,27.7,215.3,39.6,28.7,255.9
25/1/2026 12:35,29.3,28.2,282,36.8,28.4,291.6
25/1/2026 12:40,29.3,28.2,282,36.8,28.4,291.6
25/1/2026 12:45,29.3,28.2,282,36.8,28.4,291.6
25/1/2026 12:50,29.2,28.2,371,39.3,28.8,372.1
25/1/2026 12:55,29.2,28.2,371,39.3,28.8,372.1
25/1/2026 13:00,29.2,28.2,371,39.3,28.8,372.1
25/1/2026 13:05,30.1,28.9,690.2,41.1,29.7,854.5
25/1/2026 13:10,30.1,28.9,690.2,41.1,29.7,854.5
25/1/2026 13:15,30.1,28.9,690.2,41.1,29.7,854.5
25/1/2026 13:20,30,27.9,398.9,41.9,28.7,157.8
25/1/2026 13:25,30,27.9,398.9,41.9,28.7,157.8
25/1/2026 13:30,30,27.9,398.9,41.9,28.7,157.8
25/1/2026 13:35,30.1,28.6,432.2,39.8,29,531.9
25/1/2026 13:40,30.1,28.6,432.2,39.8,29,531.9
25/1/2026 13:45,30.1,28.6,432.2,39.8,29,531.9
25/1/2026 13:50,31.7,28.4,343.8,40.3,29,369.6
25/1/2026 13:55,31.7,28.4,343.8,40.3,29,369.6
25/1/2026 14:00,31.7,28.4,343.8,40.3,29,369.6
25/1/2026 14:05,30.7,28.6,253.6,36,28.5,286.1
25/1/2026 14:10,30.7,28.6,253.6,36,28.5,286.1
25/1/2026 14:15,30.7,28.6,253.6,36,28.5,286.1
25/1/2026 14:20,29.3,28.7,309.9,35.7,28.5,324.9
25/1/2026 14:25,29.3,28.7,309.9,35.7,28.5,324.9
25/1/2026 14:30,29.3,28.7,309.9,35.7,28.5,324.9
25/1/2026 14:35,28.3,27.5,149.3,32.2,27.3,182.6
25/1/2026 14:40,28.3,27.5,149.3,32.2,27.3,182.6
25/1/2026 14:45,28.3,27.5,149.3,32.2,27.3,182.6
25/1/2026 14:50,27.6,27,128.1,31.8,27.3,149.3
25/1/2026 14:55,27.6,27,128.1,31.8,27.3,149.3
25/1/2026 15:00,27.6,27,128.1,31.8,27.3,149.3
25/1/2026 15:05,27.4,27.3,210,32,27.7,255.9
25/1/2026 15:10,27.4,27.3,210,32,27.7,255.9
25/1/2026 15:15,27.4,27.3,210,32,27.7,255.9
25/1/2026 15:20,29.4,28.7,318.4,36.6,28.3,373.3
25/1/2026 15:25,29.4,28.7,318.4,36.6,28.3,373.3
25/1/2026 15:30,29.4,28.7,318.4,36.6,28.3,373.3
25/1/2026 15:35,29.8,28.1,320.2,38,28.5,374.5
25/1/2026 15:40,29.8,28.1,320.2,38,28.5,374.5
25/1/2026 15:45,29.8,28.1,320.2,38,28.5,374.5
25/1/2026 15:50,30.7,28.7,196,38.5,28.4,205.6
25/1/2026 15:55,30.7,28.7,196,38.5,28.4,205.6
25/1/2026 16:00,30.7,28.7,196,38.5,28.4,205.6
25/1/2026 16:05,29.5,29.2,592,35.3,29.5,555.5
25/1/2026 16:10,29.5,29.2,592,35.3,29.5,555.5
25/1/2026 16:15,29.5,29.2,592,35.3,29.5,555.5
25/1/2026 16:20,28.5,28.4,570.8,36.1,28.6,379.3
25/1/2026 16:25,28.5,28.4,570.8,36.1,28.6,379.3
25/1/2026 16:30,28.5,28.4,570.8,36.1,28.6,379.3
25/1/2026 16:35,28.8,28.1,227.5,37.5,28.4,256.4
25/1/2026 16:40,28.8,28.1,227.5,37.5,28.4,256.4
25/1/2026 16:45,28.8,28.1,227.5,37.5,28.4,256.4
25/1/2026 16:50,28.6,29,320.7,36.1,28.8,347.3
25/1/2026 16:55,28.6,29,320.7,36.1,28.8,347.3
25/1/2026 17:00,28.6,29,320.7,36.1,28.8,347.3
25/1/2026 17:05,29,29.1,312.2,36,29.1,299.4
25/1/2026 17:10,29,29.1,312.2,36,29.1,299.4
25/1/2026 17:15,29,29.1,312.2,36,29.1,299.4
25/1/2026 17:20,28.1,27.1,99.1,32.8,27.4,116
25/1/2026 17:25,28.1,27.1,99.1,32.8,27.4,116
25/1/2026 17:30,28.1,27.1,99.1,32.8,27.4,116
25/1/2026 17:35,27,26.7,99.1,30.3,27.5,127.5
25/1/2026 17:40,27,26.7,99.1,30.3,27.5,127.5
25/1/2026 17:45,27,26.7,99.1,30.3,27.5,127.5
25/1/2026 17:50,26.8,26.6,72.5,29.6,27,90
25/1/2026 17:55,26.8,26.6,72.5,29.6,27,90
25/1/2026 18:00,26.8,26.6,72.5,29.6,27,90
25/1/2026 18:05,26.6,26.7,52.5,28.8,26.8,64.5
25/1/2026 18:10,26.6,26.7,52.5,28.8,26.8,64.5
25/1/2026 18:15,26.6,26.7,52.5,28.8,26.8,64.5
25/1/2026 18:20,26.1,26.1,26.4,27.2,26.2,33.7
25/1/2026 18:25,26.1,26.1,26.4,27.2,26.2,33.7
25/1/2026 18:30,26.1,26.1,26.4,27.2,26.2,33.7
25/1/2026 18:35,25.6,25.9,7,26,26,10.1
25/1/2026 18:40,25.6,25.9,7,26,26,10.1
25/1/2026 18:45,25.6,25.9,7,26,26,10.1
25/1/2026 18:50,25.3,25.6,0,25.2,25.8,5.8
25/1/2026 18:55,25.3,25.6,0,25.2,25.8,5.8
25/1/2026 19:00,25.3,25.6,0,25.2,25.8,5.8
25/1/2026 19:05,25,25.3,0,24.6,25.5,0
25/1/2026 19:10,25,25.3,0,24.6,25.5,0
25/1/2026 19:15,25,25.3,0,24.6,25.5,0
25/1/2026 19:20,24.6,25.1,0,24,25.3,0
25/1/2026 19:25,24.6,25.1,0,24,25.3,0
25/1/2026 19:30,24.6,25.1,0,24,25.3,0
25/1/2026 19:35,24.6,25.1,0,23.7,25.1,0
25/1/2026 19:40,24.6,25.1,0,23.7,25.1,0
25/1/2026 19:45,24.6,25.1,0,23.7,25.1,0
25/1/2026 19:50,24.5,24.9,0,23.6,25.3,0
25/1/2026 19:55,24.5,24.9,0,23.6,25.3,0
25/1/2026 20:00,24.5,24.9,0,23.6,25.3,0
25/1/2026 20:05,24.5,24.9,0,23.6,25.1,0
25/1/2026 20:10,24.5,24.9,0,23.6,25.1,0
25/1/2026 20:15,24.5,24.9,0,23.6,25.1,0
25/1/2026 20:20,24.5,24.9,0,23,24.9,0
25/1/2026 20:25,24.5,24.9,0,23,24.9,0
25/1/2026 20:30,24.5,24.9,0,23,24.9,0
25/1/2026 20:35,24.5,24.9,0,22.6,24.6,0
25/1/2026 20:40,--,--,--,22.6,24.6,0
25/1/2026 20:45,--,--,--,22.6,24.6,0
25/1/2026 20:50,--,--,--,22.5,24.5,0
25/1/2026 20:55,--,--,--,22.5,24.5,0
25/1/2026 21:00,--,--,--,22.5,24.5,0
25/1/2026 21:05,--,--,--,22.5,24.8,0
25/1/2026 21:10,--,--,--,22.5,24.8,0
25/1/2026 21:15,--,--,--,22.5,24.8,0
25/1/2026 21:20,--,--,--,23.1,24.8,0
25/1/2026 21:25,--,--,--,23.1,24.8,0
25/1/2026 21:30,--,--,--,23.1,24.8,0
25/1/2026 21:35,--,--,--,23.5,25.2,0
25/1/2026 21:40,--,--,--,23.5,25.2,0
25/1/2026 21:45,--,--,--,23.5,25.2,0
25/1/2026 21:50,--,--,--,24,25.1,0
25/1/2026 21:55,--,--,--,24,25.1,0
25/1/2026 22:00,--,--,--,24,25.1,0
25/1/2026 22:05,--,--,--,23.8,25.3,0
25/1/2026 22:10,--,--,--,23.8,25.3,0
25/1/2026 22:15,--,--,--,23.8,25.3,0
25/1/2026 22:20,--,--,--,23.1,24.9,0
25/1/2026 22:25,--,--,--,23.1,24.9,0
25/1/2026 22:30,--,--,--,23.1,24.9,0
25/1/2026 22:35,--,--,--,22.8,24.6,0
25/1/2026 22:40,--,--,--,22.8,24.6,0
25/1/2026 22:45,--,--,--,22.8,24.6,0
25/1/2026 22:50,--,--,--,23.1,25,0
25/1/2026 22:55,--,--,--,23.1,25,0
25/1/2026 23:00,--,--,--,23.1,25,0
25/1/2026 23:05,--,--,--,22.8,24.7,0
25/1/2026 23:10,--,--,--,22.8,24.7,0
25/1/2026 23:15,--,--,--,22.8,24.7,0
25/1/2026 23:20,--,--,--,22.5,24.7,0
25/1/2026 23:25,--,--,--,22.5,24.7,0
25/1/2026 23:30,--,--,--,22.5,24.7,0
25/1/2026 23:35,--,--,--,22,24,0
25/1/2026 23:40,--,--,--,22,24,0
25/1/2026 23:45,--,--,--,22,24,0
25/1/2026 23:50,--,--,--,21.3,23.6,0
25/1/2026 23:55,--,--,--,21.3,23.6,0
26/1/2026 0:00,--,--,--,--,--,--
26/1/2026 0:05,--,--,--,--,--,--
26/1/2026 0:10,--,--,--,--,--,--
26/1/2026 0:15,--,--,--,--,--,--
26/1/2026 0:20,--,--,--,21,23.7,0
26/1/2026 0:25,--,--,--,21,23.7,0
26/1/2026 0:30,--,--,--,21,23.7,0
26/1/2026 0:35,--,--,--,20.9,23.2,0
26/1/2026 0:40,--,--,--,20.9,23.2,0
26/1/2026 0:45,--,--,--,20.9,23.2,0
26/1/2026 0:50,--,--,--,20.9,22.8,0
26/1/2026 0:55,--,--,--,20.9,22.8,0
26/1/2026 1:00,--,--,--,20.9,22.8,0
26/1/2026 1:05,--,--,--,20.8,22.1,0
26/1/2026 1:10,--,--,--,20.8,22.1,0
26/1/2026 1:15,--,--,--,20.8,22.1,0
26/1/2026 1:20,--,--,--,20.5,21.8,0
26/1/2026 1:25,--,--,--,20.5,21.8,0
26/1/2026 1:30,--,--,--,20.5,21.8,0
26/1/2026 1:35,--,--,--,20.2,21.5,0
26/1/2026 1:40,--,--,--,20.2,21.5,0
26/1/2026 1:45,--,--,--,20.2,21.5,0
26/1/2026 1:50,--,--,--,20.1,21.4,0
26/1/2026 1:55,--,--,--,20.1,21.4,0
26/1/2026 2:00,--,--,--,20.1,21.4,0
26/1/2026 2:05,--,--,--,20,21.2,0
26/1/2026 2:10,--,--,--,20,21.2,0
26/1/2026 2:15,--,--,--,20,21.2,0
26/1/2026 2:20,--,--,--,20.3,21.3,0
26/1/2026 2:25,--,--,--,20.3,21.3,0
26/1/2026 2:30,--,--,--,20.3,21.3,0
26/1/2026 2:35,--,--,--,20.6,21.4,0
26/1/2026 2:40,--,--,--,20.6,21.4,0
26/1/2026 2:45,--,--,--,20.6,21.4,0
26/1/2026 2:50,--,--,--,20.8,21.5,0
26/1/2026 2:55,--,--,--,20.8,21.5,0
26/1/2026 3:00,--,--,--,20.8,21.5,0
26/1/2026 3:05,--,--,--,21.2,21.6,0
26/1/2026 3:10,--,--,--,21.2,21.6,0
26/1/2026 3:15,--,--,--,21.2,21.6,0
26/1/2026 3:20,--,--,--,20.9,21.8,0
26/1/2026 3:25,--,--,--,20.9,21.8,0
26/1/2026 3:30,--,--,--,20.9,21.8,0
26/1/2026 3:35,--,--,--,20.5,21.5,0
26/1/2026 3:40,--,--,--,20.5,21.5,0
26/1/2026 3:45,--,--,--,20.5,21.5,0
26/1/2026 3:50,--,--,--,20.2,21.2,0
26/1/2026 3:55,--,--,--,20.2,21.2,0
26/1/2026 4:00,--,--,--,20.2,21.2,0
26/1/2026 4:05,--,--,--,20.5,21.4,0
26/1/2026 4:10,--,--,--,20.5,21.4,0
26/1/2026 4:15,--,--,--,20.5,21.4,0
26/1/2026 4:20,--,--,--,21,21.8,0
26/1/2026 4:25,--,--,--,21,21.8,0
26/1/2026 4:30,--,--,--,21,21.8,0
26/1/2026 4:35,--,--,--,21.3,23.4,0
26/1/2026 4:40,--,--,--,21.3,23.4,0
26/1/2026 4:45,--,--,--,21.3,23.4,0
26/1/2026 4:50,--,--,--,20.9,22.8,0
26/1/2026 4:55,--,--,--,20.9,22.8,0
26/1/2026 5:00,--,--,--,20.9,22.8,0
26/1/2026 5:05,--,--,--,20.6,21.6,0
26/1/2026 5:10,--,--,--,20.6,21.6,0
26/1/2026 5:15,--,--,--,20.6,21.6,0
26/1/2026 5:20,--,--,--,20.1,21.5,0
26/1/2026 5:25,--,--,--,20.1,21.5,0
26/1/2026 5:30,--,--,--,20.1,21.5,0
26/1/2026 5:35,--,--,--,20.1,21.3,0
26/1/2026 5:40,--,--,--,20.1,21.3,0
26/1/2026 5:45,--,--,--,20.1,21.3,0
26/1/2026 5:50,--,--,--,20,21.3,0
26/1/2026 5:55,--,--,--,20,21.3,0
26/1/2026 6:00,--,--,--,20,21.3,0
26/1/2026 6:05,--,--,--,20.3,21.3,0
26/1/2026 6:10,--,--,--,20.3,21.3,0
26/1/2026 6:15,--,--,--,20.3,21.3,0
26/1/2026 6:20,--,--,--,20,21.3,0
26/1/2026 6:25,--,--,--,20,21.3,0
26/1/2026 6:30,--,--,--,20,21.3,0
26/1/2026 6:35,--,--,--,20.1,21.5,0
26/1/2026 6:40,--,--,--,20.1,21.5,0
26/1/2026 6:45,--,--,--,20.1,21.5,0
26/1/2026 6:50,--,--,--,20,20.9,0
26/1/2026 6:55,--,--,--,20,20.9,0
26/1/2026 7:00,--,--,--,20,20.9,0
26/1/2026 7:05,--,--,--,20,20.9,0
26/1/2026 7:10,--,--,--,20,20.9,0
26/1/2026 7:15,--,--,--,20,20.9,0
26/1/2026 7:20,20.5,20.9,0,19.9,21.1,0
26/1/2026 7:25,20.5,20.9,0,19.9,21.1,0
26/1/2026 7:30,20.5,20.9,0,19.9,21.1,0
26/1/2026 7:35,20.6,21.2,0,20.2,21.2,0
26/1/2026 7:40,20.6,21.2,0,20.2,21.2,0
26/1/2026 7:45,20.6,21.2,0,20.2,21.2,0
26/1/2026 7:50,21,21.5,24.7,20.8,21.5,23.4
26/1/2026 7:55,21,21.5,24.7,20.8,21.5,23.4
26/1/2026 8:00,21,21.5,24.7,20.8,21.5,23.4
26/1/2026 8:05,22.3,23,57.9,22.8,22.7,61.5
26/1/2026 8:10,22.3,23,57.9,22.8,22.7,61.5
26/1/2026 8:15,22.3,23,57.9,22.8,22.7,61.5
26/1/2026 8:20,22.8,22.8,40.9,23,23.2,53
26/1/2026 8:25,22.8,22.8,40.9,23,23.2,53
26/1/2026 8:30,22.8,22.8,40.9,23,23.2,53
26/1/2026 8:35,23.3,24.1,122.8,23.6,24,96.7
26/1/2026 8:40,23.3,24.1,122.8,23.6,24,96.7
26/1/2026 8:45,23.3,24.1,122.8,23.6,24,96.7
26/1/2026 8:50,23.6,24.8,57.3,26.3,26.5,76.7
26/1/2026 8:55,23.6,24.8,57.3,26.3,26.5,76.7
26/1/2026 9:00,23.6,24.8,57.3,26.3,26.5,76.7
26/1/2026 9:05,25.2,28.1,218.5,29.6,32,310.9
26/1/2026 9:10,25.2,28.1,218.5,29.6,32,310.9
26/1/2026 9:15,25.2,28.1,218.5,29.6,32,310.9
26/1/2026 9:20,26.3,26.5,130,31,28,151.7
26/1/2026 9:25,26.3,26.5,130,31,28,151.7
26/1/2026 9:30,26.3,26.5,130,31,28,151.7
26/1/2026 9:35,25.8,27,197.3,30.8,27.9,337.6
26/1/2026 9:40,25.8,27,197.3,30.8,27.9,337.6
26/1/2026 9:45,25.8,27,197.3,30.8,27.9,337.6
26/1/2026 9:50,26.8,28.3,175.4,31.5,28.3,383.6
26/1/2026 9:55,26.8,28.3,175.4,31.5,28.3,383.6
26/1/2026 10:00,26.8,28.3,175.4,31.5,28.3,383.6
26/1/2026 10:05,30,29,258.9,38.4,30.1,582.2
26/1/2026 10:10,30,29,258.9,38.4,30.1,582.2
26/1/2026 10:15,30,29,258.9,38.4,30.1,582.2
26/1/2026 10:20,28.9,29,561.1,38.7,30.6,622.7
26/1/2026 10:25,28.9,29,561.1,38.7,30.6,622.7
26/1/2026 10:30,28.9,29,561.1,38.7,30.6,622.7
26/1/2026 10:35,29.1,28.1,251.1,38.6,28.5,353.3
26/1/2026 10:40,29.1,28.1,251.1,38.6,28.5,353.3
26/1/2026 10:45,29.1,28.1,251.1,38.6,28.5,353.3
26/1/2026 10:50,29.6,29.8,423.1,41.5,30.5,689.2
26/1/2026 10:55,29.6,29.8,423.1,41.5,30.5,689.2
26/1/2026 11:00,29.6,29.8,423.1,41.5,30.5,689.2
26/1/2026 11:05,29.8,28.6,337.7,41.7,29.1,346.6
26/1/2026 11:10,29.8,28.6,337.7,41.7,29.1,346.6
26/1/2026 11:15,29.8,28.6,337.7,41.7,29.1,346.6
26/1/2026 11:20,30.5,28.3,621.8,40.4,29.2,300.1
26/1/2026 11:25,30.5,28.3,621.8,40.4,29.2,300.1
26/1/2026 11:30,30.5,28.3,621.8,40.4,29.2,300.1
26/1/2026 11:35,30.8,29.2,416.5,44.3,30,903.6
26/1/2026 11:40,30.8,29.2,416.5,44.3,30,903.6
26/1/2026 11:45,30.8,29.2,416.5,44.3,30,903.6
26/1/2026 11:50,30.3,28.3,397.7,41.3,29.4,310.9
26/1/2026 11:55,30.3,28.3,397.7,41.3,29.4,310.9
26/1/2026 12:00,30.3,28.3,397.7,41.3,29.4,310.9
26/1/2026 12:05,29.4,27.6,180.9,39.7,30.6,966
26/1/2026 12:10,29.4,27.6,180.9,39.7,30.6,966
26/1/2026 12:15,29.4,27.6,180.9,39.7,30.6,966
26/1/2026 12:20,31.1,29.2,664.7,43.2,29.3,299.4
26/1/2026 12:25,31.1,29.2,664.7,43.2,29.3,299.4
26/1/2026 12:30,31.1,29.2,664.7,43.2,29.3,299.4
26/1/2026 12:35,30.7,29.1,248.7,38.8,29,263.7
26/1/2026 12:40,30.7,29.1,248.7,38.8,29,263.7
26/1/2026 12:45,30.7,29.1,248.7,38.8,29,263.7
26/1/2026 12:50,30,28.4,256.6,41.1,29.5,267.9
26/1/2026 12:55,30,28.4,256.6,41.1,29.5,267.9
26/1/2026 13:00,30,28.4,256.6,41.1,29.5,267.9
26/1/2026 13:05,29.1,28.1,219.6,40.5,30.6,1078.5
26/1/2026 13:10,29.1,28.1,219.6,40.5,30.6,1078.5
26/1/2026 13:15,29.1,28.1,219.6,40.5,30.6,1078.5
26/1/2026 13:20,30.6,29,604.8,43.1,28.8,298.8
26/1/2026 13:25,30.6,29,604.8,43.1,28.8,298.8
26/1/2026 13:30,30.6,29,604.8,43.1,28.8,298.8
26/1/2026 13:35,32.6,29.7,291.1,42.8,29,1090
26/1/2026 13:40,32.6,29.7,291.1,42.8,29,1090
26/1/2026 13:45,32.6,29.7,291.1,42.8,29,1090
26/1/2026 13:50,31.1,28.6,225.7,47.8,29.1,746.8
26/1/2026 13:55,31.1,28.6,225.7,47.8,29.1,746.8
26/1/2026 14:00,31.1,28.6,225.7,47.8,29.1,746.8
26/1/2026 14:05,31.2,28.5,643,48,30.2,1025.2
26/1/2026 14:10,31.2,28.5,643,48,30.2,1025.2
26/1/2026 14:15,31.2,28.5,643,48,30.2,1025.2
26/1/2026 14:20,32,29.1,953,46.6,29,936.8
26/1/2026 14:25,32,29.1,953,46.6,29,936.8
26/1/2026 14:30,32,29.1,953,46.6,29,936.8
26/1/2026 14:35,32.1,28.9,898.5,48.6,30.5,982.3
26/1/2026 14:40,32.1,28.9,898.5,48.6,30.5,982.3
26/1/2026 14:45,32.1,28.9,898.5,48.6,30.5,982.3
26/1/2026 14:50,33.3,29.6,445.5,49,31.2,1030
26/1/2026 14:55,33.3,29.6,445.5,49,31.2,1030
26/1/2026 15:00,33.3,29.6,445.5,49,31.2,1030
26/1/2026 15:05,32.6,31.7,846.4,44.8,29.4,757.7
26/1/2026 15:10,32.6,31.7,846.4,44.8,29.4,757.7
26/1/2026 15:15,32.6,31.7,846.4,44.8,29.4,757.7
26/1/2026 15:20,33.2,29.7,197.3,45.6,29.1,843.6
26/1/2026 15:25,33.2,29.7,197.3,45.6,29.1,843.6
26/1/2026 15:30,33.2,29.7,197.3,45.6,29.1,843.6
26/1/2026 15:35,31.3,29.9,739.9,48,30.5,827.3
26/1/2026 15:40,31.3,29.9,739.9,48,30.5,827.3
26/1/2026 15:45,31.3,29.9,739.9,48,30.5,827.3
26/1/2026 15:50,32.1,30.6,429.8,44.1,29.8,742.6
26/1/2026 15:55,32.1,30.6,429.8,44.1,29.8,742.6
26/1/2026 16:00,32.1,30.6,429.8,44.1,29.8,742.6
26/1/2026 16:05,31.3,28.6,145.8,42.5,30.1,263.7
26/1/2026 16:10,31.3,28.6,145.8,42.5,30.1,263.7
26/1/2026 16:15,31.3,28.6,145.8,42.5,30.1,263.7
26/1/2026 16:20,30.6,28,134.8,41.6,29.3,381.8
26/1/2026 16:25,30.6,28,134.8,41.6,29.3,381.8
26/1/2026 16:30,30.6,28,134.8,41.6,29.3,381.8
26/1/2026 16:35,31.1,30.3,446.2,41.1,30,574.9
26/1/2026 16:40,31.1,30.3,446.2,41.1,30,574.9
26/1/2026 16:45,31.1,30.3,446.2,41.1,30,574.9
26/1/2026 16:50,30.5,28.6,176,38.1,28.4,254.6
26/1/2026 16:55,30.5,28.6,176,38.1,28.4,254.6
26/1/2026 17:00,30.5,28.6,176,38.1,28.4,254.6
26/1/2026 17:05,29.9,27.8,125.1,36.6,28.4,145.1
26/1/2026 17:10,29.9,27.8,125.1,36.6,28.4,145.1
26/1/2026 17:15,29.9,27.8,125.1,36.6,28.4,145.1
26/1/2026 17:20,27.8,27.1,123.9,31.1,27.5,148.7
26/1/2026 17:25,27.8,27.1,123.9,31.1,27.5,148.7
26/1/2026 17:30,27.8,27.1,123.9,31.1,27.5,148.7
26/1/2026 17:35,27.2,26.8,93.7,30.1,27,112.4
26/1/2026 17:40,27.2,26.8,93.7,30.1,27,112.4
26/1/2026 17:45,27.2,26.8,93.7,30.1,27,112.4
26/1/2026 17:50,27.3,27.1,131.3,30.3,27.4,162.7
26/1/2026 17:55,27.3,27.1,131.3,30.3,27.4,162.7
26/1/2026 18:00,27.3,27.1,131.3,30.3,27.4,162.7
26/1/2026 18:05,27.7,27.4,87.7,31,27.7,110
26/1/2026 18:10,27.7,27.4,87.7,31,27.7,110
26/1/2026 18:15,27.7,27.4,87.7,31,27.7,110
26/1/2026 18:20,27,26.6,46.4,28.8,26.7,57.9
26/1/2026 18:25,27,26.6,46.4,28.8,26.7,57.9
26/1/2026 18:30,27,26.6,46.4,28.8,26.7,57.9
26/1/2026 18:35,26.4,26.3,33.7,27.5,26.5,42.2
26/1/2026 18:40,26.4,26.3,33.7,27.5,26.5,42.2
26/1/2026 18:45,26.4,26.3,33.7,27.5,26.5,42.2
26/1/2026 18:50,26,26.3,11.9,26.2,26.5,15
26/1/2026 18:55,26,26.3,11.9,26.2,26.5,15
26/1/2026 19:00,26,26.3,11.9,26.2,26.5,15
26/1/2026 19:05,25.5,25.6,0,24.6,25.6,0
26/1/2026 19:10,25.5,25.6,0,24.6,25.6,0
26/1/2026 19:15,25.5,25.6,0,24.6,25.6,0
26/1/2026 19:20,24.9,25.2,0,23.8,25.3,0
26/1/2026 19:25,24.9,25.2,0,23.8,25.3,0
26/1/2026 19:30,24.9,25.2,0,23.8,25.3,0
26/1/2026 19:35,24.5,24.7,0,23.1,25,0
26/1/2026 19:40,24.5,24.7,0,23.1,25,0
26/1/2026 19:45,24.5,24.7,0,23.1,25,0
26/1/2026 19:50,24.2,24.5,0,22.5,24.8,0
26/1/2026 19:55,24.2,24.5,0,22.5,24.8,0
26/1/2026 20:00,24.2,24.5,0,22.5,24.8,0
26/1/2026 20:05,24.1,24.6,0,22.3,24.8,0
26/1/2026 20:10,24.1,24.6,0,22.3,24.8,0
26/1/2026 20:15,24.1,24.6,0,22.3,24.8,0
26/1/2026 20:20,24.1,24.6,0,22.4,24.5,0
26/1/2026 20:25,24.1,24.6,0,22.4,24.5,0
26/1/2026 20:30,24.1,24.6,0,22.4,24.5,0
26/1/2026 20:35,24.1,24.6,0,21.8,24.1,0
26/1/2026 20:40,--,--,--,21.8,24.1,0
26/1/2026 20:45,--,--,--,21.8,24.1,0
26/1/2026 20:50,--,--,--,21.5,24,0
26/1/2026 20:55,--,--,--,21.5,24,0
26/1/2026 21:00,--,--,--,21.5,24,0
26/1/2026 21:05,--,--,--,21.3,23.8,0
26/1/2026 21:10,--,--,--,21.3,23.8,0
26/1/2026 21:15,--,--,--,21.3,23.8,0
26/1/2026 21:20,--,--,--,21.3,24,0
26/1/2026 21:25,--,--,--,21.3,24,0
26/1/2026 21:30,--,--,--,21.3,24,0
26/1/2026 21:35,--,--,--,21.3,24.1,0
26/1/2026 21:40,--,--,--,21.3,24.1,0
26/1/2026 21:45,--,--,--,21.3,24.1,0
26/1/2026 21:50,--,--,--,21.2,23.6,0
26/1/2026 21:55,--,--,--,21.2,23.6,0
26/1/2026 22:00,--,--,--,21.2,23.6,0
26/1/2026 22:05,--,--,--,21.3,23.5,0
26/1/2026 22:10,--,--,--,21.3,23.5,0
26/1/2026 22:15,--,--,--,21.3,23.5,0
26/1/2026 22:20,--,--,--,21.6,23.6,0
26/1/2026 22:25,--,--,--,21.6,23.6,0
26/1/2026 22:30,--,--,--,21.6,23.6,0
26/1/2026 22:35,--,--,--,21.3,22.8,0
26/1/2026 22:40,--,--,--,21.3,22.8,0
26/1/2026 22:45,--,--,--,21.3,22.8,0
26/1/2026 22:50,--,--,--,20.7,22.1,0
26/1/2026 22:55,--,--,--,20.7,22.1,0
26/1/2026 23:00,--,--,--,20.7,22.1,0
26/1/2026 23:05,--,--,--,20.3,21.8,0
26/1/2026 23:10,--,--,--,20.3,21.8,0
26/1/2026 23:15,--,--,--,20.3,21.8,0
26/1/2026 23:20,--,--,--,20.4,21.6,0
26/1/2026 23:25,--,--,--,20.4,21.6,0
26/1/2026 23:30,--,--,--,20.4,21.6,0
26/1/2026 23:35,--,--,--,20.4,21.6,0
26/1/2026 23:40,--,--,--,20.4,21.6,0
26/1/2026 23:45,--,--,--,20.4,21.6,0
26/1/2026 23:50,--,--,--,20.5,21.5,0
26/1/2026 23:55,--,--,--,20.5,21.5,0
27/1/2026 0:00,--,--,--,--,--,--
27/1/2026 0:05,--,--,--,--,--,--
27/1/2026 0:10,--,--,--,--,--,--
27/1/2026 0:15,--,--,--,--,--,--
27/1/2026 0:20,--,--,--,19.8,21,0
27/1/2026 0:25,--,--,--,19.8,21,0
27/1/2026 0:30,--,--,--,19.8,21,0
27/1/2026 0:35,--,--,--,19.5,20.9,0
27/1/2026 0:40,--,--,--,19.5,20.9,0
27/1/2026 0:45,--,--,--,19.5,20.9,0
27/1/2026 0:50,--,--,--,19.5,20.8,0
27/1/2026 0:55,--,--,--,19.5,20.8,0
27/1/2026 1:00,--,--,--,19.5,20.8,0
27/1/2026 1:05,--,--,--,19.5,20.8,0
27/1/2026 1:10,--,--,--,19.5,20.8,0
27/1/2026 1:15,--,--,--,19.5,20.8,0
27/1/2026 1:20,--,--,--,19.6,20.9,0
27/1/2026 1:25,--,--,--,19.6,20.9,0
27/1/2026 1:30,--,--,--,19.6,20.9,0
27/1/2026 1:35,--,--,--,20,21.3,0
27/1/2026 1:40,--,--,--,20,21.3,0
27/1/2026 1:45,--,--,--,20,21.3,0
27/1/2026 1:50,--,--,--,20.8,21.1,0
27/1/2026 1:55,--,--,--,20.8,21.1,0
27/1/2026 2:00,--,--,--,20.8,21.1,0
27/1/2026 2:05,--,--,--,20.9,21.4,0
27/1/2026 2:10,--,--,--,20.9,21.4,0
27/1/2026 2:15,--,--,--,20.9,21.4,0
27/1/2026 2:20,--,--,--,20.8,21.6,0
27/1/2026 2:25,--,--,--,20.8,21.6,0
27/1/2026 2:30,--,--,--,20.8,21.6,0
27/1/2026 2:35,--,--,--,20.2,21.3,0
27/1/2026 2:40,--,--,--,20.2,21.3,0
27/1/2026 2:45,--,--,--,20.2,21.3,0
27/1/2026 2:50,--,--,--,20.3,21.6,0
27/1/2026 2:55,--,--,--,20.3,21.6,0
27/1/2026 3:00,--,--,--,20.3,21.6,0
27/1/2026 3:05,--,--,--,20.9,21.8,0
27/1/2026 3:10,--,--,--,20.9,21.8,0
27/1/2026 3:15,--,--,--,20.9,21.8,0
27/1/2026 3:20,--,--,--,20.7,21.8,0
27/1/2026 3:25,--,--,--,20.7,21.8,0
27/1/2026 3:30,--,--,--,20.7,21.8,0
27/1/2026 3:35,--,--,--,20.6,21.6,0
27/1/2026 3:40,--,--,--,20.6,21.6,0
27/1/2026 3:45,--,--,--,20.6,21.6,0
27/1/2026 3:50,--,--,--,20.8,21.8,0
27/1/2026 3:55,--,--,--,20.8,21.8,0
27/1/2026 4:00,--,--,--,20.8,21.8,0
27/1/2026 4:05,--,--,--,20.3,21.4,0
27/1/2026 4:10,--,--,--,20.3,21.4,0
27/1/2026 4:15,--,--,--,20.3,21.4,0
27/1/2026 4:20,--,--,--,20,21.1,0
27/1/2026 4:25,--,--,--,20,21.1,0
27/1/2026 4:30,--,--,--,20,21.1,0
27/1/2026 4:35,--,--,--,20.3,21.1,0
27/1/2026 4:40,--,--,--,20.3,21.1,0
27/1/2026 4:45,--,--,--,20.3,21.1,0
27/1/2026 4:50,--,--,--,20.8,21.4,0
27/1/2026 4:55,--,--,--,20.8,21.4,0
27/1/2026 5:00,--,--,--,20.8,21.4,0
27/1/2026 5:05,--,--,--,21.1,21.6,0
27/1/2026 5:10,--,--,--,21.1,21.6,0
27/1/2026 5:15,--,--,--,21.1,21.6,0
27/1/2026 5:20,--,--,--,21.3,21.7,0
27/1/2026 5:25,--,--,--,21.3,21.7,0
27/1/2026 5:30,--,--,--,21.3,21.7,0
27/1/2026 5:35,--,--,--,21.3,21.8,0
27/1/2026 5:40,--,--,--,21.3,21.8,0
27/1/2026 5:45,--,--,--,21.3,21.8,0
27/1/2026 5:50,--,--,--,20.4,21.6,0
27/1/2026 5:55,--,--,--,20.4,21.6,0
27/1/2026 6:00,--,--,--,20.4,21.6,0
27/1/2026 6:05,--,--,--,20,21.2,0
27/1/2026 6:10,--,--,--,20,21.2,0
27/1/2026 6:15,--,--,--,20,21.2,0
27/1/2026 6:20,--,--,--,19.6,20.9,0
27/1/2026 6:25,--,--,--,19.6,20.9,0
27/1/2026 6:30,--,--,--,19.6,20.9,0
27/1/2026 6:35,--,--,--,19.5,20.6,0
27/1/2026 6:40,--,--,--,19.5,20.6,0
27/1/2026 6:45,--,--,--,19.5,20.6,0
27/1/2026 6:50,--,--,--,19.9,20.8,0
27/1/2026 6:55,--,--,--,19.9,20.8,0
27/1/2026 7:00,--,--,--,19.9,20.8,0
27/1/2026 7:05,--,--,--,19.9,21,0
27/1/2026 7:10,--,--,--,19.9,21,0
27/1/2026 7:15,--,--,--,19.9,21,0
27/1/2026 7:20,20.3,20.8,0,19.7,21,0
27/1/2026 7:25,20.3,20.8,0,19.7,21,0
27/1/2026 7:30,20.3,20.8,0,19.7,21,0
27/1/2026 7:35,20.2,20.5,0,19.7,20.7,0
27/1/2026 7:40,20.2,20.5,0,19.7,20.7,0
27/1/2026 7:45,20.2,20.5,0,19.7,20.7,0
27/1/2026 7:50,20.5,20.8,6.5,20,20.9,9.5
27/1/2026 7:55,20.5,20.8,6.5,20,20.9,9.5
27/1/2026 8:00,20.5,20.8,6.5,20,20.9,9.5
27/1/2026 8:05,21.1,21.6,25.9,21.2,21.7,35.5
27/1/2026 8:10,21.1,21.6,25.9,21.2,21.7,35.5
27/1/2026 8:15,21.1,21.6,25.9,21.2,21.7,35.5
27/1/2026 8:20,22.1,22.3,37.4,22.5,22.4,44.6
27/1/2026 8:25,22.1,22.3,37.4,22.5,22.4,44.6
27/1/2026 8:30,22.1,22.3,37.4,22.5,22.4,44.6
27/1/2026 8:35,22.6,22.6,31.9,23,22.8,41
27/1/2026 8:40,22.6,22.6,31.9,23,22.8,41
27/1/2026 8:45,22.6,22.6,31.9,23,22.8,41
27/1/2026 8:50,23.1,23.3,55.5,23.8,23.4,67
27/1/2026 8:55,23.1,23.3,55.5,23.8,23.4,67
27/1/2026 9:00,23.1,23.3,55.5,23.8,23.4,67
27/1/2026 9:05,23.5,23.7,81,25.1,24.3,97.9
27/1/2026 9:10,23.5,23.7,81,25.1,24.3,97.9
27/1/2026 9:15,23.5,23.7,81,25.1,24.3,97.9
27/1/2026 9:20,24.6,24.5,126.4,27.3,25.1,151.7
27/1/2026 9:25,24.6,24.5,126.4,27.3,25.1,151.7
27/1/2026 9:30,24.6,24.5,126.4,27.3,25.1,151.7
27/1/2026 9:35,24.3,25.2,129.4,28.6,25.2,163.9
27/1/2026 9:40,24.3,25.2,129.4,28.6,25.2,163.9
27/1/2026 9:45,24.3,25.2,129.4,28.6,25.2,163.9
27/1/2026 9:50,24.6,27.3,377.7,29.5,28.7,479.8
27/1/2026 9:55,24.6,27.3,377.7,29.5,28.7,479.8
27/1/2026 10:00,24.6,27.3,377.7,29.5,28.7,479.8
27/1/2026 10:05,27.3,28,400.7,37.6,29.3,472.6
27/1/2026 10:10,27.3,28,400.7,37.6,29.3,472.6
27/1/2026 10:15,27.3,28,400.7,37.6,29.3,472.6
27/1/2026 10:20,29.2,29.3,432.2,39.4,29.7,498.6
27/1/2026 10:25,29.2,29.3,432.2,39.4,29.7,498.6
27/1/2026 10:30,29.2,29.3,432.2,39.4,29.7,498.6
27/1/2026 10:35,28.3,27.6,216,35.7,28.6,489
27/1/2026 10:40,28.3,27.6,216,35.7,28.6,489
27/1/2026 10:45,28.3,27.6,216,35.7,28.6,489
27/1/2026 10:50,28.5,27.6,265.1,35.5,27.9,385.4
27/1/2026 10:55,28.5,27.6,265.1,35.5,27.9,385.4
27/1/2026 11:00,28.5,27.6,265.1,35.5,27.9,385.4
27/1/2026 11:05,28.7,27.8,549.1,37.6,29,641.4
27/1/2026 11:10,28.7,27.8,549.1,37.6,29,641.4
27/1/2026 11:15,28.7,27.8,549.1,37.6,29,641.4
27/1/2026 11:20,28.6,28,279.6,40.2,29.1,309.7
27/1/2026 11:25,28.6,28,279.6,40.2,29.1,309.7
27/1/2026 11:30,28.6,28,279.6,40.2,29.1,309.7
27/1/2026 11:35,29.6,28.8,592,43.1,30.6,447.1
27/1/2026 11:40,29.6,28.8,592,43.1,30.6,447.1
27/1/2026 11:45,29.6,28.8,592,43.1,30.6,447.1
27/1/2026 11:50,29.8,28.6,564.8,42.1,29.6,404.1
27/1/2026 11:55,29.8,28.6,564.8,42.1,29.6,404.1
27/1/2026 12:00,29.8,28.6,564.8,42.1,29.6,404.1
27/1/2026 12:05,30.3,28.4,594.5,39.5,29.1,486.5
27/1/2026 12:10,30.3,28.4,594.5,39.5,29.1,486.5
27/1/2026 12:15,30.3,28.4,594.5,39.5,29.1,486.5
27/1/2026 12:20,31,29,527.2,43.4,29.5,345.4
27/1/2026 12:25,31,29,527.2,43.4,29.5,345.4
27/1/2026 12:30,31,29,527.2,43.4,29.5,345.4
27/1/2026 12:35,31.6,29.8,383.2,41.5,29.1,399.3
27/1/2026 12:40,31.6,29.8,383.2,41.5,29.1,399.3
27/1/2026 12:45,31.6,29.8,383.2,41.5,29.1,399.3
27/1/2026 12:50,31.3,28.8,564.3,44.6,30.9,819.4
27/1/2026 12:55,31.3,28.8,564.3,44.6,30.9,819.4
27/1/2026 13:00,31.3,28.8,564.3,44.6,30.9,819.4
27/1/2026 13:05,32,29,742.2,46.1,30.3,829.1
27/1/2026 13:10,32,29,742.2,46.1,30.3,829.1
27/1/2026 13:15,32,29,742.2,46.1,30.3,829.1
27/1/2026 13:20,32.6,29.1,646.6,43.1,30.5,503.5
27/1/2026 13:25,32.6,29.1,646.6,43.1,30.5,503.5
27/1/2026 13:30,32.6,29.1,646.6,43.1,30.5,503.5
27/1/2026 13:35,31.7,28.8,540,43.6,30.1,625.1
27/1/2026 13:40,31.7,28.8,540,43.6,30.1,625.1
27/1/2026 13:45,31.7,28.8,540,43.6,30.1,625.1
27/1/2026 13:50,32,28.8,580,43.2,29.6,634.2
27/1/2026 13:55,32,28.8,580,43.2,29.6,634.2
27/1/2026 14:00,32,28.8,580,43.2,29.6,634.2
27/1/2026 14:05,31.5,29,621.8,44.7,29.9,683.2
27/1/2026 14:10,31.5,29,621.8,44.7,29.9,683.2
27/1/2026 14:15,31.5,29,621.8,44.7,29.9,683.2
27/1/2026 14:20,31.2,28.9,546.6,42.7,28.6,619
27/1/2026 14:25,31.2,28.9,546.6,42.7,28.6,619
27/1/2026 14:30,31.2,28.9,546.6,42.7,28.6,619
27/1/2026 14:35,30.7,28.2,606,44.5,29.6,680.8
27/1/2026 14:40,30.7,28.2,606,44.5,29.6,680.8
27/1/2026 14:45,30.7,28.2,606,44.5,29.6,680.8
27/1/2026 14:50,31.6,28.6,558.8,44.9,29.3,649.4
27/1/2026 14:55,31.6,28.6,558.8,44.9,29.3,649.4
27/1/2026 15:00,31.6,28.6,558.8,44.9,29.3,649.4
27/1/2026 15:05,31.5,29.2,538.2,43,29.7,604.5
27/1/2026 15:10,31.5,29.2,538.2,43,29.7,604.5
27/1/2026 15:15,31.5,29.2,538.2,43,29.7,604.5
27/1/2026 15:20,31.1,28.8,406.8,41.8,29.3,474.3
27/1/2026 15:25,31.1,28.8,406.8,41.8,29.3,474.3
27/1/2026 15:30,31.1,28.8,406.8,41.8,29.3,474.3
27/1/2026 15:35,30.1,28.1,369.8,39.4,28.8,436.8
27/1/2026 15:40,30.1,28.1,369.8,39.4,28.8,436.8
27/1/2026 15:45,30.1,28.1,369.8,39.4,28.8,436.8
27/1/2026 15:50,29.6,28.6,292.9,37.1,28.2,360.6
27/1/2026 15:55,29.6,28.6,292.9,37.1,28.2,360.6
27/1/2026 16:00,29.6,28.6,292.9,37.1,28.2,360.6
27/1/2026 16:05,29.6,28.6,367.4,36.9,28.8,393.9
27/1/2026 16:10,29.6,28.6,367.4,36.9,28.8,393.9
27/1/2026 16:15,29.6,28.6,367.4,36.9,28.8,393.9
27/1/2026 16:20,29.9,28.5,219,37.3,28.3,271.6
27/1/2026 16:25,29.9,28.5,219,37.3,28.3,271.6
27/1/2026 16:30,29.9,28.5,219,37.3,28.3,271.6
27/1/2026 16:35,28.8,27.3,226.3,34.3,28.2,275.2
27/1/2026 16:40,28.8,27.3,226.3,34.3,28.2,275.2
27/1/2026 16:45,28.8,27.3,226.3,34.3,28.2,275.2
27/1/2026 16:50,29.6,29.4,279.6,36.2,28.8,318.2
27/1/2026 16:55,29.6,29.4,279.6,36.2,28.8,318.2
27/1/2026 17:00,29.6,29.4,279.6,36.2,28.8,318.2
27/1/2026 17:05,28.6,27.6,200.8,34,28.1,293.4
27/1/2026 17:10,28.6,27.6,200.8,34,28.1,293.4
27/1/2026 17:15,28.6,27.6,200.8,34,28.1,293.4
27/1/2026 17:20,28,28,170,33.1,28.1,222.6
27/1/2026 17:25,28,28,170,33.1,28.1,222.6
27/1/2026 17:30,28,28,170,33.1,28.1,222.6
27/1/2026 17:35,27.5,26.8,107.6,30.9,27.1,123.9
27/1/2026 17:40,27.5,26.8,107.6,30.9,27.1,123.9
27/1/2026 17:45,27.5,26.8,107.6,30.9,27.1,123.9
27/1/2026 17:50,27,26.6,79.2,29.6,27,95.5
27/1/2026 17:55,27,26.6,79.2,29.6,27,95.5
27/1/2026 18:00,27,26.6,79.2,29.6,27,95.5
27/1/2026 18:05,26.6,26.4,48.9,28.1,26.4,59.1
27/1/2026 18:10,26.6,26.4,48.9,28.1,26.4,59.1
27/1/2026 18:15,26.6,26.4,48.9,28.1,26.4,59.1
27/1/2026 18:20,26.3,26.1,24,27.2,26.3,28.8
27/1/2026 18:25,26.3,26.1,24,27.2,26.3,28.8
27/1/2026 18:30,26.3,26.1,24,27.2,26.3,28.8
27/1/2026 18:35,26.1,26,15.5,26.5,26.1,19.2
27/1/2026 18:40,26.1,26,15.5,26.5,26.1,19.2
27/1/2026 18:45,26.1,26,15.5,26.5,26.1,19.2
27/1/2026 18:50,25.8,25.8,7,26,26,10.7
27/1/2026 18:55,25.8,25.8,7,26,26,10.7
27/1/2026 19:00,25.8,25.8,7,26,26,10.7
27/1/2026 19:05,25.7,25.8,0,25.5,25.8,0
27/1/2026 19:10,25.7,25.8,0,25.5,25.8,0
27/1/2026 19:15,25.7,25.8,0,25.5,25.8,0
27/1/2026 19:20,25.5,25.6,0,24.8,25.6,0
27/1/2026 19:25,25.5,25.6,0,24.8,25.6,0
27/1/2026 19:30,25.5,25.6,0,24.8,25.6,0
27/1/2026 19:35,25.2,25.5,0,24.1,25.5,0
27/1/2026 19:40,25.2,25.5,0,24.1,25.5,0
27/1/2026 19:45,25.2,25.5,0,24.1,25.5,0
27/1/2026 19:50,25,25.3,0,23.8,25.3,0
27/1/2026 19:55,25,25.3,0,23.8,25.3,0
27/1/2026 20:00,25,25.3,0,23.8,25.3,0
27/1/2026 20:05,25,25.3,0,23.2,25.1,0
27/1/2026 20:10,25,25.3,0,23.2,25.1,0
27/1/2026 20:15,25,25.3,0,23.2,25.1,0
27/1/2026 20:20,25,25.3,0,23,24.8,0
27/1/2026 20:25,25,25.3,0,23,24.8,0
27/1/2026 20:30,25,25.3,0,23,24.8,0
27/1/2026 20:35,25,25.3,0,23,25.1,0
27/1/2026 20:40,--,--,--,23,25.1,0
27/1/2026 20:45,--,--,--,23,25.1,0
27/1/2026 20:50,--,--,--,22.8,24.8,0
27/1/2026 20:55,--,--,--,22.8,24.8,0
27/1/2026 21:00,--,--,--,22.8,24.8,0
27/1/2026 21:05,--,--,--,22.4,24.7,0
27/1/2026 21:10,--,--,--,22.4,24.7,0
27/1/2026 21:15,--,--,--,22.4,24.7,0
27/1/2026 21:20,--,--,--,21.6,24.1,0
27/1/2026 21:25,--,--,--,21.6,24.1,0
27/1/2026 21:30,--,--,--,21.6,24.1,0
27/1/2026 21:35,--,--,--,21.3,23.8,0
27/1/2026 21:40,--,--,--,21.3,23.8,0
27/1/2026 21:45,--,--,--,21.3,23.8,0
27/1/2026 21:50,--,--,--,21.2,23.2,0
27/1/2026 21:55,--,--,--,21.2,23.2,0
27/1/2026 22:00,--,--,--,21.2,23.2,0
27/1/2026 22:05,--,--,--,21.7,23,0
27/1/2026 22:10,--,--,--,21.7,23,0
27/1/2026 22:15,--,--,--,21.7,23,0
27/1/2026 22:20,--,--,--,22.3,24.2,0
27/1/2026 22:25,--,--,--,22.3,24.2,0
27/1/2026 22:30,--,--,--,22.3,24.2,0
27/1/2026 22:35,--,--,--,22.6,24,0
27/1/2026 22:40,--,--,--,22.6,24,0
27/1/2026 22:45,--,--,--,22.6,24,0
27/1/2026 22:50,--,--,--,23,24.6,0
27/1/2026 22:55,--,--,--,23,24.6,0
27/1/2026 23:00,--,--,--,23,24.6,0
27/1/2026 23:05,--,--,--,23.4,24.8,0
27/1/2026 23:10,--,--,--,23.4,24.8,0
27/1/2026 23:15,--,--,--,23.4,24.8,0
27/1/2026 23:20,--,--,--,23.5,24.9,0
27/1/2026 23:25,--,--,--,23.5,24.9,0
27/1/2026 23:30,--,--,--,23.5,24.9,0
27/1/2026 23:35,--,--,--,23.4,24.9,0
27/1/2026 23:40,--,--,--,23.4,24.9,0
27/1/2026 23:45,--,--,--,23.4,24.9,0
27/1/2026 23:50,--,--,--,23.3,24.6,0
27/1/2026 23:55,--,--,--,23.3,24.6,0
28/1/2026 0:00,--,--,--,--,--,--
28/1/2026 0:05,--,--,--,--,--,--
28/1/2026 0:10,--,--,--,--,--,--
28/1/2026 0:15,--,--,--,--,--,--
28/1/2026 0:20,--,--,--,23.6,24.3,0
28/1/2026 0:25,--,--,--,23.6,24.3,0
28/1/2026 0:30,--,--,--,23.6,24.3,0
28/1/2026 0:35,--,--,--,23.5,23.9,0
28/1/2026 0:40,--,--,--,23.5,23.9,0
28/1/2026 0:45,--,--,--,23.5,23.9,0
28/1/2026 0:50,--,--,--,23.4,24.3,0
28/1/2026 0:55,--,--,--,23.4,24.3,0
28/1/2026 1:00,--,--,--,23.4,24.3,0
28/1/2026 1:05,--,--,--,23.5,23.9,0
28/1/2026 1:10,--,--,--,23.5,23.9,0
28/1/2026 1:15,--,--,--,23.5,23.9,0
28/1/2026 1:20,--,--,--,23,24,0
28/1/2026 1:25,--,--,--,23,24,0
28/1/2026 1:30,--,--,--,23,24,0
28/1/2026 1:35,--,--,--,22.8,24,0
28/1/2026 1:40,--,--,--,22.8,24,0
28/1/2026 1:45,--,--,--,22.8,24,0
28/1/2026 1:50,--,--,--,23.3,24,0
28/1/2026 1:55,--,--,--,23.3,24,0
28/1/2026 2:00,--,--,--,23.3,24,0
28/1/2026 2:05,--,--,--,23.3,24,0
28/1/2026 2:10,--,--,--,23.3,24,0
28/1/2026 2:15,--,--,--,23.3,24,0
28/1/2026 2:20,--,--,--,23.2,23.6,0
28/1/2026 2:25,--,--,--,23.2,23.6,0
28/1/2026 2:30,--,--,--,23.2,23.6,0
28/1/2026 2:35,--,--,--,23.3,24,0
28/1/2026 2:40,--,--,--,23.3,24,0
28/1/2026 2:45,--,--,--,23.3,24,0
28/1/2026 2:50,--,--,--,23,23.6,0
28/1/2026 2:55,--,--,--,23,23.6,0
28/1/2026 3:00,--,--,--,23,23.6,0
28/1/2026 3:05,--,--,--,23,23.6,0
28/1/2026 3:10,--,--,--,23,23.6,0
28/1/2026 3:15,--,--,--,23,23.6,0
28/1/2026 3:20,--,--,--,23,23.7,0
28/1/2026 3:25,--,--,--,23,23.7,0
28/1/2026 3:30,--,--,--,23,23.7,0
28/1/2026 3:35,--,--,--,23,23.8,0
28/1/2026 3:40,--,--,--,23,23.8,0
28/1/2026 3:45,--,--,--,23,23.8,0
28/1/2026 3:50,--,--,--,23.2,23.8,0
28/1/2026 3:55,--,--,--,23.2,23.8,0
28/1/2026 4:00,--,--,--,23.2,23.8,0
28/1/2026 4:05,--,--,--,23.1,23.6,0
28/1/2026 4:10,--,--,--,23.1,23.6,0
28/1/2026 4:15,--,--,--,23.1,23.6,0
28/1/2026 4:20,--,--,--,23,23.6,0
28/1/2026 4:25,--,--,--,23,23.6,0
28/1/2026 4:30,--,--,--,23,23.6,0
28/1/2026 4:35,--,--,--,23,23.8,0
28/1/2026 4:40,--,--,--,23,23.8,0
28/1/2026 4:45,--,--,--,23,23.8,0
28/1/2026 4:50,--,--,--,23.1,23.7,0
28/1/2026 4:55,--,--,--,23.1,23.7,0
28/1/2026 5:00,--,--,--,23.1,23.7,0
28/1/2026 5:05,--,--,--,23.1,23.6,0
28/1/2026 5:10,--,--,--,23.1,23.6,0
28/1/2026 5:15,--,--,--,23.1,23.6,0
28/1/2026 5:20,--,--,--,23.1,23.6,0
28/1/2026 5:25,--,--,--,23.1,23.6,0
28/1/2026 5:30,--,--,--,23.1,23.6,0
28/1/2026 5:35,--,--,--,23.1,23.6,0
28/1/2026 5:40,--,--,--,23.1,23.6,0
28/1/2026 5:45,--,--,--,23.1,23.6,0
28/1/2026 5:50,--,--,--,22.8,23.5,0
28/1/2026 5:55,--,--,--,22.8,23.5,0
28/1/2026 6:00,--,--,--,22.8,23.5,0
28/1/2026 6:05,--,--,--,22.6,23.5,0
28/1/2026 6:10,--,--,--,22.6,23.5,0
28/1/2026 6:15,--,--,--,22.6,23.5,0
28/1/2026 6:20,--,--,--,22.6,23.5,0
28/1/2026 6:25,--,--,--,22.6,23.5,0
28/1/2026 6:30,--,--,--,22.6,23.5,0
28/1/2026 6:35,--,--,--,22.5,23.6,0
28/1/2026 6:40,--,--,--,22.5,23.6,0
28/1/2026 6:45,--,--,--,22.5,23.6,0
28/1/2026 6:50,--,--,--,22.6,23.8,0
28/1/2026 6:55,--,--,--,22.6,23.8,0
28/1/2026 7:00,--,--,--,22.6,23.8,0
28/1/2026 7:05,--,--,--,23.2,24,0
28/1/2026 7:10,--,--,--,23.2,24,0
28/1/2026 7:15,--,--,--,23.2,24,0
28/1/2026 7:20,23.3,23.6,0,23,23.7,0
28/1/2026 7:25,23.3,23.6,0,23,23.7,0
28/1/2026 7:30,23.3,23.6,0,23,23.7,0
28/1/2026 7:35,23.3,23.6,0,23.1,23.6,0
28/1/2026 7:40,23.3,23.6,0,23.1,23.6,0
28/1/2026 7:45,23.3,23.6,0,23.1,23.6,0
28/1/2026 7:50,23.3,23.5,0,23.3,23.9,5.3
28/1/2026 7:55,23.3,23.5,0,23.3,23.9,5.3
28/1/2026 8:00,23.3,23.5,0,23.3,23.9,5.3
28/1/2026 8:05,23.5,23.9,14.3,23.8,24,21
28/1/2026 8:10,23.5,23.9,14.3,23.8,24,21
28/1/2026 8:15,23.5,23.9,14.3,23.8,24,21
28/1/2026 8:20,23.9,24.1,34.4,24.7,24.3,40.3
28/1/2026 8:25,23.9,24.1,34.4,24.7,24.3,40.3
28/1/2026 8:30,23.9,24.1,34.4,24.7,24.3,40.3
28/1/2026 8:35,24.5,25,82.8,26.5,26,119
28/1/2026 8:40,24.5,25,82.8,26.5,26,119
28/1/2026 8:45,24.5,25,82.8,26.5,26,119
28/1/2026 8:50,25.6,26,151.2,28.5,26.8,194.7
28/1/2026 8:55,25.6,26,151.2,28.5,26.8,194.7
28/1/2026 9:00,25.6,26,151.2,28.5,26.8,194.7
28/1/2026 9:05,26.3,26.4,194.8,29.8,26.7,257.1
28/1/2026 9:10,26.3,26.4,194.8,29.8,26.7,257.1
28/1/2026 9:15,26.3,26.4,194.8,29.8,26.7,257.1
28/1/2026 9:20,27.5,27,250.5,32.8,29.8,347.3
28/1/2026 9:25,27.5,27,250.5,32.8,29.8,347.3
28/1/2026 9:30,27.5,27,250.5,32.8,29.8,347.3
28/1/2026 9:35,27,26.5,142.7,32.5,29.1,242.6
28/1/2026 9:40,27,26.5,142.7,32.5,29.1,242.6
28/1/2026 9:45,27,26.5,142.7,32.5,29.1,242.6
28/1/2026 9:50,27.1,27,226.9,32.5,28.3,539.2
28/1/2026 9:55,27.1,27,226.9,32.5,28.3,539.2
28/1/2026 10:00,27.1,27,226.9,32.5,28.3,539.2
28/1/2026 10:05,28.9,27.8,387.4,37.5,28.6,530.7
28/1/2026 10:10,28.9,27.8,387.4,37.5,28.6,530.7
28/1/2026 10:15,28.9,27.8,387.4,37.5,28.6,530.7
28/1/2026 10:20,29.1,28.3,378.9,37.1,29,413.3
28/1/2026 10:25,29.1,28.3,378.9,37.1,29,413.3
28/1/2026 10:30,29.1,28.3,378.9,37.1,29,413.3
28/1/2026 10:35,29.8,28.8,525.5,40.5,30.5,578.5
28/1/2026 10:40,29.8,28.8,525.5,40.5,30.5,578.5
28/1/2026 10:45,29.8,28.8,525.5,40.5,30.5,578.5
28/1/2026 10:50,30.7,28.1,291.1,43.7,30.4,295.8
28/1/2026 10:55,30.7,28.1,291.1,43.7,30.4,295.8
28/1/2026 11:00,30.7,28.1,291.1,43.7,30.4,295.8
28/1/2026 11:05,30.1,28.6,263.8,42.4,29.5,330.3
28/1/2026 11:10,30.1,28.6,263.8,42.4,29.5,330.3
28/1/2026 11:15,30.1,28.6,263.8,42.4,29.5,330.3
28/1/2026 11:20,29,27.4,210.5,36.6,29.1,297.6
28/1/2026 11:25,29,27.4,210.5,36.6,29.1,297.6
28/1/2026 11:30,29,27.4,210.5,36.6,29.1,297.6
28/1/2026 11:35,29.1,28,265.1,38.1,28.6,344.8
28/1/2026 11:40,29.1,28,265.1,38.1,28.6,344.8
28/1/2026 11:45,29.1,28,265.1,38.1,28.6,344.8
28/1/2026 11:50,28.6,27.1,95.5,35.7,27.3,114.8
28/1/2026 11:55,28.6,27.1,95.5,35.7,27.3,114.8
28/1/2026 12:00,28.6,27.1,95.5,35.7,27.3,114.8
28/1/2026 12:05,28,27.8,344.4,33.5,28,274.6
28/1/2026 12:10,28,27.8,344.4,33.5,28,274.6
28/1/2026 12:15,28,27.8,344.4,33.5,28,274.6
28/1/2026 12:20,27.5,26.8,79.7,31.9,26.9,94.2
28/1/2026 12:25,27.5,26.8,79.7,31.9,26.9,94.2
28/1/2026 12:30,27.5,26.8,79.7,31.9,26.9,94.2
28/1/2026 12:35,27.6,27.3,306.2,32.3,28.5,658.4
28/1/2026 12:40,27.6,27.3,306.2,32.3,28.5,658.4
28/1/2026 12:45,27.6,27.3,306.2,32.3,28.5,658.4
28/1/2026 12:50,29.6,27.9,149.3,37.8,28.1,159.6
28/1/2026 12:55,29.6,27.9,149.3,37.8,28.1,159.6
28/1/2026 13:00,29.6,27.9,149.3,37.8,28.1,159.6
28/1/2026 13:05,28.5,27.3,190.6,33.3,27.9,216.5
28/1/2026 13:10,28.5,27.3,190.6,33.3,27.9,216.5
28/1/2026 13:15,28.5,27.3,190.6,33.3,27.9,216.5
28/1/2026 13:20,29,28.1,188.1,33.5,27.8,221.9
28/1/2026 13:25,29,28.1,188.1,33.5,27.8,221.9
28/1/2026 13:30,29,28.1,188.1,33.5,27.8,221.9
28/1/2026 13:35,30,29.3,376.5,37.4,28.3,340
28/1/2026 13:40,30,29.3,376.5,37.4,28.3,340
28/1/2026 13:45,30,29.3,376.5,37.4,28.3,340
28/1/2026 13:50,28.1,27,137.3,32.4,27.3,157.8
28/1/2026 13:55,28.1,27,137.3,32.4,27.3,157.8
28/1/2026 14:00,28.1,27,137.3,32.4,27.3,157.8
28/1/2026 14:05,28.3,27.6,174.2,32.6,27.8,196.5
28/1/2026 14:10,28.3,27.6,174.2,32.6,27.8,196.5
28/1/2026 14:15,28.3,27.6,174.2,32.6,27.8,196.5
28/1/2026 14:20,28.4,27.8,252.4,33.9,28.1,315.8
28/1/2026 14:25,28.4,27.8,252.4,33.9,28.1,315.8
28/1/2026 14:30,28.4,27.8,252.4,33.9,28.1,315.8
28/1/2026 14:35,29,28,179.1,34.3,27.6,193.5
28/1/2026 14:40,29,28,179.1,34.3,27.6,193.5
28/1/2026 14:45,29,28,179.1,34.3,27.6,193.5
28/1/2026 14:50,28.6,27.5,208.1,33.1,27.5,238.3
28/1/2026 14:55,28.6,27.5,208.1,33.1,27.5,238.3
28/1/2026 15:00,28.6,27.5,208.1,33.1,27.5,238.3
28/1/2026 15:05,28.9,27.6,219,34.2,28.8,331.6
28/1/2026 15:10,28.9,27.6,219,34.2,28.8,331.6
28/1/2026 15:15,28.9,27.6,219,34.2,28.8,331.6
28/1/2026 15:20,29.4,27.5,139.7,34.5,28.1,163.2
28/1/2026 15:25,29.4,27.5,139.7,34.5,28.1,163.2
28/1/2026 15:30,29.4,27.5,139.7,34.5,28.1,163.2
28/1/2026 15:35,28,27.3,237.8,32.7,27.8,314.6
28/1/2026 15:40,28,27.3,237.8,32.7,27.8,314.6
28/1/2026 15:45,28,27.3,237.8,32.7,27.8,314.6
28/1/2026 15:50,28.6,27.5,145.8,33.9,27.7,174.2
28/1/2026 15:55,28.6,27.5,145.8,33.9,27.7,174.2
28/1/2026 16:00,28.6,27.5,145.8,33.9,27.7,174.2
28/1/2026 16:05,27.8,27.2,100.4,30.7,27,124.5
28/1/2026 16:10,27.8,27.2,100.4,30.7,27,124.5
28/1/2026 16:15,27.8,27.2,100.4,30.7,27,124.5
28/1/2026 16:20,28.1,27.3,193,32.2,27.8,217.7
28/1/2026 16:25,28.1,27.3,193,32.2,27.8,217.7
28/1/2026 16:30,28.1,27.3,193,32.2,27.8,217.7
28/1/2026 16:35,28.2,27.3,135.5,33.4,27.3,149.3
28/1/2026 16:40,28.2,27.3,135.5,33.4,27.3,149.3
28/1/2026 16:45,28.2,27.3,135.5,33.4,27.3,149.3
28/1/2026 16:50,27.7,27.1,104.6,30.9,27.1,120.9
28/1/2026 16:55,27.7,27.1,104.6,30.9,27.1,120.9
28/1/2026 17:00,27.7,27.1,104.6,30.9,27.1,120.9
28/1/2026 17:05,27.5,27,135.5,30.1,27.1,160.8
28/1/2026 17:10,27.5,27,135.5,30.1,27.1,160.8
28/1/2026 17:15,27.5,27,135.5,30.1,27.1,160.8
28/1/2026 17:20,27.8,28.5,342.6,32.8,29.7,427.8
28/1/2026 17:25,27.8,28.5,342.6,32.8,29.7,427.8
28/1/2026 17:30,27.8,28.5,342.6,32.8,29.7,427.8
28/1/2026 17:35,28.6,27.5,125.8,33.6,27.5,160.2
28/1/2026 17:40,28.6,27.5,125.8,33.6,27.5,160.2
28/1/2026 17:45,28.6,27.5,125.8,33.6,27.5,160.2
28/1/2026 17:50,27.4,26.7,84,30.3,27.1,99
28/1/2026 17:55,27.4,26.7,84,30.3,27.1,99
28/1/2026 18:00,27.4,26.7,84,30.3,27.1,99
28/1/2026 18:05,27.1,26.7,78.5,29.3,27,89.4
28/1/2026 18:10,27.1,26.7,78.5,29.3,27,89.4
28/1/2026 18:15,27.1,26.7,78.5,29.3,27,89.4
28/1/2026 18:20,26.7,26.4,40.9,28.1,26.6,49.5
28/1/2026 18:25,26.7,26.4,40.9,28.1,26.6,49.5
28/1/2026 18:30,26.7,26.4,40.9,28.1,26.6,49.5
28/1/2026 18:35,26.4,26.1,13.7,27.1,26.3,16.1
28/1/2026 18:40,26.4,26.1,13.7,27.1,26.3,16.1
28/1/2026 18:45,26.4,26.1,13.7,27.1,26.3,16.1
28/1/2026 18:50,26.1,26,0,26.3,26.2,6.5
28/1/2026 18:55,26.1,26,0,26.3,26.2,6.5
28/1/2026 19:00,26.1,26,0,26.3,26.2,6.5
28/1/2026 19:05,25.8,25.9,0,25.8,26,0
28/1/2026 19:10,25.8,25.9,0,25.8,26,0
28/1/2026 19:15,25.8,25.9,0,25.8,26,0
28/1/2026 19:20,25.6,25.8,0,25.3,25.9,0
28/1/2026 19:25,25.6,25.8,0,25.3,25.9,0
28/1/2026 19:30,25.6,25.8,0,25.3,25.9,0
28/1/2026 19:35,25.5,25.7,0,25.1,25.8,0
28/1/2026 19:40,25.5,25.7,0,25.1,25.8,0
28/1/2026 19:45,25.5,25.7,0,25.1,25.8,0
28/1/2026 19:50,25.5,25.7,0,25,25.8,0
28/1/2026 19:55,25.5,25.7,0,25,25.8,0
28/1/2026 20:00,25.5,25.7,0,25,25.8,0
28/1/2026 20:05,25.5,25.7,0,24.9,25.6,0
28/1/2026 20:10,25.5,25.7,0,24.9,25.6,0
28/1/2026 20:15,25.5,25.7,0,24.9,25.6,0
28/1/2026 20:20,25.5,25.7,0,24.3,25.6,0
28/1/2026 20:25,--,--,--,24.3,25.6,0
28/1/2026 20:30,--,--,--,24.3,25.6,0
28/1/2026 20:35,--,--,--,24.5,25.6,0
28/1/2026 20:40,--,--,--,24.5,25.6,0
28/1/2026 20:45,--,--,--,24.5,25.6,0
28/1/2026 20:50,--,--,--,24.6,25.7,0
28/1/2026 20:55,--,--,--,24.6,25.7,0
28/1/2026 21:00,--,--,--,24.6,25.7,0
28/1/2026 21:05,--,--,--,24.8,25.8,0
28/1/2026 21:10,--,--,--,24.8,25.8,0
28/1/2026 21:15,--,--,--,24.8,25.8,0
28/1/2026 21:20,--,--,--,25.1,25.8,0
28/1/2026 21:25,--,--,--,25.1,25.8,0
28/1/2026 21:30,--,--,--,25.1,25.8,0
28/1/2026 21:35,--,--,--,25,25.7,0
28/1/2026 21:40,--,--,--,25,25.7,0
28/1/2026 21:45,--,--,--,25,25.7,0
28/1/2026 21:50,--,--,--,24.8,25.6,0
28/1/2026 21:55,--,--,--,24.8,25.6,0
28/1/2026 22:00,--,--,--,24.8,25.6,0
28/1/2026 22:05,--,--,--,24.8,25.6,0
28/1/2026 22:10,--,--,--,24.8,25.6,0
28/1/2026 22:15,--,--,--,24.8,25.6,0
28/1/2026 22:20,--,--,--,24.8,25.8,0
28/1/2026 22:25,--,--,--,24.8,25.8,0
28/1/2026 22:30,--,--,--,24.8,25.8,0
28/1/2026 22:35,--,--,--,25,25.7,0
28/1/2026 22:40,--,--,--,25,25.7,0
28/1/2026 22:45,--,--,--,25,25.7,0
28/1/2026 22:50,--,--,--,25.1,25.9,0
28/1/2026 22:55,--,--,--,25.1,25.9,0
28/1/2026 23:00,--,--,--,25.1,25.9,0
28/1/2026 23:05,--,--,--,24.9,25.7,0
28/1/2026 23:10,--,--,--,24.9,25.7,0
28/1/2026 23:15,--,--,--,24.9,25.7,0
28/1/2026 23:20,--,--,--,24,25.5,0
28/1/2026 23:25,--,--,--,24,25.5,0
28/1/2026 23:30,--,--,--,24,25.5,0
28/1/2026 23:35,--,--,--,23.9,25.6,0
28/1/2026 23:40,--,--,--,23.9,25.6,0
28/1/2026 23:45,--,--,--,23.9,25.6,0
28/1/2026 23:50,--,--,--,24.1,25.4,0
28/1/2026 23:55,--,--,--,24.1,25.4,0
29/1/2026 0:00,--,--,--,--,--,--
29/1/2026 0:05,--,--,--,--,--,--
29/1/2026 0:10,--,--,--,--,--,--
29/1/2026 0:15,--,--,--,--,--,--
29/1/2026 0:20,--,--,--,23.8,25.2,0
29/1/2026 0:25,--,--,--,23.8,25.2,0
29/1/2026 0:30,--,--,--,23.8,25.2,0
29/1/2026 0:35,--,--,--,23.6,25.1,0
29/1/2026 0:40,--,--,--,23.6,25.1,0
29/1/2026 0:45,--,--,--,23.6,25.1,0
29/1/2026 0:50,--,--,--,23.6,25.3,0
29/1/2026 0:55,--,--,--,23.6,25.3,0
29/1/2026 1:00,--,--,--,23.6,25.3,0
29/1/2026 1:05,--,--,--,24,25.3,0
29/1/2026 1:10,--,--,--,24,25.3,0
29/1/2026 1:15,--,--,--,24,25.3,0
29/1/2026 1:20,--,--,--,24,25.3,0
29/1/2026 1:25,--,--,--,24,25.3,0
29/1/2026 1:30,--,--,--,24,25.3,0
29/1/2026 1:35,--,--,--,24.1,25.3,0
29/1/2026 1:40,--,--,--,24.1,25.3,0
29/1/2026 1:45,--,--,--,24.1,25.3,0
29/1/2026 1:50,--,--,--,24.1,25.2,0
29/1/2026 1:55,--,--,--,24.1,25.2,0
29/1/2026 2:00,--,--,--,24.1,25.2,0
29/1/2026 2:05,24.8,25.1,0,24.4,25.3,0
29/1/2026 2:10,24.8,25.1,0,24.4,25.3,0
29/1/2026 2:15,24.8,25.1,0,24.4,25.3,0
29/1/2026 2:20,24.7,25.1,0,24,25.1,0
29/1/2026 2:25,24.7,25.1,0,24,25.1,0
29/1/2026 2:30,24.7,25.1,0,24,25.1,0
29/1/2026 2:35,24.5,24.9,0,24.2,25.3,0
29/1/2026 2:40,24.5,24.9,0,24.2,25.3,0
29/1/2026 2:45,24.5,24.9,0,24.2,25.3,0
29/1/2026 2:50,24.6,25,0,24.4,25.3,0
29/1/2026 2:55,24.6,25,0,24.4,25.3,0
29/1/2026 3:00,24.6,25,0,24.4,25.3,0
29/1/2026 3:05,24.8,25.2,0,24.4,25.2,0
29/1/2026 3:10,24.8,25.2,0,24.4,25.2,0
29/1/2026 3:15,24.8,25.2,0,24.4,25.2,0
29/1/2026 3:20,24.9,25.1,0,24.6,25.3,0
29/1/2026 3:25,24.9,25.1,0,24.6,25.3,0
29/1/2026 3:30,24.9,25.1,0,24.6,25.3,0
29/1/2026 3:35,24.8,25.1,0,24.5,25.3,0
29/1/2026 3:40,24.8,25.1,0,24.5,25.3,0
29/1/2026 3:45,24.8,25.1,0,24.5,25.3,0
29/1/2026 3:50,24.8,25,0,24.4,25.1,0
29/1/2026 3:55,24.8,25,0,24.4,25.1,0
29/1/2026 4:00,24.8,25,0,24.4,25.1,0
29/1/2026 4:05,24.8,25.1,0,24.3,25.1,0
29/1/2026 4:10,24.8,25.1,0,24.3,25.1,0
29/1/2026 4:15,24.8,25.1,0,24.3,25.1,0
29/1/2026 4:20,24.7,24.1,0,24,24.7,0
29/1/2026 4:25,24.7,24.1,0,24,24.7,0
29/1/2026 4:30,24.7,24.1,0,24,24.7,0
29/1/2026 4:35,24,23.8,0,23.1,23.8,0
29/1/2026 4:40,24,23.8,0,23.1,23.8,0
29/1/2026 4:45,24,23.8,0,23.1,23.8,0
29/1/2026 4:50,23.5,23.6,0,23.1,23.7,0
29/1/2026 4:55,23.5,23.6,0,23.1,23.7,0
29/1/2026 5:00,23.5,23.6,0,23.1,23.7,0
29/1/2026 5:05,23.5,23.7,0,23,23.8,0
29/1/2026 5:10,23.5,23.7,0,23,23.8,0
29/1/2026 5:15,23.5,23.7,0,23,23.8,0
29/1/2026 5:20,23.3,23.6,0,22.8,23.6,0
29/1/2026 5:25,23.3,23.6,0,22.8,23.6,0
29/1/2026 5:30,23.3,23.6,0,22.8,23.6,0
29/1/2026 5:35,23.2,23.8,0,22.9,23.9,0
29/1/2026 5:40,23.2,23.8,0,22.9,23.9,0
29/1/2026 5:45,23.2,23.8,0,22.9,23.9,0
29/1/2026 5:50,23.2,23.8,0,22.8,23.8,0
29/1/2026 5:55,23.2,23.8,0,22.8,23.8,0
29/1/2026 6:00,23.2,23.8,0,22.8,23.8,0
29/1/2026 6:05,23.2,23.5,0,22.6,23.5,0
29/1/2026 6:10,23.2,23.5,0,22.6,23.5,0
29/1/2026 6:15,23.2,23.5,0,22.6,23.5,0
29/1/2026 6:20,22.8,23.2,0,22,23.1,0
29/1/2026 6:25,22.8,23.2,0,22,23.1,0
29/1/2026 6:30,22.8,23.2,0,22,23.1,0
29/1/2026 6:35,22.8,23.4,0,22.3,23.5,0
29/1/2026 6:40,22.8,23.4,0,22.3,23.5,0
29/1/2026 6:45,22.8,23.4,0,22.3,23.5,0
29/1/2026 6:50,22.9,23,0,22.6,23.2,0
29/1/2026 6:55,22.9,23,0,22.6,23.2,0
29/1/2026 7:00,22.9,23,0,22.6,23.2,0
29/1/2026 7:05,22.9,23.1,0,22.6,23.2,0
29/1/2026 7:10,22.9,23.1,0,22.6,23.2,0
29/1/2026 7:15,22.9,23.1,0,22.6,23.2,0
29/1/2026 7:20,22.9,23.3,0,22.6,23.5,0
29/1/2026 7:25,22.9,23.3,0,22.6,23.5,0
29/1/2026 7:30,22.9,23.3,0,22.6,23.5,0
29/1/2026 7:35,22.9,23.3,0,22.7,23.5,0
29/1/2026 7:40,22.9,23.3,0,22.7,23.5,0
29/1/2026 7:45,22.9,23.3,0,22.7,23.5,0
29/1/2026 7:50,23,23.5,0,23.1,23.7,0
29/1/2026 7:55,23,23.5,0,23.1,23.7,0
29/1/2026 8:00,23,23.5,0,23.1,23.7,0
29/1/2026 8:05,23.2,23.9,19.2,23.9,24.1,26.5
29/1/2026 8:10,23.2,23.9,19.2,23.9,24.1,26.5
29/1/2026 8:15,23.2,23.9,19.2,23.9,24.1,26.5
29/1/2026 8:20,23.8,25.1,99.7,26.2,25.4,97.2
29/1/2026 8:25,23.8,25.1,99.7,26.2,25.4,97.2
29/1/2026 8:30,23.8,25.1,99.7,26.2,25.4,97.2
29/1/2026 8:35,24.6,25.6,88.2,28,26.3,114.2
29/1/2026 8:40,24.6,25.6,88.2,28,26.3,114.2
29/1/2026 8:45,24.6,25.6,88.2,28,26.3,114.2
29/1/2026 8:50,25.1,26.7,130.6,29.4,27.1,133
29/1/2026 8:55,25.1,26.7,130.6,29.4,27.1,133
29/1/2026 9:00,25.1,26.7,130.6,29.4,27.1,133
29/1/2026 9:05,25.8,27.1,200.3,30.2,28.1,161.4
29/1/2026 9:10,25.8,27.1,200.3,30.2,28.1,161.4
29/1/2026 9:15,25.8,27.1,200.3,30.2,28.1,161.4
29/1/2026 9:20,26.3,25.8,96.7,29.5,26.3,109.4
29/1/2026 9:25,26.3,25.8,96.7,29.5,26.3,109.4
29/1/2026 9:30,26.3,25.8,96.7,29.5,26.3,109.4
29/1/2026 9:35,26.6,27.5,220.8,31.4,28.4,297.1
29/1/2026 9:40,26.6,27.5,220.8,31.4,28.4,297.1
29/1/2026 9:45,26.6,27.5,220.8,31.4,28.4,297.1
29/1/2026 9:50,27.8,28.4,342,36.1,28.5,342.4
29/1/2026 9:55,27.8,28.4,342,36.1,28.5,342.4
29/1/2026 10:00,27.8,28.4,342,36.1,28.5,342.4
29/1/2026 10:05,27.3,26.5,57.9,32.1,26.6,65.2
29/1/2026 10:10,27.3,26.5,57.9,32.1,26.6,65.2
29/1/2026 10:15,27.3,26.5,57.9,32.1,26.6,65.2
29/1/2026 10:20,25.3,24.9,0,25.6,25,7
29/1/2026 10:25,25.3,24.9,0,25.6,25,7
29/1/2026 10:30,25.3,24.9,0,25.6,25,7
29/1/2026 10:35,24.3,24.5,25.2,24.2,24.6,32.5
29/1/2026 10:40,24.3,24.5,25.2,24.2,24.6,32.5
29/1/2026 10:45,24.3,24.5,25.2,24.2,24.6,32.5
29/1/2026 10:50,24.6,24.7,85.8,25.7,24.8,95.5
29/1/2026 10:55,24.6,24.7,85.8,25.7,24.8,95.5
29/1/2026 11:00,24.6,24.7,85.8,25.7,24.8,95.5
29/1/2026 11:05,25.2,25.8,166.4,28.1,26.3,200.2
29/1/2026 11:10,25.2,25.8,166.4,28.1,26.3,200.2
29/1/2026 11:15,25.2,25.8,166.4,28.1,26.3,200.2
29/1/2026 11:20,26.3,27.1,154.8,30.1,27,187.4
29/1/2026 11:25,26.3,27.1,154.8,30.1,27,187.4
29/1/2026 11:30,26.3,27.1,154.8,30.1,27,187.4
29/1/2026 11:35,27.2,27.5,303.8,33.6,27.9,356.9
29/1/2026 11:40,27.2,27.5,303.8,33.6,27.9,356.9
29/1/2026 11:45,27.2,27.5,303.8,33.6,27.9,356.9
29/1/2026 11:50,28.5,28,385.6,37.8,28.3,448.3
29/1/2026 11:55,28.5,28,385.6,37.8,28.3,448.3
29/1/2026 12:00,28.5,28,385.6,37.8,28.3,448.3
29/1/2026 12:05,29.4,28.3,369.8,41.1,28.4,457.5
29/1/2026 12:10,29.4,28.3,369.8,41.1,28.4,457.5
29/1/2026 12:15,29.4,28.3,369.8,41.1,28.4,457.5
29/1/2026 12:20,28.8,28.2,288,38.6,28.3,347.3
29/1/2026 12:25,28.8,28.2,288,38.6,28.3,347.3
29/1/2026 12:30,28.8,28.2,288,38.6,28.3,347.3
29/1/2026 12:35,28.7,28.1,217.2,36.1,28.3,267.9
29/1/2026 12:40,28.7,28.1,217.2,36.1,28.3,267.9
29/1/2026 12:45,28.7,28.1,217.2,36.1,28.3,267.9
29/1/2026 12:50,28.7,28.8,429.8,37.6,28.8,544
29/1/2026 12:55,28.7,28.8,429.8,37.6,28.8,544
29/1/2026 13:00,28.7,28.8,429.8,37.6,28.8,544
29/1/2026 13:05,29.6,29.6,768.9,41,29,754.1
29/1/2026 13:10,29.6,29.6,768.9,41,29,754.1
29/1/2026 13:15,29.6,29.6,768.9,41,29,754.1
29/1/2026 13:20,29.6,28.6,741.7,47,29.1,930.2
29/1/2026 13:25,29.6,28.6,741.7,47,29.1,930.2
29/1/2026 13:30,29.6,28.6,741.7,47,29.1,930.2
29/1/2026 13:35,30.5,29.1,368,45,29.5,914.5
29/1/2026 13:40,30.5,29.1,368,45,29.5,914.5
29/1/2026 13:45,30.5,29.1,368,45,29.5,914.5
29/1/2026 13:50,31.3,29.3,423.1,44.2,29.9,769.8
29/1/2026 13:55,31.3,29.3,423.1,44.2,29.9,769.8
29/1/2026 14:00,31.3,29.3,423.1,44.2,29.9,769.8
29/1/2026 14:05,30.4,29.3,739.9,41.7,29,554.3
29/1/2026 14:10,30.4,29.3,739.9,41.7,29,554.3
29/1/2026 14:15,30.4,29.3,739.9,41.7,29,554.3
29/1/2026 14:20,30.7,29,647.8,45.4,29.4,492.5
29/1/2026 14:25,30.7,29,647.8,45.4,29.4,492.5
29/1/2026 14:30,30.7,29,647.8,45.4,29.4,492.5
29/1/2026 14:35,30.2,29.5,361.3,38.5,28.8,435
29/1/2026 14:40,30.2,29.5,361.3,38.5,28.8,435
29/1/2026 14:45,30.2,29.5,361.3,38.5,28.8,435
29/1/2026 14:50,30.9,29.6,352.3,40,29.1,349.1
29/1/2026 14:55,30.9,29.6,352.3,40,29.1,349.1
29/1/2026 15:00,30.9,29.6,352.3,40,29.1,349.1
29/1/2026 15:05,30.3,29.5,323.8,42.1,29,397.5
29/1/2026 15:10,30.3,29.5,323.8,42.1,29,397.5
29/1/2026 15:15,30.3,29.5,323.8,42.1,29,397.5
29/1/2026 15:20,32,28.9,301.4,43.4,29.2,366
29/1/2026 15:25,32,28.9,301.4,43.4,29.2,366
29/1/2026 15:30,32,28.9,301.4,43.4,29.2,366
29/1/2026 15:35,30.2,28.5,242,38.7,28.5,305.4
29/1/2026 15:40,30.2,28.5,242,38.7,28.5,305.4
29/1/2026 15:45,30.2,28.5,242,38.7,28.5,305.4
29/1/2026 15:50,29.1,27.5,216.6,36.1,28.6,256.4
29/1/2026 15:55,29.1,27.5,216.6,36.1,28.6,256.4
29/1/2026 16:00,29.1,27.5,216.6,36.1,28.6,256.4
29/1/2026 16:05,29.2,27.8,198.4,36.8,28.3,232.9
29/1/2026 16:10,29.2,27.8,198.4,36.8,28.3,232.9
29/1/2026 16:15,29.2,27.8,198.4,36.8,28.3,232.9
29/1/2026 16:20,29,28,182.7,34.7,28,225
29/1/2026 16:25,29,28,182.7,34.7,28,225
29/1/2026 16:30,29,28,182.7,34.7,28,225
29/1/2026 16:35,28.3,27.5,163.3,33.7,27.8,180.8
29/1/2026 16:40,28.3,27.5,163.3,33.7,27.8,180.8
29/1/2026 16:45,28.3,27.5,163.3,33.7,27.8,180.8
29/1/2026 16:50,28,27.3,144,32.9,27.7,156
29/1/2026 16:55,28,27.3,144,32.9,27.7,156
29/1/2026 17:00,28,27.3,144,32.9,27.7,156
29/1/2026 17:05,27.8,27.5,133,31.9,27.6,154.7
29/1/2026 17:10,27.8,27.5,133,31.9,27.6,154.7
29/1/2026 17:15,27.8,27.5,133,31.9,27.6,154.7
29/1/2026 17:20,27.6,27.3,137.3,31.4,27.6,284.3
29/1/2026 17:25,27.6,27.3,137.3,31.4,27.6,284.3
29/1/2026 17:30,27.6,27.3,137.3,31.4,27.6,284.3
29/1/2026 17:35,28.1,28.3,227.5,34.1,29,307.9
29/1/2026 17:40,28.1,28.3,227.5,34.1,29,307.9
29/1/2026 17:45,28.1,28.3,227.5,34.1,29,307.9
29/1/2026 17:50,27.3,26.9,71.3,31.1,27.1,84
29/1/2026 17:55,27.3,26.9,71.3,31.1,27.1,84
29/1/2026 18:00,27.3,26.9,71.3,31.1,27.1,84
29/1/2026 18:05,26.6,26.5,63.4,28.8,26.8,83.3
29/1/2026 18:10,26.6,26.5,63.4,28.8,26.8,83.3
29/1/2026 18:15,26.6,26.5,63.4,28.8,26.8,83.3
29/1/2026 18:20,26.4,26.4,45.2,28,26.6,55.5
29/1/2026 18:25,26.4,26.4,45.2,28,26.6,55.5
29/1/2026 18:30,26.4,26.4,45.2,28,26.6,55.5
29/1/2026 18:35,26.1,26.1,22.8,27.3,26.3,27.7
29/1/2026 18:40,26.1,26.1,22.8,27.3,26.3,27.7
29/1/2026 18:45,26.1,26.1,22.8,27.3,26.3,27.7
29/1/2026 18:50,25.9,26,8.3,26.5,26.1,10.7
29/1/2026 18:55,25.9,26,8.3,26.5,26.1,10.7
29/1/2026 19:00,25.9,26,8.3,26.5,26.1,10.7
29/1/2026 19:05,25.6,25.8,0,26,26,0
29/1/2026 19:10,25.6,25.8,0,26,26,0
29/1/2026 19:15,25.6,25.8,0,26,26,0
29/1/2026 19:20,25.3,25.6,0,25.1,25.7,0
29/1/2026 19:25,25.3,25.6,0,25.1,25.7,0
29/1/2026 19:30,25.3,25.6,0,25.1,25.7,0
29/1/2026 19:35,25.1,25.5,0,24.4,25.6,0
29/1/2026 19:40,25.1,25.5,0,24.4,25.6,0
29/1/2026 19:45,25.1,25.5,0,24.4,25.6,0
29/1/2026 19:50,25,25.4,0,24.6,25.6,0
29/1/2026 19:55,25,25.4,0,24.6,25.6,0
29/1/2026 20:00,25,25.4,0,24.6,25.6,0
29/1/2026 20:05,25,25.4,0,24.7,25.6,0
29/1/2026 20:10,25,25.4,0,24.7,25.6,0
29/1/2026 20:15,25,25.4,0,24.7,25.6,0
29/1/2026 20:20,25,25.4,0,24.6,25.6,0
29/1/2026 20:25,--,--,--,24.6,25.6,0
29/1/2026 20:30,--,--,--,24.6,25.6,0
29/1/2026 20:35,--,--,--,24,25.5,0
29/1/2026 20:40,--,--,--,24,25.5,0
29/1/2026 20:45,--,--,--,24,25.5,0
29/1/2026 20:50,--,--,--,24.1,25.5,0
29/1/2026 20:55,--,--,--,24.1,25.5,0
29/1/2026 21:00,--,--,--,24.1,25.5,0
29/1/2026 21:05,--,--,--,23.5,25,0
29/1/2026 21:10,--,--,--,23.5,25,0
29/1/2026 21:15,--,--,--,23.5,25,0
29/1/2026 21:20,--,--,--,23,24.6,0
29/1/2026 21:25,--,--,--,23,24.6,0
29/1/2026 21:30,--,--,--,23,24.6,0
29/1/2026 21:35,--,--,--,22.4,24.4,0
29/1/2026 21:40,--,--,--,22.4,24.4,0
29/1/2026 21:45,--,--,--,22.4,24.4,0
29/1/2026 21:50,--,--,--,22.7,24.5,0
29/1/2026 21:55,--,--,--,22.7,24.5,0
29/1/2026 22:00,--,--,--,22.7,24.5,0
29/1/2026 22:05,--,--,--,22.3,24.1,0
29/1/2026 22:10,--,--,--,22.3,24.1,0
29/1/2026 22:15,--,--,--,22.3,24.1,0
29/1/2026 22:20,--,--,--,22,23.8,0
29/1/2026 22:25,--,--,--,22,23.8,0
29/1/2026 22:30,--,--,--,22,23.8,0
29/1/2026 22:35,--,--,--,22,23.8,0
29/1/2026 22:40,--,--,--,22,23.8,0
29/1/2026 22:45,--,--,--,22,23.8,0
29/1/2026 22:50,--,--,--,22.1,24,0
29/1/2026 22:55,--,--,--,22.1,24,0
29/1/2026 23:00,--,--,--,22.1,24,0
29/1/2026 23:05,--,--,--,22.2,23.8,0
29/1/2026 23:10,--,--,--,22.2,23.8,0
29/1/2026 23:15,--,--,--,22.2,23.8,0
29/1/2026 23:20,--,--,--,22.9,24.1,0
29/1/2026 23:25,--,--,--,22.9,24.1,0
29/1/2026 23:30,--,--,--,22.9,24.1,0
29/1/2026 23:35,--,--,--,23,24.3,0
29/1/2026 23:40,--,--,--,23,24.3,0
29/1/2026 23:45,--,--,--,23,24.3,0
29/1/2026 23:50,--,--,--,22.5,23.9,0
29/1/2026 23:55,--,--,--,22.5,23.9,0
30/1/2026 0:00,--,--,--,--,--,--
30/1/2026 0:05,--,--,--,--,--,--
30/1/2026 0:10,--,--,--,--,--,--
30/1/2026 0:15,--,--,--,--,--,--
30/1/2026 0:20,--,--,--,22,23.5,0
30/1/2026 0:25,--,--,--,22,23.5,0
30/1/2026 0:30,--,--,--,22,23.5,0
30/1/2026 0:35,--,--,--,22.1,23.8,0
30/1/2026 0:40,--,--,--,22.1,23.8,0
30/1/2026 0:45,--,--,--,22.1,23.8,0
30/1/2026 0:50,--,--,--,22.4,23.5,0
30/1/2026 0:55,--,--,--,22.4,23.5,0
30/1/2026 1:00,--,--,--,22.4,23.5,0
30/1/2026 1:05,--,--,--,22.2,23.3,0
30/1/2026 1:10,--,--,--,22.2,23.3,0
30/1/2026 1:15,--,--,--,22.2,23.3,0
30/1/2026 1:20,--,--,--,22.1,23.2,0
30/1/2026 1:25,--,--,--,22.1,23.2,0
30/1/2026 1:30,--,--,--,22.1,23.2,0
30/1/2026 1:35,--,--,--,22.1,23.2,0
30/1/2026 1:40,--,--,--,22.1,23.2,0
30/1/2026 1:45,--,--,--,22.1,23.2,0
30/1/2026 1:50,--,--,--,22.5,23.2,0
30/1/2026 1:55,--,--,--,22.5,23.2,0
30/1/2026 2:00,--,--,--,22.5,23.2,0
30/1/2026 2:05,--,--,--,22.6,23.3,0
30/1/2026 2:10,--,--,--,22.6,23.3,0
30/1/2026 2:15,--,--,--,22.6,23.3,0
30/1/2026 2:20,--,--,--,22.5,23.3,0
30/1/2026 2:25,--,--,--,22.5,23.3,0
30/1/2026 2:30,--,--,--,22.5,23.3,0
30/1/2026 2:35,--,--,--,21.8,23.1,0
30/1/2026 2:40,--,--,--,21.8,23.1,0
30/1/2026 2:45,--,--,--,21.8,23.1,0
30/1/2026 2:50,--,--,--,21.5,22.8,0
30/1/2026 2:55,--,--,--,21.5,22.8,0
30/1/2026 3:00,--,--,--,21.5,22.8,0
30/1/2026 3:05,--,--,--,21.3,22.3,0
30/1/2026 3:10,--,--,--,21.3,22.3,0
30/1/2026 3:15,--,--,--,21.3,22.3,0
30/1/2026 3:20,--,--,--,21.2,22.5,0
30/1/2026 3:25,--,--,--,21.2,22.5,0
30/1/2026 3:30,--,--,--,21.2,22.5,0
30/1/2026 3:35,--,--,--,21.3,22.5,0
30/1/2026 3:40,--,--,--,21.3,22.5,0
30/1/2026 3:45,--,--,--,21.3,22.5,0
30/1/2026 3:50,--,--,--,21.3,22.3,0
30/1/2026 3:55,--,--,--,21.3,22.3,0
30/1/2026 4:00,--,--,--,21.3,22.3,0
30/1/2026 4:05,--,--,--,21.7,22.5,0
30/1/2026 4:10,--,--,--,21.7,22.5,0
30/1/2026 4:15,--,--,--,21.7,22.5,0
30/1/2026 4:20,--,--,--,21.8,22.5,0
30/1/2026 4:25,--,--,--,21.8,22.5,0
30/1/2026 4:30,--,--,--,21.8,22.5,0
30/1/2026 4:35,--,--,--,22,22.5,0
30/1/2026 4:40,--,--,--,22,22.5,0
30/1/2026 4:45,--,--,--,22,22.5,0
30/1/2026 4:50,--,--,--,22.3,22.7,0
30/1/2026 4:55,--,--,--,22.3,22.7,0
30/1/2026 5:00,--,--,--,22.3,22.7,0
30/1/2026 5:05,--,--,--,22.5,22.8,0
30/1/2026 5:10,--,--,--,22.5,22.8,0
30/1/2026 5:15,--,--,--,22.5,22.8,0
30/1/2026 5:20,--,--,--,22.5,23.2,0
30/1/2026 5:25,--,--,--,22.5,23.2,0
30/1/2026 5:30,--,--,--,22.5,23.2,0
30/1/2026 5:35,--,--,--,22.6,23.1,0
30/1/2026 5:40,--,--,--,22.6,23.1,0
30/1/2026 5:45,--,--,--,22.6,23.1,0
30/1/2026 5:50,--,--,--,22.6,23,0
30/1/2026 5:55,--,--,--,22.6,23,0
30/1/2026 6:00,--,--,--,22.6,23,0
30/1/2026 6:05,--,--,--,22.6,23.2,0
30/1/2026 6:10,--,--,--,22.6,23.2,0
30/1/2026 6:15,--,--,--,22.6,23.2,0
30/1/2026 6:20,--,--,--,22.6,23,0
30/1/2026 6:25,--,--,--,22.6,23,0
30/1/2026 6:30,--,--,--,22.6,23,0
30/1/2026 6:35,--,--,--,22.5,23,0
30/1/2026 6:40,--,--,--,22.5,23,0
30/1/2026 6:45,--,--,--,22.5,23,0
30/1/2026 6:50,--,--,--,22.5,22.8,0
30/1/2026 6:55,--,--,--,22.5,22.8,0
30/1/2026 7:00,--,--,--,22.5,22.8,0
30/1/2026 7:05,--,--,--,22.5,22.9,0
30/1/2026 7:10,--,--,--,22.5,22.9,0
30/1/2026 7:15,--,--,--,22.5,22.9,0
30/1/2026 7:20,22.7,22.6,0,22.5,22.9,0
30/1/2026 7:25,22.7,22.6,0,22.5,22.9,0
30/1/2026 7:30,22.7,22.6,0,22.5,22.9,0
30/1/2026 7:35,22.8,22.8,0,22.6,22.9,0
30/1/2026 7:40,22.8,22.8,0,22.6,22.9,0
30/1/2026 7:45,22.8,22.8,0,22.6,22.9,0
30/1/2026 7:50,22.9,22.9,0,22.9,23.1,0
30/1/2026 7:55,22.9,22.9,0,22.9,23.1,0
30/1/2026 8:00,22.9,22.9,0,22.9,23.1,0
30/1/2026 8:05,23.1,23.2,13.7,23.2,23.3,16.8
30/1/2026 8:10,23.1,23.2,13.7,23.2,23.3,16.8
30/1/2026 8:15,23.1,23.2,13.7,23.2,23.3,16.8
30/1/2026 8:20,23.2,23.5,21,23.9,23.6,26.5
30/1/2026 8:25,23.2,23.5,21,23.9,23.6,26.5
30/1/2026 8:30,23.2,23.5,21,23.9,23.6,26.5
30/1/2026 8:35,23.5,24,67.6,24.9,24.5,80.9
30/1/2026 8:40,23.5,24,67.6,24.9,24.5,80.9
30/1/2026 8:45,23.5,24,67.6,24.9,24.5,80.9
30/1/2026 8:50,24,26.4,251.1,27.6,27.5,295.8
30/1/2026 8:55,24,26.4,251.1,27.6,27.5,295.8
30/1/2026 9:00,24,26.4,251.1,27.6,27.5,295.8
30/1/2026 9:05,25.3,26.7,225.7,31.8,28.5,253.4
30/1/2026 9:10,25.3,26.7,225.7,31.8,28.5,253.4
30/1/2026 9:15,25.3,26.7,225.7,31.8,28.5,253.4
30/1/2026 9:20,25.7,26.5,122.8,30.6,27.3,174.2
30/1/2026 9:25,25.7,26.5,122.8,30.6,27.3,174.2
30/1/2026 9:30,25.7,26.5,122.8,30.6,27.3,174.2
30/1/2026 9:35,25.9,25.7,84,30.8,26.2,105.7
30/1/2026 9:40,25.9,25.7,84,30.8,26.2,105.7
30/1/2026 9:45,25.9,25.7,84,30.8,26.2,105.7
30/1/2026 9:50,26.5,26.5,323.8,34.6,28,145.1
30/1/2026 9:55,26.5,26.5,323.8,34.6,28,145.1
30/1/2026 10:00,26.5,26.5,323.8,34.6,28,145.1
30/1/2026 10:05,26.3,27.8,441.3,32.5,29.1,441.1
30/1/2026 10:10,26.3,27.8,441.3,32.5,29.1,441.1
30/1/2026 10:15,26.3,27.8,441.3,32.5,29.1,441.1
30/1/2026 10:20,27.9,28.5,523,39.6,30.1,583.3
30/1/2026 10:25,27.9,28.5,523,39.6,30.1,583.3
30/1/2026 10:30,27.9,28.5,523,39.6,30.1,583.3
30/1/2026 10:35,27.3,26.8,80.3,33.5,27.6,118.5
30/1/2026 10:40,27.3,26.8,80.3,33.5,27.6,118.5
30/1/2026 10:45,27.3,26.8,80.3,33.5,27.6,118.5
30/1/2026 10:50,27.5,27.1,124.6,33.1,27.3,160.2
30/1/2026 10:55,27.5,27.1,124.6,33.1,27.3,160.2
30/1/2026 11:00,27.5,27.1,124.6,33.1,27.3,160.2
30/1/2026 11:05,26.7,26.8,97.9,29.6,27,141.4
30/1/2026 11:10,26.7,26.8,97.9,29.6,27,141.4
30/1/2026 11:15,26.7,26.8,97.9,29.6,27,141.4
30/1/2026 11:20,29.4,29.1,236,39.5,28.6,177.2
30/1/2026 11:25,29.4,29.1,236,39.5,28.6,177.2
30/1/2026 11:30,29.4,29.1,236,39.5,28.6,177.2
30/1/2026 11:35,27.9,28.6,346.2,36.8,30.6,907.2
30/1/2026 11:40,27.9,28.6,346.2,36.8,30.6,907.2
30/1/2026 11:45,27.9,28.6,346.2,36.8,30.6,907.2
30/1/2026 11:50,29.8,28.4,257.2,40.8,29.2,267.9
30/1/2026 11:55,29.8,28.4,257.2,40.8,29.2,267.9
30/1/2026 12:00,29.8,28.4,257.2,40.8,29.2,267.9
30/1/2026 12:05,29.8,29.3,461.2,38.8,29.4,421.8
30/1/2026 12:10,29.8,29.3,461.2,38.8,29.4,421.8
30/1/2026 12:15,29.8,29.3,461.2,38.8,29.4,421.8
30/1/2026 12:20,31,29.5,927.6,45.2,31,1113.6
30/1/2026 12:25,31,29.5,927.6,45.2,31,1113.6
30/1/2026 12:30,31,29.5,927.6,45.2,31,1113.6
30/1/2026 12:35,31.8,29.3,933.6,51.3,31.1,1039.2
30/1/2026 12:40,31.8,29.3,933.6,51.3,31.1,1039.2
30/1/2026 12:45,31.8,29.3,933.6,51.3,31.1,1039.2
30/1/2026 12:50,32.5,30.3,555.8,51.5,30.9,910.8
30/1/2026 12:55,32.5,30.3,555.8,51.5,30.9,910.8
30/1/2026 13:00,32.5,30.3,555.8,51.5,30.9,910.8
30/1/2026 13:05,31.6,29.3,912.4,47.1,31.4,1007
30/1/2026 13:10,31.6,29.3,912.4,47.1,31.4,1007
30/1/2026 13:15,31.6,29.3,912.4,47.1,31.4,1007
30/1/2026 13:20,32.6,29.1,868.8,52.3,30.7,1036.2
30/1/2026 13:25,32.6,29.1,868.8,52.3,30.7,1036.2
30/1/2026 13:30,32.6,29.1,868.8,52.3,30.7,1036.2
30/1/2026 13:35,32.5,29.6,959.1,49.7,30.4,1110
30/1/2026 13:40,32.5,29.6,959.1,49.7,30.4,1110
30/1/2026 13:45,32.5,29.6,959.1,49.7,30.4,1110
30/1/2026 13:50,31.6,29.2,871.9,50,30.3,946.5
30/1/2026 13:55,31.6,29.2,871.9,50,30.3,946.5
30/1/2026 14:00,31.6,29.2,871.9,50,30.3,946.5
30/1/2026 14:05,33.1,30.3,882.7,50.5,30,889
30/1/2026 14:10,33.1,30.3,882.7,50.5,30,889
30/1/2026 14:15,33.1,30.3,882.7,50.5,30,889
30/1/2026 14:20,32.8,29.5,894.2,50.6,29.6,947.8
30/1/2026 14:25,32.8,29.5,894.2,50.6,29.6,947.8
30/1/2026 14:30,32.8,29.5,894.2,50.6,29.6,947.8
30/1/2026 14:35,32.2,29.8,768.9,48.4,29.8,829.7
30/1/2026 14:40,32.2,29.8,768.9,48.4,29.8,829.7
30/1/2026 14:45,32.2,29.8,768.9,48.4,29.8,829.7
30/1/2026 14:50,32.5,30.3,812.5,48.7,30.1,875.1
30/1/2026 14:55,32.5,30.3,812.5,48.7,30.1,875.1
30/1/2026 15:00,32.5,30.3,812.5,48.7,30.1,875.1
30/1/2026 15:05,32.5,30.5,771.9,48.2,30.5,867.3
30/1/2026 15:10,32.5,30.5,771.9,48.2,30.5,867.3
30/1/2026 15:15,32.5,30.5,771.9,48.2,30.5,867.3
30/1/2026 15:20,32.1,29.8,322.6,46.6,30,570
30/1/2026 15:25,32.1,29.8,322.6,46.6,30,570
30/1/2026 15:30,32.1,29.8,322.6,46.6,30,570
30/1/2026 15:35,31.7,29.6,660.5,45.3,29.7,778.3
30/1/2026 15:40,31.7,29.6,660.5,45.3,29.7,778.3
30/1/2026 15:45,31.7,29.6,660.5,45.3,29.7,778.3
30/1/2026 15:50,30.4,30.3,612.7,42.9,29.8,719.6
30/1/2026 15:55,30.4,30.3,612.7,42.9,29.8,719.6
30/1/2026 16:00,30.4,30.3,612.7,42.9,29.8,719.6
30/1/2026 16:05,30.5,30.1,398.9,41.1,29.9,366
30/1/2026 16:10,30.5,30.1,398.9,41.1,29.9,366
30/1/2026 16:15,30.5,30.1,398.9,41.1,29.9,366
30/1/2026 16:20,30.5,30.3,480.1,42.6,30,606.4
30/1/2026 16:25,30.5,30.3,480.1,42.6,30,606.4
30/1/2026 16:30,30.5,30.3,480.1,42.6,30,606.4
30/1/2026 16:35,30.5,29.1,148.8,41.5,30.6,568.2
30/1/2026 16:40,30.5,29.1,148.8,41.5,30.6,568.2
30/1/2026 16:45,30.5,29.1,148.8,41.5,30.6,568.2
30/1/2026 16:50,30.6,30.7,378.9,40.2,30.9,510.1
30/1/2026 16:55,30.6,30.7,378.9,40.2,30.9,510.1
30/1/2026 17:00,30.6,30.7,378.9,40.2,30.9,510.1
30/1/2026 17:05,29.6,29.8,301.4,39.1,30.6,438.6
30/1/2026 17:10,29.6,29.8,301.4,39.1,30.6,438.6
30/1/2026 17:15,29.6,29.8,301.4,39.1,30.6,438.6
30/1/2026 17:20,28.2,27.6,154.8,33.8,28,292.8
30/1/2026 17:25,28.2,27.6,154.8,33.8,28,292.8
30/1/2026 17:30,28.2,27.6,154.8,33.8,28,292.8
30/1/2026 17:35,27.5,27.3,121.6,30.8,27.5,137.8
30/1/2026 17:40,27.5,27.3,121.6,30.8,27.5,137.8
30/1/2026 17:45,27.5,27.3,121.6,30.8,27.5,137.8
30/1/2026 17:50,27.3,27.6,93,29.6,27.9,226.8
30/1/2026 17:55,27.3,27.6,93,29.6,27.9,226.8
30/1/2026 18:00,27.3,27.6,93,29.6,27.9,226.8
30/1/2026 18:05,27.6,27.4,66.4,30.6,27.6,69.4
30/1/2026 18:10,27.6,27.4,66.4,30.6,27.6,69.4
30/1/2026 18:15,27.6,27.4,66.4,30.6,27.6,69.4
30/1/2026 18:20,26.8,26.8,45.8,28.1,26.9,57.9
30/1/2026 18:25,26.8,26.8,45.8,28.1,26.9,57.9
30/1/2026 18:30,26.8,26.8,45.8,28.1,26.9,57.9
30/1/2026 18:35,26.4,26.4,14.3,26.7,26.5,16.1
30/1/2026 18:40,26.4,26.4,14.3,26.7,26.5,16.1
30/1/2026 18:45,26.4,26.4,14.3,26.7,26.5,16.1
30/1/2026 18:50,26.1,26.2,6.5,26,26.3,8.3
30/1/2026 18:55,26.1,26.2,6.5,26,26.3,8.3
30/1/2026 19:00,26.1,26.2,6.5,26,26.3,8.3
30/1/2026 19:05,25.8,26,0,25.4,26.1,0
30/1/2026 19:10,25.8,26,0,25.4,26.1,0
30/1/2026 19:15,25.8,26,0,25.4,26.1,0
30/1/2026 19:20,25.6,25.8,0,24.8,25.8,0
30/1/2026 19:25,25.6,25.8,0,24.8,25.8,0
30/1/2026 19:30,25.6,25.8,0,24.8,25.8,0
30/1/2026 19:35,25.2,25.5,0,24.5,25.8,0
30/1/2026 19:40,25.2,25.5,0,24.5,25.8,0
30/1/2026 19:45,25.2,25.5,0,24.5,25.8,0
30/1/2026 19:50,25.1,25.6,0,23.9,25.4,0
30/1/2026 19:55,25.1,25.6,0,23.9,25.4,0
30/1/2026 20:00,25.1,25.6,0,23.9,25.4,0
30/1/2026 20:05,25.1,25.6,0,23.7,25.3,0
30/1/2026 20:10,25.1,25.6,0,23.7,25.3,0
30/1/2026 20:15,25.1,25.6,0,23.7,25.3,0
30/1/2026 20:20,25.1,25.6,0,23.4,25.2,0
30/1/2026 20:25,25.1,25.6,0,23.4,25.2,0
30/1/2026 20:30,25.1,25.6,0,23.4,25.2,0
30/1/2026 20:35,25.1,25.6,0,23.1,25.1,0
30/1/2026 20:40,--,--,--,23.1,25.1,0
30/1/2026 20:45,--,--,--,23.1,25.1,0
30/1/2026 20:50,--,--,--,23.1,25.1,0
30/1/2026 20:55,--,--,--,23.1,25.1,0
30/1/2026 21:00,--,--,--,23.1,25.1,0
30/1/2026 21:05,--,--,--,23.2,24.8,0
30/1/2026 21:10,--,--,--,23.2,24.8,0
30/1/2026 21:15,--,--,--,23.2,24.8,0
30/1/2026 21:20,--,--,--,23.1,24.8,0
30/1/2026 21:25,--,--,--,23.1,24.8,0
30/1/2026 21:30,--,--,--,23.1,24.8,0
30/1/2026 21:35,--,--,--,23,24.6,0
30/1/2026 21:40,--,--,--,23,24.6,0
30/1/2026 21:45,--,--,--,23,24.6,0
30/1/2026 21:50,--,--,--,22.6,24.8,0
30/1/2026 21:55,--,--,--,22.6,24.8,0
30/1/2026 22:00,--,--,--,22.6,24.8,0
30/1/2026 22:05,--,--,--,22.5,24.4,0
30/1/2026 22:10,--,--,--,22.5,24.4,0
30/1/2026 22:15,--,--,--,22.5,24.4,0
30/1/2026 22:20,--,--,--,22.6,24.6,0
30/1/2026 22:25,--,--,--,22.6,24.6,0
30/1/2026 22:30,--,--,--,22.6,24.6,0
30/1/2026 22:35,--,--,--,22.5,24.4,0
30/1/2026 22:40,--,--,--,22.5,24.4,0
30/1/2026 22:45,--,--,--,22.5,24.4,0
30/1/2026 22:50,--,--,--,22.3,24.8,0
30/1/2026 22:55,--,--,--,22.3,24.8,0
30/1/2026 23:00,--,--,--,22.3,24.8,0
30/1/2026 23:05,--,--,--,22.3,24.4,0
30/1/2026 23:10,--,--,--,22.3,24.4,0
30/1/2026 23:15,--,--,--,22.3,24.4,0
30/1/2026 23:20,--,--,--,21.9,24.1,0
30/1/2026 23:25,--,--,--,21.9,24.1,0
30/1/2026 23:30,--,--,--,21.9,24.1,0
30/1/2026 23:35,--,--,--,21.6,23,0
30/1/2026 23:40,--,--,--,21.6,23,0
30/1/2026 23:45,--,--,--,21.6,23,0
30/1/2026 23:50,--,--,--,21,22.6,0
30/1/2026 23:55,--,--,--,21,22.6,0
31/1/2026 0:00,--,--,--,--,--,--
31/1/2026 0:05,--,--,--,--,--,--
31/1/2026 0:10,--,--,--,--,--,--
31/1/2026 0:15,--,--,--,--,--,--
31/1/2026 0:20,--,--,--,20.6,22,0
31/1/2026 0:25,--,--,--,20.6,22,0
31/1/2026 0:30,--,--,--,20.6,22,0
31/1/2026 0:35,--,--,--,20.4,21.8,0
31/1/2026 0:40,--,--,--,20.4,21.8,0
31/1/2026 0:45,--,--,--,20.4,21.8,0
31/1/2026 0:50,--,--,--,20.3,21.8,0
31/1/2026 0:55,--,--,--,20.3,21.8,0
31/1/2026 1:00,--,--,--,20.3,21.8,0
31/1/2026 1:05,--,--,--,20.7,21.7,0
31/1/2026 1:10,--,--,--,20.7,21.7,0
31/1/2026 1:15,--,--,--,20.7,21.7,0
31/1/2026 1:20,--,--,--,20.6,22,0
31/1/2026 1:25,--,--,--,20.6,22,0
31/1/2026 1:30,--,--,--,20.6,22,0
31/1/2026 1:35,--,--,--,20.4,21.5,0
31/1/2026 1:40,--,--,--,20.4,21.5,0
31/1/2026 1:45,--,--,--,20.4,21.5,0
31/1/2026 1:50,--,--,--,20.3,21.5,0
31/1/2026 1:55,--,--,--,20.3,21.5,0
31/1/2026 2:00,--,--,--,20.3,21.5,0
31/1/2026 2:05,--,--,--,20,21.8,0
31/1/2026 2:10,--,--,--,20,21.8,0
31/1/2026 2:15,--,--,--,20,21.8,0
31/1/2026 2:20,--,--,--,20.2,21.3,0
31/1/2026 2:25,--,--,--,20.2,21.3,0
31/1/2026 2:30,--,--,--,20.2,21.3,0
31/1/2026 2:35,--,--,--,20.2,21.3,0
31/1/2026 2:40,--,--,--,20.2,21.3,0
31/1/2026 2:45,--,--,--,20.2,21.3,0
31/1/2026 2:50,--,--,--,20,21.4,0
31/1/2026 2:55,--,--,--,20,21.4,0
31/1/2026 3:00,--,--,--,20,21.4,0
31/1/2026 3:05,--,--,--,20.6,21.8,0
31/1/2026 3:10,--,--,--,20.6,21.8,0
31/1/2026 3:15,--,--,--,20.6,21.8,0
31/1/2026 3:20,--,--,--,21.3,22.1,0
31/1/2026 3:25,--,--,--,21.3,22.1,0
31/1/2026 3:30,--,--,--,21.3,22.1,0
31/1/2026 3:35,--,--,--,20.5,21.6,0
31/1/2026 3:40,--,--,--,20.5,21.6,0
31/1/2026 3:45,--,--,--,20.5,21.6,0
31/1/2026 3:50,--,--,--,19.9,21.3,0
31/1/2026 3:55,--,--,--,19.9,21.3,0
31/1/2026 4:00,--,--,--,19.9,21.3,0
31/1/2026 4:05,--,--,--,20,21.6,0
31/1/2026 4:10,--,--,--,20,21.6,0
31/1/2026 4:15,--,--,--,20,21.6,0
31/1/2026 4:20,--,--,--,20.8,21.6,0
31/1/2026 4:25,--,--,--,20.8,21.6,0
31/1/2026 4:30,--,--,--,20.8,21.6,0
31/1/2026 4:35,--,--,--,21.5,21.8,0
31/1/2026 4:40,--,--,--,21.5,21.8,0
31/1/2026 4:45,--,--,--,21.5,21.8,0
31/1/2026 4:50,--,--,--,22,22.1,0
31/1/2026 4:55,--,--,--,22,22.1,0
31/1/2026 5:00,--,--,--,22,22.1,0
31/1/2026 5:05,--,--,--,22,22.4,0
31/1/2026 5:10,--,--,--,22,22.4,0
31/1/2026 5:15,--,--,--,22,22.4,0
31/1/2026 5:20,--,--,--,21.9,22.3,0
31/1/2026 5:25,--,--,--,21.9,22.3,0
31/1/2026 5:30,--,--,--,21.9,22.3,0
31/1/2026 5:35,--,--,--,21.3,22,0
31/1/2026 5:40,--,--,--,21.3,22,0
31/1/2026 5:45,--,--,--,21.3,22,0
31/1/2026 5:50,--,--,--,21.1,22,0
31/1/2026 5:55,--,--,--,21.1,22,0
31/1/2026 6:00,--,--,--,21.1,22,0
31/1/2026 6:05,--,--,--,21.5,22.2,0
31/1/2026 6:10,--,--,--,21.5,22.2,0
31/1/2026 6:15,--,--,--,21.5,22.2,0
31/1/2026 6:20,--,--,--,22,22.4,0
31/1/2026 6:25,--,--,--,22,22.4,0
31/1/2026 6:30,--,--,--,22,22.4,0
31/1/2026 6:35,--,--,--,21.9,22.5,0
31/1/2026 6:40,--,--,--,21.9,22.5,0
31/1/2026 6:45,--,--,--,21.9,22.5,0
31/1/2026 6:50,--,--,--,21.8,22.4,0
31/1/2026 6:55,--,--,--,21.8,22.4,0
31/1/2026 7:00,--,--,--,21.8,22.4,0
31/1/2026 7:05,--,--,--,21.9,22.5,0
31/1/2026 7:10,--,--,--,21.9,22.5,0
31/1/2026 7:15,--,--,--,21.9,22.5,0
31/1/2026 7:20,22.1,22.2,0,22.1,22.5,0
31/1/2026 7:25,22.1,22.2,0,22.1,22.5,0
31/1/2026 7:30,22.1,22.2,0,22.1,22.5,0
31/1/2026 7:35,22.1,22.4,0,21.8,22.5,0
31/1/2026 7:40,22.1,22.4,0,21.8,22.5,0
31/1/2026 7:45,22.1,22.4,0,21.8,22.5,0
31/1/2026 7:50,22.3,22.6,0,22.4,22.8,0
31/1/2026 7:55,22.3,22.6,0,22.4,22.8,0
31/1/2026 8:00,22.3,22.6,0,22.4,22.8,0
31/1/2026 8:05,22.7,23,16.2,22.8,23.1,21.6
31/1/2026 8:10,22.7,23,16.2,22.8,23.1,21.6
31/1/2026 8:15,22.7,23,16.2,22.8,23.1,21.6
31/1/2026 8:20,23,23.3,22.2,23.2,23.7,31.3
31/1/2026 8:25,23,23.3,22.2,23.2,23.7,31.3
31/1/2026 8:30,23,23.3,22.2,23.2,23.7,31.3
31/1/2026 8:35,23.1,23.6,54.9,23.8,24.1,69.4
31/1/2026 8:40,23.1,23.6,54.9,23.8,24.1,69.4
31/1/2026 8:45,23.1,23.6,54.9,23.8,24.1,69.4
31/1/2026 8:50,23.4,24.1,76.7,25,24.4,85.7
31/1/2026 8:55,23.4,24.1,76.7,25,24.4,85.7
31/1/2026 9:00,23.4,24.1,76.7,25,24.4,85.7
31/1/2026 9:05,23.8,24.8,99.1,26.5,25.3,121.5
31/1/2026 9:10,23.8,24.8,99.1,26.5,25.3,121.5
31/1/2026 9:15,23.8,24.8,99.1,26.5,25.3,121.5
31/1/2026 9:20,24.5,25.1,116.1,27.4,25.6,134.2
31/1/2026 9:25,24.5,25.1,116.1,27.4,25.6,134.2
31/1/2026 9:30,24.5,25.1,116.1,27.4,25.6,134.2
31/1/2026 9:35,24.8,25.2,81,27.8,25.3,105.7
31/1/2026 9:40,24.8,25.2,81,27.8,25.3,105.7
31/1/2026 9:45,24.8,25.2,81,27.8,25.3,105.7
31/1/2026 9:50,26.3,27.7,419.5,33.5,29.6,545.8
31/1/2026 9:55,26.3,27.7,419.5,33.5,29.6,545.8
31/1/2026 10:00,26.3,27.7,419.5,33.5,29.6,545.8
31/1/2026 10:05,28.8,29.2,507.9,39.6,31.8,433.8
31/1/2026 10:10,28.8,29.2,507.9,39.6,31.8,433.8
31/1/2026 10:15,28.8,29.2,507.9,39.6,31.8,433.8
31/1/2026 10:20,29.6,28.1,434,42.8,29.7,742.6
31/1/2026 10:25,29.6,28.1,434,42.8,29.7,742.6
31/1/2026 10:30,29.6,28.1,434,42.8,29.7,742.6
31/1/2026 10:35,28.7,27.3,249.9,36.6,27.5,310.9
31/1/2026 10:40,28.7,27.3,249.9,36.6,27.5,310.9
31/1/2026 10:45,28.7,27.3,249.9,36.6,27.5,310.9
31/1/2026 10:50,30.5,29.6,710.1,42.7,32,530
31/1/2026 10:55,30.5,29.6,710.1,42.7,32,530
31/1/2026 11:00,30.5,29.6,710.1,42.7,32,530
31/1/2026 11:05,30,28.1,239.6,39.9,28.5,220.7
31/1/2026 11:10,30,28.1,239.6,39.9,28.5,220.7
31/1/2026 11:15,30,28.1,239.6,39.9,28.5,220.7
31/1/2026 11:20,28.3,28,206.3,33,28,279.4
31/1/2026 11:25,28.3,28,206.3,33,28,279.4
31/1/2026 11:30,28.3,28,206.3,33,28,279.4
31/1/2026 11:35,29.4,28.6,306.9,36.1,28.5,319.4
31/1/2026 11:40,29.4,28.6,306.9,36.1,28.5,319.4
31/1/2026 11:45,29.4,28.6,306.9,36.1,28.5,319.4
31/1/2026 11:50,28.8,28.1,271.8,35.3,28.8,292.8
31/1/2026 11:55,28.8,28.1,271.8,35.3,28.8,292.8
31/1/2026 12:00,28.8,28.1,271.8,35.3,28.8,292.8
31/1/2026 12:05,28.8,28.1,216.6,35.2,28.9,248
31/1/2026 12:10,28.8,28.1,216.6,35.2,28.9,248
31/1/2026 12:15,28.8,28.1,216.6,35.2,28.9,248
31/1/2026 12:20,30.1,29.7,664.7,38.6,29.6,504
31/1/2026 12:25,30.1,29.7,664.7,38.6,29.6,504
31/1/2026 12:30,30.1,29.7,664.7,38.6,29.6,504
31/1/2026 12:35,32.6,30.4,945.2,45,32.6,1091.8
31/1/2026 12:40,32.6,30.4,945.2,45,32.6,1091.8
31/1/2026 12:45,32.6,30.4,945.2,45,32.6,1091.8
31/1/2026 12:50,32,29.4,302.6,42.5,29.1,364.8
31/1/2026 12:55,32,29.4,302.6,42.5,29.1,364.8
31/1/2026 13:00,32,29.4,302.6,42.5,29.1,364.8
31/1/2026 13:05,29.9,28.7,314.7,40,29.5,388.4
31/1/2026 13:10,29.9,28.7,314.7,40,29.5,388.4
31/1/2026 13:15,29.9,28.7,314.7,40,29.5,388.4
31/1/2026 13:20,31.8,30.3,1005.1,49.5,31.5,1032.5
31/1/2026 13:25,31.8,30.3,1005.1,49.5,31.5,1032.5
31/1/2026 13:30,31.8,30.3,1005.1,49.5,31.5,1032.5
31/1/2026 13:35,32.1,30.1,867,45.5,30,941.1
31/1/2026 13:40,32.1,30.1,867,45.5,30,941.1
31/1/2026 13:45,32.1,30.1,867,45.5,30,941.1
31/1/2026 13:50,31.8,29.5,245.1,48.5,30.1,917.5
31/1/2026 13:55,31.8,29.5,245.1,48.5,30.1,917.5
31/1/2026 14:00,31.8,29.5,245.1,48.5,30.1,917.5
31/1/2026 14:05,33.5,30.6,484.3,49.5,30.6,388.4
31/1/2026 14:10,33.5,30.6,484.3,49.5,30.6,388.4
31/1/2026 14:15,33.5,30.6,484.3,49.5,30.6,388.4
31/1/2026 14:20,33,30.3,937.3,50,31.2,1050.7
31/1/2026 14:25,33,30.3,937.3,50,31.2,1050.7
31/1/2026 14:30,33,30.3,937.3,50,31.2,1050.7
31/1/2026 14:35,33.4,30,892.4,49.6,30.6,459.8
31/1/2026 14:40,33.4,30,892.4,49.6,30.6,459.8
31/1/2026 14:45,33.4,30,892.4,49.6,30.6,459.8
31/1/2026 14:50,32.9,30,791.3,48,30.1,852.8
31/1/2026 14:55,32.9,30,791.3,48,30.1,852.8
31/1/2026 15:00,32.9,30,791.3,48,30.1,852.8
31/1/2026 15:05,35.5,30.9,731.4,49.6,30.6,886
31/1/2026 15:10,35.5,30.9,731.4,49.6,30.6,886
31/1/2026 15:15,35.5,30.9,731.4,49.6,30.6,886
31/1/2026 15:20,33.5,31.5,537.6,46.1,29.8,806.7
31/1/2026 15:25,33.5,31.5,537.6,46.1,29.8,806.7
31/1/2026 15:30,33.5,31.5,537.6,46.1,29.8,806.7
31/1/2026 15:35,34.2,30.7,632.1,48.8,30.3,815.8
31/1/2026 15:40,34.2,30.7,632.1,48.8,30.3,815.8
31/1/2026 15:45,34.2,30.7,632.1,48.8,30.3,815.8
31/1/2026 15:50,33.8,31.5,653.2,45.8,30,749.2
31/1/2026 15:55,33.8,31.5,653.2,45.8,30,749.2
31/1/2026 16:00,33.8,31.5,653.2,45.8,30,749.2
31/1/2026 16:05,32.6,29.1,161.5,46.1,31,577.9
31/1/2026 16:10,32.6,29.1,161.5,46.1,31,577.9
31/1/2026 16:15,32.6,29.1,161.5,46.1,31,577.9
31/1/2026 16:20,32.1,29.4,290.5,43.9,30.6,617.2
31/1/2026 16:25,32.1,29.4,290.5,43.9,30.6,617.2
31/1/2026 16:30,32.1,29.4,290.5,43.9,30.6,617.2
31/1/2026 16:35,34.5,31.6,464.3,41.6,31,597.9
31/1/2026 16:40,34.5,31.6,464.3,41.6,31,597.9
31/1/2026 16:45,34.5,31.6,464.3,41.6,31,597.9
31/1/2026 16:50,32.4,31,380.1,41,30.6,527
31/1/2026 16:55,32.4,31,380.1,41,30.6,527
31/1/2026 17:00,32.4,31,380.1,41,30.6,527
31/1/2026 17:05,31.4,30,346.2,40.1,30.9,465.9
31/1/2026 17:10,31.4,30,346.2,40.1,30.9,465.9
31/1/2026 17:15,31.4,30,346.2,40.1,30.9,465.9
31/1/2026 17:20,30.8,29.9,274.1,38.8,30.3,398.1
31/1/2026 17:25,30.8,29.9,274.1,38.8,30.3,398.1
31/1/2026 17:30,30.8,29.9,274.1,38.8,30.3,398.1
31/1/2026 17:35,30.5,29.9,245.1,38.3,30.6,290.4
31/1/2026 17:40,30.5,29.9,245.1,38.3,30.6,290.4
31/1/2026 17:45,30.5,29.9,245.1,38.3,30.6,290.4
31/1/2026 17:50,30.6,29,95.5,35.5,29,264.4
31/1/2026 17:55,30.6,29,95.5,35.5,29,264.4
31/1/2026 18:00,30.6,29,95.5,35.5,29,264.4
31/1/2026 18:05,29.4,29.1,151.8,32.4,29.6,200.7
31/1/2026 18:10,29.4,29.1,151.8,32.4,29.6,200.7
31/1/2026 18:15,29.4,29.1,151.8,32.4,29.6,200.7
31/1/2026 18:20,28.8,28.7,122.8,32.8,29.3,120.2
31/1/2026 18:25,28.8,28.7,122.8,32.8,29.3,120.2
31/1/2026 18:30,28.8,28.7,122.8,32.8,29.3,120.2
31/1/2026 18:35,27.6,27.8,62.1,29.2,27.8,46.4
31/1/2026 18:40,27.6,27.8,62.1,29.2,27.8,46.4
31/1/2026 18:45,27.6,27.8,62.1,29.2,27.8,46.4
31/1/2026 18:50,27,27,26.4,27.6,27.1,23.4
31/1/2026 18:55,27,27,26.4,27.6,27.1,23.4
31/1/2026 19:00,27,27,26.4,27.6,27.1,23.4
31/1/2026 19:05,26.5,26.7,7.7,26.3,26.8,7.7
31/1/2026 19:10,26.5,26.7,7.7,26.3,26.8,7.7
31/1/2026 19:15,26.5,26.7,7.7,26.3,26.8,7.7
31/1/2026 19:20,26,26.2,0,25.2,26.1,0
31/1/2026 19:25,26,26.2,0,25.2,26.1,0
31/1/2026 19:30,26,26.2,0,25.2,26.1,0
31/1/2026 19:35,25.7,25.9,0,24.8,26.1,0
31/1/2026 19:40,25.7,25.9,0,24.8,26.1,0
31/1/2026 19:45,25.7,25.9,0,24.8,26.1,0
31/1/2026 19:50,25.6,26,0,24.8,26,0
31/1/2026 19:55,25.6,26,0,24.8,26,0
31/1/2026 20:00,25.6,26,0,24.8,26,0
31/1/2026 20:05,25.6,26,0,25,26,0
31/1/2026 20:10,25.6,26,0,25,26,0
31/1/2026 20:15,25.6,26,0,25,26,0
31/1/2026 20:20,25.6,26,0,25.3,26.1,0
31/1/2026 20:25,25.6,26,0,25.3,26.1,0
31/1/2026 20:30,25.6,26,0,25.3,26.1,0
31/1/2026 20:35,25.6,26,0,25,26.1,0
31/1/2026 20:40,--,--,--,25,26.1,0
31/1/2026 20:45,--,--,--,25,26.1,0
31/1/2026 20:50,--,--,--,24.6,25.9,0
31/1/2026 20:55,--,--,--,24.6,25.9,0
31/1/2026 21:00,--,--,--,24.6,25.9,0
31/1/2026 21:05,--,--,--,24.8,26,0
31/1/2026 21:10,--,--,--,24.8,26,0
31/1/2026 21:15,--,--,--,24.8,26,0
31/1/2026 21:20,--,--,--,24.5,25.8,0
31/1/2026 21:25,--,--,--,24.5,25.8,0
31/1/2026 21:30,--,--,--,24.5,25.8,0
31/1/2026 21:35,--,--,--,24.1,25.5,0
31/1/2026 21:40,--,--,--,24.1,25.5,0
31/1/2026 21:45,--,--,--,24.1,25.5,0
31/1/2026 21:50,--,--,--,23.8,25.6,0
31/1/2026 21:55,--,--,--,23.8,25.6,0
31/1/2026 22:00,--,--,--,23.8,25.6,0
31/1/2026 22:05,--,--,--,24.2,25.7,0
31/1/2026 22:10,--,--,--,24.2,25.7,0
31/1/2026 22:15,--,--,--,24.2,25.7,0
31/1/2026 22:20,--,--,--,24.2,25.8,0
31/1/2026 22:25,--,--,--,24.2,25.8,0
31/1/2026 22:30,--,--,--,24.2,25.8,0
31/1/2026 22:35,--,--,--,24.4,25.8,0
31/1/2026 22:40,--,--,--,24.4,25.8,0
31/1/2026 22:45,--,--,--,24.4,25.8,0
31/1/2026 22:50,--,--,--,24.6,26,0
31/1/2026 22:55,--,--,--,24.6,26,0
31/1/2026 23:00,--,--,--,24.6,26,0
31/1/2026 23:05,--,--,--,24.6,25.8,0
31/1/2026 23:10,--,--,--,24.6,25.8,0
31/1/2026 23:15,--,--,--,24.6,25.8,0
31/1/2026 23:20,--,--,--,24.7,26,0
31/1/2026 23:25,--,--,--,24.7,26,0
31/1/2026 23:30,--,--,--,24.7,26,0
31/1/2026 23:35,--,--,--,24.7,25.7,0
31/1/2026 23:40,--,--,--,24.7,25.7,0
31/1/2026 23:45,--,--,--,24.7,25.7,0
31/1/2026 23:50,--,--,--,24.3,25.7,0
31/1/2026 23:55,--,--,--,24.3,25.7,0
1/2/2026 0:00,--,--,--,--,--,--
1/2/2026 0:05,--,--,--,--,--,--
1/2/2026 0:10,--,--,--,--,--,--
1/2/2026 0:15,--,--,--,--,--,--
1/2/2026 0:20,--,--,--,24.3,25.1,0
1/2/2026 0:25,--,--,--,24.3,25.1,0
1/2/2026 0:30,--,--,--,24.3,25.1,0
1/2/2026 0:35,--,--,--,24,25.3,0
1/2/2026 0:40,--,--,--,24,25.3,0
1/2/2026 0:45,--,--,--,24,25.3,0
1/2/2026 0:50,--,--,--,23.7,24.8,0
1/2/2026 0:55,--,--,--,23.7,24.8,0
1/2/2026 1:00,--,--,--,23.7,24.8,0
1/2/2026 1:05,--,--,--,23.6,24.4,0
1/2/2026 1:10,--,--,--,23.6,24.4,0
1/2/2026 1:15,--,--,--,23.6,24.4,0
1/2/2026 1:20,--,--,--,24.1,24.8,0
1/2/2026 1:25,--,--,--,24.1,24.8,0
1/2/2026 1:30,--,--,--,24.1,24.8,0
1/2/2026 1:35,--,--,--,24.3,24.7,0
1/2/2026 1:40,--,--,--,24.3,24.7,0
1/2/2026 1:45,--,--,--,24.3,24.7,0
1/2/2026 1:50,--,--,--,23.7,24.6,0
1/2/2026 1:55,--,--,--,23.7,24.6,0
1/2/2026 2:00,--,--,--,23.7,24.6,0
1/2/2026 2:05,--,--,--,23.8,24.6,0
1/2/2026 2:10,--,--,--,23.8,24.6,0
1/2/2026 2:15,--,--,--,23.8,24.6,0
1/2/2026 2:20,--,--,--,23.8,24.6,0
1/2/2026 2:25,--,--,--,23.8,24.6,0
1/2/2026 2:30,--,--,--,23.8,24.6,0
1/2/2026 2:35,--,--,--,24,24.6,0
1/2/2026 2:40,--,--,--,24,24.6,0
1/2/2026 2:45,--,--,--,24,24.6,0
1/2/2026 2:50,--,--,--,24.1,24.6,0
1/2/2026 2:55,--,--,--,24.1,24.6,0
1/2/2026 3:00,--,--,--,24.1,24.6,0
1/2/2026 3:05,--,--,--,24.1,24.5,0
1/2/2026 3:10,--,--,--,24.1,24.5,0
1/2/2026 3:15,--,--,--,24.1,24.5,0
1/2/2026 3:20,--,--,--,23.8,23.9,0
1/2/2026 3:25,--,--,--,23.8,23.9,0
1/2/2026 3:30,--,--,--,23.8,23.9,0
1/2/2026 3:35,--,--,--,23.6,23.6,0
1/2/2026 3:40,--,--,--,23.6,23.6,0
1/2/2026 3:45,--,--,--,23.6,23.6,0
1/2/2026 3:50,--,--,--,23.4,23.5,0
1/2/2026 3:55,--,--,--,23.4,23.5,0
1/2/2026 4:00,--,--,--,23.4,23.5,0
1/2/2026 4:05,--,--,--,23.3,23.5,0
1/2/2026 4:10,--,--,--,23.3,23.5,0
1/2/2026 4:15,--,--,--,23.3,23.5,0
1/2/2026 4:20,--,--,--,23.3,23.5,0
1/2/2026 4:25,--,--,--,23.3,23.5,0
1/2/2026 4:30,--,--,--,23.3,23.5,0
1/2/2026 4:35,--,--,--,23.1,23.6,0
1/2/2026 4:40,--,--,--,23.1,23.6,0
1/2/2026 4:45,--,--,--,23.1,23.6,0
1/2/2026 4:50,--,--,--,23.1,23.7,0
1/2/2026 4:55,--,--,--,23.1,23.7,0
1/2/2026 5:00,--,--,--,23.1,23.7,0
1/2/2026 5:05,--,--,--,23.3,23.8,0
1/2/2026 5:10,--,--,--,23.3,23.8,0
1/2/2026 5:15,--,--,--,23.3,23.8,0
1/2/2026 5:20,--,--,--,23.3,23.7,0
1/2/2026 5:25,--,--,--,23.3,23.7,0
1/2/2026 5:30,--,--,--,23.3,23.7,0
1/2/2026 5:35,--,--,--,23.5,23.5,0
1/2/2026 5:40,--,--,--,23.5,23.5,0
1/2/2026 5:45,--,--,--,23.5,23.5,0
1/2/2026 5:50,--,--,--,23.5,23.5,0
1/2/2026 5:55,--,--,--,23.5,23.5,0
1/2/2026 6:00,--,--,--,23.5,23.5,0
1/2/2026 6:05,--,--,--,23.3,23.4,0
1/2/2026 6:10,--,--,--,23.3,23.4,0
1/2/2026 6:15,--,--,--,23.3,23.4,0
1/2/2026 6:20,--,--,--,23.3,23.4,0
1/2/2026 6:25,--,--,--,23.3,23.4,0
1/2/2026 6:30,--,--,--,23.3,23.4,0
1/2/2026 6:35,--,--,--,23.1,23.4,0
1/2/2026 6:40,--,--,--,23.1,23.4,0
1/2/2026 6:45,--,--,--,23.1,23.4,0
1/2/2026 6:50,--,--,--,23.3,23.6,0
1/2/2026 6:55,--,--,--,23.3,23.6,0
1/2/2026 7:00,--,--,--,23.3,23.6,0
1/2/2026 7:05,--,--,--,23.4,23.5,0
1/2/2026 7:10,--,--,--,23.4,23.5,0
1/2/2026 7:15,--,--,--,23.4,23.5,0
1/2/2026 7:20,23.5,23.2,0,23.3,23.5,0
1/2/2026 7:25,23.5,23.2,0,23.3,23.5,0
1/2/2026 7:30,23.5,23.2,0,23.3,23.5,0
1/2/2026 7:35,23.5,23.4,0,23.3,23.5,0
1/2/2026 7:40,23.5,23.4,0,23.3,23.5,0
1/2/2026 7:45,23.5,23.4,0,23.3,23.5,0
1/2/2026 7:50,23.5,23.5,0,23.5,23.8,7
1/2/2026 7:55,23.5,23.5,0,23.5,23.8,7
1/2/2026 8:00,23.5,23.5,0,23.5,23.8,7
1/2/2026 8:05,23.8,24,16.7,24,24.3,22.8
1/2/2026 8:10,23.8,24,16.7,24,24.3,22.8
1/2/2026 8:15,23.8,24,16.7,24,24.3,22.8
1/2/2026 8:20,23.7,24,11.9,23.8,24.3,17.3
1/2/2026 8:25,23.7,24,11.9,23.8,24.3,17.3
1/2/2026 8:30,23.7,24,11.9,23.8,24.3,17.3
1/2/2026 8:35,24,24.4,22.8,24.6,24.8,41
1/2/2026 8:40,24,24.4,22.8,24.6,24.8,41
1/2/2026 8:45,24,24.4,22.8,24.6,24.8,41
1/2/2026 8:50,24.5,25.3,51.3,26.6,25.8,80.9
1/2/2026 8:55,24.5,25.3,51.3,26.6,25.8,80.9
1/2/2026 9:00,24.5,25.3,51.3,26.6,25.8,80.9
1/2/2026 9:05,25,26.5,74.3,28.5,26.6,128.2
1/2/2026 9:10,25,26.5,74.3,28.5,26.6,128.2
1/2/2026 9:15,25,26.5,74.3,28.5,26.6,128.2
1/2/2026 9:20,26.3,28.1,340.8,32.9,28.6,488.3
1/2/2026 9:25,26.3,28.1,340.8,32.9,28.6,488.3
1/2/2026 9:30,26.3,28.1,340.8,32.9,28.6,488.3
1/2/2026 9:35,28.4,29.7,475.8,37.2,29.2,612.4
1/2/2026 9:40,28.4,29.7,475.8,37.2,29.2,612.4
1/2/2026 9:45,28.4,29.7,475.8,37.2,29.2,612.4
1/2/2026 9:50,29.2,28.3,224.5,42.2,28.8,182
1/2/2026 9:55,29.2,28.3,224.5,42.2,28.8,182
1/2/2026 10:00,29.2,28.3,224.5,42.2,28.8,182
1/2/2026 10:05,27.6,27.6,470.9,34,27.6,208.6
1/2/2026 10:10,27.6,27.6,470.9,34,27.6,208.6
1/2/2026 10:15,27.6,27.6,470.9,34,27.6,208.6
1/2/2026 10:20,28,27.5,166.9,36.1,28.3,225.6
1/2/2026 10:25,28,27.5,166.9,36.1,28.3,225.6
1/2/2026 10:30,28,27.5,166.9,36.1,28.3,225.6
1/2/2026 10:35,28.3,28.8,446.7,38.9,30.3,320.1
1/2/2026 10:40,28.3,28.8,446.7,38.9,30.3,320.1
1/2/2026 10:45,28.3,28.8,446.7,38.9,30.3,320.1
1/2/2026 10:50,27.8,27.3,213.6,35.4,27.9,271.6
1/2/2026 10:55,27.8,27.3,213.6,35.4,27.9,271.6
1/2/2026 11:00,27.8,27.3,213.6,35.4,27.9,271.6
1/2/2026 11:05,29.1,28.6,265.6,35.6,28.8,399.3
1/2/2026 11:10,29.1,28.6,265.6,35.6,28.8,399.3
1/2/2026 11:15,29.1,28.6,265.6,35.6,28.8,399.3
1/2/2026 11:20,29.6,28.3,377.1,39.6,29.3,413.3
1/2/2026 11:25,29.6,28.3,377.1,39.6,29.3,413.3
1/2/2026 11:30,29.6,28.3,377.1,39.6,29.3,413.3
1/2/2026 11:35,29.6,28.3,291.7,37.9,29,363
1/2/2026 11:40,29.6,28.3,291.7,37.9,29,363
1/2/2026 11:45,29.6,28.3,291.7,37.9,29,363
1/2/2026 11:50,30.1,28.2,367.4,38.3,29.6,314.6
1/2/2026 11:55,30.1,28.2,367.4,38.3,29.6,314.6
1/2/2026 12:00,30.1,28.2,367.4,38.3,29.6,314.6
1/2/2026 12:05,30.3,28.9,369.8,39,29.1,476.2
1/2/2026 12:10,30.3,28.9,369.8,39,29.1,476.2
1/2/2026 12:15,30.3,28.9,369.8,39,29.1,476.2
1/2/2026 12:20,29.5,28.8,903.9,38.1,29.9,438.1
1/2/2026 12:25,29.5,28.8,903.9,38.1,29.9,438.1
1/2/2026 12:30,29.5,28.8,903.9,38.1,29.9,438.1
1/2/2026 12:35,31.1,29,661.7,37.8,28.8,403.6
1/2/2026 12:40,31.1,29,661.7,37.8,28.8,403.6
1/2/2026 12:45,31.1,29,661.7,37.8,28.8,403.6
1/2/2026 12:50,30.7,29.4,365.6,41.4,29.9,298.8
1/2/2026 12:55,30.7,29.4,365.6,41.4,29.9,298.8
1/2/2026 13:00,30.7,29.4,365.6,41.4,29.9,298.8
1/2/2026 13:05,30.8,29.5,1128.1,45.1,29.7,376.3
1/2/2026 13:10,30.8,29.5,1128.1,45.1,29.7,376.3
1/2/2026 13:15,30.8,29.5,1128.1,45.1,29.7,376.3
1/2/2026 13:20,31.1,29.5,572.1,43.3,29.7,1012.5
1/2/2026 13:25,31.1,29.5,572.1,43.3,29.7,1012.5
1/2/2026 13:30,31.1,29.5,572.1,43.3,29.7,1012.5
1/2/2026 13:35,31,29.3,266.3,44.5,29.1,266.7
1/2/2026 13:40,31,29.3,266.3,44.5,29.1,266.7
1/2/2026 13:45,31,29.3,266.3,44.5,29.1,266.7
1/2/2026 13:50,31.3,28.8,263.2,42,29.2,292.8
1/2/2026 13:55,31.3,28.8,263.2,42,29.2,292.8
1/2/2026 14:00,31.3,28.8,263.2,42,29.2,292.8
1/2/2026 14:05,32,28.7,268.1,42.9,30.1,395.1
1/2/2026 14:10,32,28.7,268.1,42.9,30.1,395.1
1/2/2026 14:15,32,28.7,268.1,42.9,30.1,395.1
1/2/2026 14:20,32.6,29.4,263.2,42.6,29.6,610
1/2/2026 14:25,32.6,29.4,263.2,42.6,29.6,610
1/2/2026 14:30,32.6,29.4,263.2,42.6,29.6,610
1/2/2026 14:35,32,28.6,1003.8,45.9,30.2,835.1
1/2/2026 14:40,32,28.6,1003.8,45.9,30.2,835.1
1/2/2026 14:45,32,28.6,1003.8,45.9,30.2,835.1
1/2/2026 14:50,30.8,28.9,824.6,41.5,29.5,980.5
1/2/2026 14:55,30.8,28.9,824.6,41.5,29.5,980.5
1/2/2026 15:00,30.8,28.9,824.6,41.5,29.5,980.5
1/2/2026 15:05,31.5,29.1,659.9,43.6,30,558.5
1/2/2026 15:10,31.5,29.1,659.9,43.6,30,558.5
1/2/2026 15:15,31.5,29.1,659.9,43.6,30,558.5
1/2/2026 15:20,32.5,29.2,833.7,47.6,29.5,981
1/2/2026 15:25,32.5,29.2,833.7,47.6,29.5,981
1/2/2026 15:30,32.5,29.2,833.7,47.6,29.5,981
1/2/2026 15:35,31.8,29,580,42.6,29.8,428.3
1/2/2026 15:40,31.8,29,580,42.6,29.8,428.3
1/2/2026 15:45,31.8,29,580,42.6,29.8,428.3
1/2/2026 15:50,31.3,29.5,196,44.3,29.6,786.7
1/2/2026 15:55,31.3,29.5,196,44.3,29.6,786.7
1/2/2026 16:00,31.3,29.5,196,44.3,29.6,786.7
1/2/2026 16:05,31.5,29.6,639.3,43.5,29.8,743.7
1/2/2026 16:10,31.5,29.6,639.3,43.5,29.8,743.7
1/2/2026 16:15,31.5,29.6,639.3,43.5,29.8,743.7
1/2/2026 16:20,31.1,28.3,193,39.3,29.6,588.8
1/2/2026 16:25,31.1,28.3,193,39.3,29.6,588.8
1/2/2026 16:30,31.1,28.3,193,39.3,29.6,588.8
1/2/2026 16:35,30.7,30.3,491,37.5,29.2,640.2
1/2/2026 16:40,30.7,30.3,491,37.5,29.2,640.2
1/2/2026 16:45,30.7,30.3,491,37.5,29.2,640.2
1/2/2026 16:50,30.1,28.5,168.2,37.2,28.9,192.3
1/2/2026 16:55,30.1,28.5,168.2,37.2,28.9,192.3
1/2/2026 17:00,30.1,28.5,168.2,37.2,28.9,192.3
1/2/2026 17:05,29.1,28.5,183.3,34.3,27.8,260.1
1/2/2026 17:10,29.1,28.5,183.3,34.3,27.8,260.1
1/2/2026 17:15,29.1,28.5,183.3,34.3,27.8,260.1
1/2/2026 17:20,29.3,28,151.2,36,28.1,221.9
1/2/2026 17:25,29.3,28,151.2,36,28.1,221.9
1/2/2026 17:30,29.3,28,151.2,36,28.1,221.9
1/2/2026 17:35,29.3,29.4,243.2,32.5,27.8,322.4
1/2/2026 17:40,29.3,29.4,243.2,32.5,27.8,322.4
1/2/2026 17:45,29.3,29.4,243.2,32.5,27.8,322.4
1/2/2026 17:50,28.1,27.6,203.9,31.8,28.3,148.7
1/2/2026 17:55,28.1,27.6,203.9,31.8,28.3,148.7
1/2/2026 18:00,28.1,27.6,203.9,31.8,28.3,148.7
1/2/2026 18:05,27.4,26.8,62.8,29.5,27.1,72.5
1/2/2026 18:10,27.4,26.8,62.8,29.5,27.1,72.5
1/2/2026 18:15,27.4,26.8,62.8,29.5,27.1,72.5
1/2/2026 18:20,26.8,26.6,39.2,28.8,27,50.7
1/2/2026 18:25,26.8,26.6,39.2,28.8,27,50.7
1/2/2026 18:30,26.8,26.6,39.2,28.8,27,50.7
1/2/2026 18:35,26.3,26.3,15,27,26.3,19.8
1/2/2026 18:40,26.3,26.3,15,27,26.3,19.8
1/2/2026 18:45,26.3,26.3,15,27,26.3,19.8
1/2/2026 18:50,25.8,26,6.5,25.5,26.1,10.1
1/2/2026 18:55,25.8,26,6.5,25.5,26.1,10.1
1/2/2026 19:00,25.8,26,6.5,25.5,26.1,10.1
1/2/2026 19:05,25.5,25.7,0,24.8,25.8,0
1/2/2026 19:10,25.5,25.7,0,24.8,25.8,0
1/2/2026 19:15,25.5,25.7,0,24.8,25.8,0
1/2/2026 19:20,25.4,25.6,0,24.6,25.6,0
1/2/2026 19:25,25.4,25.6,0,24.6,25.6,0
1/2/2026 19:30,25.4,25.6,0,24.6,25.6,0
1/2/2026 19:35,25.3,25.5,0,24.1,25.6,0
1/2/2026 19:40,25.3,25.5,0,24.1,25.6,0
1/2/2026 19:45,25.3,25.5,0,24.1,25.6,0
1/2/2026 19:50,25.1,25.4,0,23.7,25.3,0
1/2/2026 19:55,25.1,25.4,0,23.7,25.3,0
1/2/2026 20:00,25.1,25.4,0,23.7,25.3,0
1/2/2026 20:05,25.1,25.4,0,24.1,25.6,0
1/2/2026 20:10,25.1,25.4,0,24.1,25.6,0
1/2/2026 20:15,25.1,25.4,0,24.1,25.6,0
1/2/2026 20:20,25.1,25.4,0,23.9,25.3,0
1/2/2026 20:25,25.1,25.4,0,23.9,25.3,0
1/2/2026 20:30,25.1,25.4,0,23.9,25.3,0
1/2/2026 20:35,25.1,25.4,0,24,25.3,0
1/2/2026 20:40,--,--,--,24,25.3,0
1/2/2026 20:45,--,--,--,24,25.3,0
1/2/2026 20:50,--,--,--,24.2,25.5,0
1/2/2026 20:55,--,--,--,24.2,25.5,0
1/2/2026 21:00,--,--,--,24.2,25.5,0
1/2/2026 21:05,--,--,--,23.5,25.2,0
1/2/2026 21:10,--,--,--,23.5,25.2,0
1/2/2026 21:15,--,--,--,23.5,25.2,0
1/2/2026 21:20,--,--,--,23.2,25.1,0
1/2/2026 21:25,--,--,--,23.2,25.1,0
1/2/2026 21:30,--,--,--,23.2,25.1,0
1/2/2026 21:35,--,--,--,23.3,25,0
1/2/2026 21:40,--,--,--,23.3,25,0
1/2/2026 21:45,--,--,--,23.3,25,0
1/2/2026 21:50,--,--,--,23.4,25.3,0
1/2/2026 21:55,--,--,--,23.4,25.3,0
1/2/2026 22:00,--,--,--,23.4,25.3,0
1/2/2026 22:05,--,--,--,22.8,24.6,0
1/2/2026 22:10,--,--,--,22.8,24.6,0
1/2/2026 22:15,--,--,--,22.8,24.6,0
1/2/2026 22:20,--,--,--,22.6,24.6,0
1/2/2026 22:25,--,--,--,22.6,24.6,0
1/2/2026 22:30,--,--,--,22.6,24.6,0
1/2/2026 22:35,--,--,--,22.8,24.3,0
1/2/2026 22:40,--,--,--,22.8,24.3,0
1/2/2026 22:45,--,--,--,22.8,24.3,0
1/2/2026 22:50,--,--,--,22.3,24,0
1/2/2026 22:55,--,--,--,22.3,24,0
1/2/2026 23:00,--,--,--,22.3,24,0
1/2/2026 23:05,--,--,--,22,23.8,0
1/2/2026 23:10,--,--,--,22,23.8,0
1/2/2026 23:15,--,--,--,22,23.8,0
1/2/2026 23:20,--,--,--,21.8,23.9,0
1/2/2026 23:25,--,--,--,21.8,23.9,0
1/2/2026 23:30,--,--,--,21.8,23.9,0
1/2/2026 23:35,--,--,--,22,24,0
1/2/2026 23:40,--,--,--,22,24,0
1/2/2026 23:45,--,--,--,22,24,0
1/2/2026 23:50,--,--,--,21.8,23.5,0
1/2/2026 23:55,--,--,--,21.8,23.5,0
2/2/2026 0:00,--,--,--,--,--,--
2/2/2026 0:05,--,--,--,--,--,--
2/2/2026 0:10,--,--,--,--,--,--
2/2/2026 0:15,--,--,--,--,--,--
2/2/2026 0:20,--,--,--,22.3,23.6,0
2/2/2026 0:25,--,--,--,22.3,23.6,0
2/2/2026 0:30,--,--,--,22.3,23.6,0
2/2/2026 0:35,--,--,--,21.8,23.4,0
2/2/2026 0:40,--,--,--,21.8,23.4,0
2/2/2026 0:45,--,--,--,21.8,23.4,0
2/2/2026 0:50,--,--,--,21.4,23.1,0
2/2/2026 0:55,--,--,--,21.4,23.1,0
2/2/2026 1:00,--,--,--,21.4,23.1,0
2/2/2026 1:05,--,--,--,21,23,0
2/2/2026 1:10,--,--,--,21,23,0
2/2/2026 1:15,--,--,--,21,23,0
2/2/2026 1:20,--,--,--,21,22.7,0
2/2/2026 1:25,--,--,--,21,22.7,0
2/2/2026 1:30,--,--,--,21,22.7,0
2/2/2026 1:35,--,--,--,21,22.7,0
2/2/2026 1:40,--,--,--,21,22.7,0
2/2/2026 1:45,--,--,--,21,22.7,0
2/2/2026 1:50,--,--,--,21.2,22.8,0
2/2/2026 1:55,--,--,--,21.2,22.8,0
2/2/2026 2:00,--,--,--,21.2,22.8,0
2/2/2026 2:05,--,--,--,21.5,23.3,0
2/2/2026 2:10,--,--,--,21.5,23.3,0
2/2/2026 2:15,--,--,--,21.5,23.3,0
2/2/2026 2:20,--,--,--,21.6,23.1,0
2/2/2026 2:25,--,--,--,21.6,23.1,0
2/2/2026 2:30,--,--,--,21.6,23.1,0
2/2/2026 2:35,--,--,--,21.3,23.1,0
2/2/2026 2:40,--,--,--,21.3,23.1,0
2/2/2026 2:45,--,--,--,21.3,23.1,0
2/2/2026 2:50,--,--,--,21,22.8,0
2/2/2026 2:55,--,--,--,21,22.8,0
2/2/2026 3:00,--,--,--,21,22.8,0
2/2/2026 3:05,--,--,--,21.5,23.1,0
2/2/2026 3:10,--,--,--,21.5,23.1,0
2/2/2026 3:15,--,--,--,21.5,23.1,0
2/2/2026 3:20,--,--,--,21.4,23,0
2/2/2026 3:25,--,--,--,21.4,23,0
2/2/2026 3:30,--,--,--,21.4,23,0
2/2/2026 3:35,--,--,--,21.2,22.8,0
2/2/2026 3:40,--,--,--,21.2,22.8,0
2/2/2026 3:45,--,--,--,21.2,22.8,0
2/2/2026 3:50,--,--,--,21.1,22.6,0
2/2/2026 3:55,--,--,--,21.1,22.6,0
2/2/2026 4:00,--,--,--,21.1,22.6,0
2/2/2026 4:05,--,--,--,20.9,22.4,0
2/2/2026 4:10,--,--,--,20.9,22.4,0
2/2/2026 4:15,--,--,--,20.9,22.4,0
2/2/2026 4:20,--,--,--,20.6,22.2,0
2/2/2026 4:25,--,--,--,20.6,22.2,0
2/2/2026 4:30,--,--,--,20.6,22.2,0
2/2/2026 4:35,--,--,--,20.9,22.5,0
2/2/2026 4:40,--,--,--,20.9,22.5,0
2/2/2026 4:45,--,--,--,20.9,22.5,0
2/2/2026 4:50,--,--,--,21.6,23,0
2/2/2026 4:55,--,--,--,21.6,23,0
2/2/2026 5:00,--,--,--,21.6,23,0
2/2/2026 5:05,--,--,--,22,23.2,0
2/2/2026 5:10,--,--,--,22,23.2,0
2/2/2026 5:15,--,--,--,22,23.2,0
2/2/2026 5:20,--,--,--,22.1,23.1,0
2/2/2026 5:25,--,--,--,22.1,23.1,0
2/2/2026 5:30,--,--,--,22.1,23.1,0
2/2/2026 5:35,--,--,--,21.8,23.2,0
2/2/2026 5:40,--,--,--,21.8,23.2,0
2/2/2026 5:45,--,--,--,21.8,23.2,0
2/2/2026 5:50,--,--,--,21.1,22.8,0
2/2/2026 5:55,--,--,--,21.1,22.8,0
2/2/2026 6:00,--,--,--,21.1,22.8,0
2/2/2026 6:05,--,--,--,20.9,22.5,0
2/2/2026 6:10,--,--,--,20.9,22.5,0
2/2/2026 6:15,--,--,--,20.9,22.5,0
2/2/2026 6:20,--,--,--,21.3,22.4,0
2/2/2026 6:25,--,--,--,21.3,22.4,0
2/2/2026 6:30,--,--,--,21.3,22.4,0
2/2/2026 6:35,--,--,--,21.1,22.3,0
2/2/2026 6:40,--,--,--,21.1,22.3,0
2/2/2026 6:45,--,--,--,21.1,22.3,0
2/2/2026 6:50,--,--,--,21.6,22.8,0
2/2/2026 6:55,--,--,--,21.6,22.8,0
2/2/2026 7:00,--,--,--,21.6,22.8,0
2/2/2026 7:05,--,--,--,21.4,22.8,0
2/2/2026 7:10,--,--,--,21.4,22.8,0
2/2/2026 7:15,--,--,--,21.4,22.8,0
2/2/2026 7:20,22,22,0,21.7,22.3,0
2/2/2026 7:25,22,22,0,21.7,22.3,0
2/2/2026 7:30,22,22,0,21.7,22.3,0
2/2/2026 7:35,22.1,22.1,0,22,23.1,0
2/2/2026 7:40,22.1,22.1,0,22,23.1,0
2/2/2026 7:45,22.1,22.1,0,22,23.1,0
2/2/2026 7:50,22.1,22.8,11.3,22.2,23.3,21
2/2/2026 7:55,22.1,22.8,11.3,22.2,23.3,21
2/2/2026 8:00,22.1,22.8,11.3,22.2,23.3,21
2/2/2026 8:05,22.5,23.6,54.9,22.8,24.1,53
2/2/2026 8:10,22.5,23.6,54.9,22.8,24.1,53
2/2/2026 8:15,22.5,23.6,54.9,22.8,24.1,53
2/2/2026 8:20,22.8,24,31.9,23.6,24.6,70
2/2/2026 8:25,22.8,24,31.9,23.6,24.6,70
2/2/2026 8:30,22.8,24,31.9,23.6,24.6,70
2/2/2026 8:35,23.6,24.2,51.9,26.2,24.8,55.5
2/2/2026 8:40,23.6,24.2,51.9,26.2,24.8,55.5
2/2/2026 8:45,23.6,24.2,51.9,26.2,24.8,55.5
2/2/2026 8:50,23.6,24.1,38.6,25.6,24.4,41.5
2/2/2026 8:55,23.6,24.1,38.6,25.6,24.4,41.5
2/2/2026 9:00,23.6,24.1,38.6,25.6,24.4,41.5
2/2/2026 9:05,24,24.5,84.5,26.4,24.6,110.5
2/2/2026 9:10,24,24.5,84.5,26.4,24.6,110.5
2/2/2026 9:15,24,24.5,84.5,26.4,24.6,110.5
2/2/2026 9:20,26,26,150.6,30.7,25.8,199.6
2/2/2026 9:25,26,26,150.6,30.7,25.8,199.6
2/2/2026 9:30,26,26,150.6,30.7,25.8,199.6
2/2/2026 9:35,26.7,26.9,239,31,26.6,166.9
2/2/2026 9:40,26.7,26.9,239,31,26.6,166.9
2/2/2026 9:45,26.7,26.9,239,31,26.6,166.9
2/2/2026 9:50,28.6,29.4,458.9,37.8,31.1,582.7
2/2/2026 9:55,28.6,29.4,458.9,37.8,31.1,582.7
2/2/2026 10:00,28.6,29.4,458.9,37.8,31.1,582.7
2/2/2026 10:05,29.1,28.5,179.1,40.5,30.7,548.8
2/2/2026 10:10,29.1,28.5,179.1,40.5,30.7,548.8
2/2/2026 10:15,29.1,28.5,179.1,40.5,30.7,548.8
2/2/2026 10:20,28.9,28.9,533.9,38.3,30,554.3
2/2/2026 10:25,28.9,28.9,533.9,38.3,30,554.3
2/2/2026 10:30,28.9,28.9,533.9,38.3,30,554.3
2/2/2026 10:35,29.8,29,573.3,39.3,28.7,587.5
2/2/2026 10:40,29.8,29,573.3,39.3,28.7,587.5
2/2/2026 10:45,29.8,29,573.3,39.3,28.7,587.5
2/2/2026 10:50,30.5,29.1,629.6,36.1,27.6,207.4
2/2/2026 10:55,30.5,29.1,629.6,36.1,27.6,207.4
2/2/2026 11:00,30.5,29.1,629.6,36.1,27.6,207.4
2/2/2026 11:05,31.6,29.8,716.8,43.9,30.5,816.4
2/2/2026 11:10,31.6,29.8,716.8,43.9,30.5,816.4
2/2/2026 11:15,31.6,29.8,716.8,43.9,30.5,816.4
2/2/2026 11:20,30.5,28.2,168.7,42.5,29,212.2
2/2/2026 11:25,30.5,28.2,168.7,42.5,29,212.2
2/2/2026 11:30,30.5,28.2,168.7,42.5,29,212.2
2/2/2026 11:35,32.3,29.5,667.7,43,29,367.3
2/2/2026 11:40,32.3,29.5,667.7,43,29,367.3
2/2/2026 11:45,32.3,29.5,667.7,43,29,367.3
2/2/2026 11:50,32.3,29.5,771.9,42.5,30,551.8
2/2/2026 11:55,32.3,29.5,771.9,42.5,30,551.8
2/2/2026 12:00,32.3,29.5,771.9,42.5,30,551.8
2/2/2026 12:05,31.3,29.3,841.6,42.8,31.6,967.1
2/2/2026 12:10,31.3,29.3,841.6,42.8,31.6,967.1
2/2/2026 12:15,31.3,29.3,841.6,42.8,31.6,967.1
2/2/2026 12:20,31.8,29.1,337.7,41.7,29,921.8
2/2/2026 12:25,31.8,29.1,337.7,41.7,29,921.8
2/2/2026 12:30,31.8,29.1,337.7,41.7,29,921.8
2/2/2026 12:35,32.2,28.8,833.7,46.8,30.5,901.8
2/2/2026 12:40,32.2,28.8,833.7,46.8,30.5,901.8
2/2/2026 12:45,32.2,28.8,833.7,46.8,30.5,901.8
2/2/2026 12:50,31.1,28.5,891.9,45.6,30.4,1016.8
2/2/2026 12:55,31.1,28.5,891.9,45.6,30.4,1016.8
2/2/2026 13:00,31.1,28.5,891.9,45.6,30.4,1016.8
2/2/2026 13:05,30.3,28.2,927,43,29.6,1018.5
2/2/2026 13:10,30.3,28.2,927,43,29.6,1018.5
2/2/2026 13:15,30.3,28.2,927,43,29.6,1018.5
2/2/2026 13:20,32,28.6,206.3,48,30.3,1022.2
2/2/2026 13:25,32,28.6,206.3,48,30.3,1022.2
2/2/2026 13:30,32,28.6,206.3,48,30.3,1022.2
2/2/2026 13:35,31.9,29.8,974.2,49.1,30.3,1034.9
2/2/2026 13:40,31.9,29.8,974.2,49.1,30.3,1034.9
2/2/2026 13:45,31.9,29.8,974.2,49.1,30.3,1034.9
2/2/2026 13:50,32.3,28.8,1000.8,48.7,30.2,1047
2/2/2026 13:55,32.3,28.8,1000.8,48.7,30.2,1047
2/2/2026 14:00,32.3,28.8,1000.8,48.7,30.2,1047
2/2/2026 14:05,32.3,29,919.7,49,29.2,967.1
2/2/2026 14:10,32.3,29,919.7,49,29.2,967.1
2/2/2026 14:15,32.3,29,919.7,49,29.2,967.1
2/2/2026 14:20,32.9,29,920.9,47.5,29.6,955
2/2/2026 14:25,32.9,29,920.9,47.5,29.6,955
2/2/2026 14:30,32.9,29,920.9,47.5,29.6,955
2/2/2026 14:35,34,29.4,474.6,47.8,31,961.7
2/2/2026 14:40,34,29.4,474.6,47.8,31,961.7
2/2/2026 14:45,34,29.4,474.6,47.8,31,961.7
2/2/2026 14:50,33.4,28.7,810.1,45.4,30.1,835.1
2/2/2026 14:55,33.4,28.7,810.1,45.4,30.1,835.1
2/2/2026 15:00,33.4,28.7,810.1,45.4,30.1,835.1
2/2/2026 15:05,32.1,28.6,742.9,46.3,29.3,826.1
2/2/2026 15:10,32.1,28.6,742.9,46.3,29.3,826.1
2/2/2026 15:15,32.1,28.6,742.9,46.3,29.3,826.1
2/2/2026 15:20,32.3,29,686.6,45.6,29.5,763.7
2/2/2026 15:25,32.3,29,686.6,45.6,29.5,763.7
2/2/2026 15:30,32.3,29,686.6,45.6,29.5,763.7
2/2/2026 15:35,33.6,29.5,621.8,45,30.4,707.4
2/2/2026 15:40,33.6,29.5,621.8,45,30.4,707.4
2/2/2026 15:45,33.6,29.5,621.8,45,30.4,707.4
2/2/2026 15:50,32.2,30.5,573.3,43.5,30.1,661.4
2/2/2026 15:55,32.2,30.5,573.3,43.5,30.1,661.4
2/2/2026 16:00,32.2,30.5,573.3,43.5,30.1,661.4
2/2/2026 16:05,31.1,29.7,519.4,43.4,29.8,624.5
2/2/2026 16:10,31.1,29.7,519.4,43.4,29.8,624.5
2/2/2026 16:15,31.1,29.7,519.4,43.4,29.8,624.5
2/2/2026 16:20,30.9,30.1,454,40.8,29.3,566.4
2/2/2026 16:25,30.9,30.1,454,40.8,29.3,566.4
2/2/2026 16:30,30.9,30.1,454,40.8,29.3,566.4
2/2/2026 16:35,30.8,30.1,421.3,40.6,29.6,546.4
2/2/2026 16:40,30.8,30.1,421.3,40.6,29.6,546.4
2/2/2026 16:45,30.8,30.1,421.3,40.6,29.6,546.4
2/2/2026 16:50,31.1,30.5,331.6,38.3,29.1,349.1
2/2/2026 16:55,31.1,30.5,331.6,38.3,29.1,349.1
2/2/2026 17:00,31.1,30.5,331.6,38.3,29.1,349.1
2/2/2026 17:05,28.6,27.1,196.6,32.7,27.6,235.9
2/2/2026 17:10,28.6,27.1,196.6,32.7,27.6,235.9
2/2/2026 17:15,28.6,27.1,196.6,32.7,27.6,235.9
2/2/2026 17:20,27.8,26.4,116.7,31.7,27.1,135.4
2/2/2026 17:25,27.8,26.4,116.7,31.7,27.1,135.4
2/2/2026 17:30,27.8,26.4,116.7,31.7,27.1,135.4
2/2/2026 17:35,27.6,28,256.6,30.9,27.3,344.8
2/2/2026 17:40,27.6,28,256.6,30.9,27.3,344.8
2/2/2026 17:45,27.6,28,256.6,30.9,27.3,344.8
2/2/2026 17:50,26.8,25.8,56.1,29,26.1,64
2/2/2026 17:55,26.8,25.8,56.1,29,26.1,64
2/2/2026 18:00,26.8,25.8,56.1,29,26.1,64
2/2/2026 18:05,26,25.5,39.2,27.3,25.9,47
2/2/2026 18:10,26,25.5,39.2,27.3,25.9,47
2/2/2026 18:15,26,25.5,39.2,27.3,25.9,47
2/2/2026 18:20,25.9,25.7,40.9,26.9,26,50
2/2/2026 18:25,25.9,25.7,40.9,26.9,26,50
2/2/2026 18:30,25.9,25.7,40.9,26.9,26,50
2/2/2026 18:35,26,25.9,32.5,27,26,41
2/2/2026 18:40,26,25.9,32.5,27,26,41
2/2/2026 18:45,26,25.9,32.5,27,26,41
2/2/2026 18:50,26,25.8,21.6,26.6,25.9,28.3
2/2/2026 18:55,26,25.8,21.6,26.6,25.9,28.3
2/2/2026 19:00,26,25.8,21.6,26.6,25.9,28.3
2/2/2026 19:05,25.6,25.3,0,25.7,25.6,0
2/2/2026 19:10,25.6,25.3,0,25.7,25.6,0
2/2/2026 19:15,25.6,25.3,0,25.7,25.6,0
2/2/2026 19:20,25.3,25.3,0,25,25.5,0
2/2/2026 19:25,25.3,25.3,0,25,25.5,0
2/2/2026 19:30,25.3,25.3,0,25,25.5,0
2/2/2026 19:35,25.3,25.5,0,24.7,25.6,0
2/2/2026 19:40,25.3,25.5,0,24.7,25.6,0
2/2/2026 19:45,25.3,25.5,0,24.7,25.6,0
2/2/2026 19:50,25.2,25.5,0,24.8,25.8,0
2/2/2026 19:55,25.2,25.5,0,24.8,25.8,0
2/2/2026 20:00,25.2,25.5,0,24.8,25.8,0
2/2/2026 20:05,25.2,25.5,0,24.5,25.6,0
2/2/2026 20:10,25.2,25.5,0,24.5,25.6,0
2/2/2026 20:15,25.2,25.5,0,24.5,25.6,0
2/2/2026 20:20,25.2,25.5,0,23.5,25.3,0
2/2/2026 20:25,25.2,25.5,0,23.5,25.3,0
2/2/2026 20:30,25.2,25.5,0,23.5,25.3,0
2/2/2026 20:35,25.2,25.5,0,23.1,25.3,0
2/2/2026 20:40,--,--,--,23.1,25.3,0
2/2/2026 20:45,--,--,--,23.1,25.3,0
2/2/2026 20:50,--,--,--,23.9,25.4,0
2/2/2026 20:55,--,--,--,23.9,25.4,0
2/2/2026 21:00,--,--,--,23.9,25.4,0
2/2/2026 21:05,--,--,--,23.7,25.1,0
2/2/2026 21:10,--,--,--,23.7,25.1,0
2/2/2026 21:15,--,--,--,23.7,25.1,0
2/2/2026 21:20,--,--,--,23.3,25.1,0
2/2/2026 21:25,--,--,--,23.3,25.1,0
2/2/2026 21:30,--,--,--,23.3,25.1,0
2/2/2026 21:35,--,--,--,23,24.8,0
2/2/2026 21:40,--,--,--,23,24.8,0
2/2/2026 21:45,--,--,--,23,24.8,0
2/2/2026 21:50,--,--,--,23.1,25,0
2/2/2026 21:55,--,--,--,23.1,25,0
2/2/2026 22:00,--,--,--,23.1,25,0
2/2/2026 22:05,--,--,--,23.1,25,0
2/2/2026 22:10,--,--,--,23.1,25,0
2/2/2026 22:15,--,--,--,23.1,25,0
2/2/2026 22:20,--,--,--,23.1,25.1,0
2/2/2026 22:25,--,--,--,23.1,25.1,0
2/2/2026 22:30,--,--,--,23.1,25.1,0
2/2/2026 22:35,--,--,--,23.1,25,0
2/2/2026 22:40,--,--,--,23.1,25,0
2/2/2026 22:45,--,--,--,23.1,25,0
2/2/2026 22:50,--,--,--,23.2,25.1,0
2/2/2026 22:55,--,--,--,23.2,25.1,0
2/2/2026 23:00,--,--,--,23.2,25.1,0
2/2/2026 23:05,--,--,--,22.8,24.9,0
2/2/2026 23:10,--,--,--,22.8,24.9,0
2/2/2026 23:15,--,--,--,22.8,24.9,0
2/2/2026 23:20,--,--,--,23.4,25.1,0
2/2/2026 23:25,--,--,--,23.4,25.1,0
2/2/2026 23:30,--,--,--,23.4,25.1,0
2/2/2026 23:35,--,--,--,23.1,25,0
2/2/2026 23:40,--,--,--,23.1,25,0
2/2/2026 23:45,--,--,--,23.1,25,0
2/2/2026 23:50,--,--,--,22.6,24.9,0
2/2/2026 23:55,--,--,--,22.6,24.9,0
3/2/2026 0:00,--,--,--,--,--,--
3/2/2026 0:05,--,--,--,--,--,--
3/2/2026 0:10,--,--,--,--,--,--
3/2/2026 0:15,--,--,--,--,--,--
3/2/2026 0:20,--,--,--,22.3,24.6,0
3/2/2026 0:25,--,--,--,22.3,24.6,0
3/2/2026 0:30,--,--,--,22.3,24.6,0
3/2/2026 0:35,--,--,--,22.2,24.3,0
3/2/2026 0:40,--,--,--,22.2,24.3,0
3/2/2026 0:45,--,--,--,22.2,24.3,0
3/2/2026 0:50,--,--,--,22.3,24.1,0
3/2/2026 0:55,--,--,--,22.3,24.1,0
3/2/2026 1:00,--,--,--,22.3,24.1,0
3/2/2026 1:05,--,--,--,21.5,23,0
3/2/2026 1:10,--,--,--,21.5,23,0
3/2/2026 1:15,--,--,--,21.5,23,0
3/2/2026 1:20,--,--,--,21.7,23,0
3/2/2026 1:25,--,--,--,21.7,23,0
3/2/2026 1:30,--,--,--,21.7,23,0
3/2/2026 1:35,--,--,--,22.1,23.1,0
3/2/2026 1:40,--,--,--,22.1,23.1,0
3/2/2026 1:45,--,--,--,22.1,23.1,0
3/2/2026 1:50,--,--,--,21.8,22.8,0
3/2/2026 1:55,--,--,--,21.8,22.8,0
3/2/2026 2:00,--,--,--,21.8,22.8,0
3/2/2026 2:05,--,--,--,21.4,22.6,0
3/2/2026 2:10,--,--,--,21.4,22.6,0
3/2/2026 2:15,--,--,--,21.4,22.6,0
3/2/2026 2:20,--,--,--,20.8,22.1,0
3/2/2026 2:25,--,--,--,20.8,22.1,0
3/2/2026 2:30,--,--,--,20.8,22.1,0
3/2/2026 2:35,--,--,--,20.8,22.1,0
3/2/2026 2:40,--,--,--,20.8,22.1,0
3/2/2026 2:45,--,--,--,20.8,22.1,0
3/2/2026 2:50,--,--,--,20.4,22,0
3/2/2026 2:55,--,--,--,20.4,22,0
3/2/2026 3:00,--,--,--,20.4,22,0
3/2/2026 3:05,--,--,--,21.3,22,0
3/2/2026 3:10,--,--,--,21.3,22,0
3/2/2026 3:15,--,--,--,21.3,22,0
3/2/2026 3:20,--,--,--,21.9,22.1,0
3/2/2026 3:25,--,--,--,21.9,22.1,0
3/2/2026 3:30,--,--,--,21.9,22.1,0
3/2/2026 3:35,--,--,--,22,22.6,0
3/2/2026 3:40,--,--,--,22,22.6,0
3/2/2026 3:45,--,--,--,22,22.6,0
3/2/2026 3:50,--,--,--,22.4,23.1,0
3/2/2026 3:55,--,--,--,22.4,23.1,0
3/2/2026 4:00,--,--,--,22.4,23.1,0
3/2/2026 4:05,--,--,--,22.5,23.2,0
3/2/2026 4:10,--,--,--,22.5,23.2,0
3/2/2026 4:15,--,--,--,22.5,23.2,0
3/2/2026 4:20,--,--,--,22.3,22.8,0
3/2/2026 4:25,--,--,--,22.3,22.8,0
3/2/2026 4:30,--,--,--,22.3,22.8,0
3/2/2026 4:35,--,--,--,22.1,22.6,0
3/2/2026 4:40,--,--,--,22.1,22.6,0
3/2/2026 4:45,--,--,--,22.1,22.6,0
3/2/2026 4:50,--,--,--,22,22.7,0
3/2/2026 4:55,--,--,--,22,22.7,0
3/2/2026 5:00,--,--,--,22,22.7,0
3/2/2026 5:05,--,--,--,21.9,22.6,0
3/2/2026 5:10,--,--,--,21.9,22.6,0
3/2/2026 5:15,--,--,--,21.9,22.6,0
3/2/2026 5:20,--,--,--,21.8,22.5,0
3/2/2026 5:25,--,--,--,21.8,22.5,0
3/2/2026 5:30,--,--,--,21.8,22.5,0
3/2/2026 5:35,--,--,--,21.7,22.4,0
3/2/2026 5:40,--,--,--,21.7,22.4,0
3/2/2026 5:45,--,--,--,21.7,22.4,0
3/2/2026 5:50,--,--,--,21.9,22.4,0
3/2/2026 5:55,--,--,--,21.9,22.4,0
3/2/2026 6:00,--,--,--,21.9,22.4,0
3/2/2026 6:05,--,--,--,22.1,22.3,0
3/2/2026 6:10,--,--,--,22.1,22.3,0
3/2/2026 6:15,--,--,--,22.1,22.3,0
3/2/2026 6:20,--,--,--,22.2,22.3,0
3/2/2026 6:25,--,--,--,22.2,22.3,0
3/2/2026 6:30,--,--,--,22.2,22.3,0
3/2/2026 6:35,--,--,--,22,22.1,0
3/2/2026 6:40,--,--,--,22,22.1,0
3/2/2026 6:45,--,--,--,22,22.1,0
3/2/2026 6:50,--,--,--,21.8,22.1,0
3/2/2026 6:55,--,--,--,21.8,22.1,0
3/2/2026 7:00,--,--,--,21.8,22.1,0
3/2/2026 7:05,--,--,--,21.6,22.3,0
3/2/2026 7:10,--,--,--,21.6,22.3,0
3/2/2026 7:15,--,--,--,21.6,22.3,0
3/2/2026 7:20,22.2,22.5,0,21.7,22.4,0
3/2/2026 7:25,22.2,22.5,0,21.7,22.4,0
3/2/2026 7:30,22.2,22.5,0,21.7,22.4,0
3/2/2026 7:35,22.2,22.5,0,21.6,22.5,0
3/2/2026 7:40,22.2,22.5,0,21.6,22.5,0
3/2/2026 7:45,22.2,22.5,0,21.6,22.5,0
3/2/2026 7:50,22.1,22.6,0,21.8,22.6,0
3/2/2026 7:55,22.1,22.6,0,21.8,22.6,0
3/2/2026 8:00,22.1,22.6,0,21.8,22.6,0
3/2/2026 8:05,22.4,23.1,15.5,22.6,23.1,10.7
3/2/2026 8:10,22.4,23.1,15.5,22.6,23.1,10.7
3/2/2026 8:15,22.4,23.1,15.5,22.6,23.1,10.7
3/2/2026 8:20,22.8,23.1,0,23.1,23.1,0
3/2/2026 8:25,22.8,23.1,0,23.1,23.1,0
3/2/2026 8:30,22.8,23.1,0,23.1,23.1,0
3/2/2026 8:35,22.8,23.1,11.3,22.9,23.1,11.3
3/2/2026 8:40,22.8,23.1,11.3,22.9,23.1,11.3
3/2/2026 8:45,22.8,23.1,11.3,22.9,23.1,11.3
3/2/2026 8:50,23,23.1,38.6,23.1,23.3,42.2
3/2/2026 8:55,23,23.1,38.6,23.1,23.3,42.2
3/2/2026 9:00,23,23.1,38.6,23.1,23.3,42.2
3/2/2026 9:05,23.2,24.4,116.7,24.1,24.3,128.2
3/2/2026 9:10,23.2,24.4,116.7,24.1,24.3,128.2
3/2/2026 9:15,23.2,24.4,116.7,24.1,24.3,128.2
3/2/2026 9:20,23.7,24.2,85.2,26.1,24.3,99
3/2/2026 9:25,23.7,24.2,85.2,26.1,24.3,99
3/2/2026 9:30,23.7,24.2,85.2,26.1,24.3,99
3/2/2026 9:35,23.9,24.2,80.3,26.7,24.5,105.7
3/2/2026 9:40,23.9,24.2,80.3,26.7,24.5,105.7
3/2/2026 9:45,23.9,24.2,80.3,26.7,24.5,105.7
3/2/2026 9:50,25.3,26,230.5,33.2,27.1,267.9
3/2/2026 9:55,25.3,26,230.5,33.2,27.1,267.9
3/2/2026 10:00,25.3,26,230.5,33.2,27.1,267.9
3/2/2026 10:05,26.3,26.9,220.2,34.1,27.5,281.9
3/2/2026 10:10,26.3,26.9,220.2,34.1,27.5,281.9
3/2/2026 10:15,26.3,26.9,220.2,34.1,27.5,281.9
3/2/2026 10:20,27.3,27.3,369.2,37.1,28,555.5
3/2/2026 10:25,27.3,27.3,369.2,37.1,28,555.5
3/2/2026 10:30,27.3,27.3,369.2,37.1,28,555.5
3/2/2026 10:35,27.3,27.3,162.1,38,28.1,214.7
3/2/2026 10:40,27.3,27.3,162.1,38,28.1,214.7
3/2/2026 10:45,27.3,27.3,162.1,38,28.1,214.7
3/2/2026 10:50,28,28.8,596.3,36.6,29.5,713.5
3/2/2026 10:55,28,28.8,596.3,36.6,29.5,713.5
3/2/2026 11:00,28,28.8,596.3,36.6,29.5,713.5
3/2/2026 11:05,28.2,28.1,152.4,38.1,28.6,252.9
3/2/2026 11:10,28.2,28.1,152.4,38.1,28.6,252.9
3/2/2026 11:15,28.2,28.1,152.4,38.1,28.6,252.9
3/2/2026 11:20,27.1,27,306.2,34.8,29.2,460.5
3/2/2026 11:25,27.1,27,306.2,34.8,29.2,460.5
3/2/2026 11:30,27.1,27,306.2,34.8,29.2,460.5
3/2/2026 11:35,28.4,27.6,210.5,36.4,27.8,251
3/2/2026 11:40,28.4,27.6,210.5,36.4,27.8,251
3/2/2026 11:45,28.4,27.6,210.5,36.4,27.8,251
3/2/2026 11:50,26.8,27.2,257.8,32.3,27.9,304.9
3/2/2026 11:55,26.8,27.2,257.8,32.3,27.9,304.9
3/2/2026 12:00,26.8,27.2,257.8,32.3,27.9,304.9
3/2/2026 12:05,29.5,29.3,888.2,44.2,30.1,362.4
3/2/2026 12:10,29.5,29.3,888.2,44.2,30.1,362.4
3/2/2026 12:15,29.5,29.3,888.2,44.2,30.1,362.4
3/2/2026 12:20,31.3,29.5,701.1,49.3,30.2,1012.5
3/2/2026 12:25,31.3,29.5,701.1,49.3,30.2,1012.5
3/2/2026 12:30,31.3,29.5,701.1,49.3,30.2,1012.5
3/2/2026 12:35,29.6,28.2,888.2,48,29.9,992
3/2/2026 12:40,29.6,28.2,888.2,48,29.9,992
3/2/2026 12:45,29.6,28.2,888.2,48,29.9,992
3/2/2026 12:50,30.5,28.3,875.5,48.8,30.1,982.3
3/2/2026 12:55,30.5,28.3,875.5,48.8,30.1,982.3
3/2/2026 13:00,30.5,28.3,875.5,48.8,30.1,982.3
3/2/2026 13:05,31.1,28.8,437.7,49.4,30.1,913.3
3/2/2026 13:10,31.1,28.8,437.7,49.4,30.1,913.3
3/2/2026 13:15,31.1,28.8,437.7,49.4,30.1,913.3
3/2/2026 13:20,31.2,28.8,966.4,48.8,29.5,1032.5
3/2/2026 13:25,31.2,28.8,966.4,48.8,29.5,1032.5
3/2/2026 13:30,31.2,28.8,966.4,48.8,29.5,1032.5
3/2/2026 13:35,31.7,28.6,973.6,49,29.9,1025.2
3/2/2026 13:40,31.7,28.6,973.6,49,29.9,1025.2
3/2/2026 13:45,31.7,28.6,973.6,49,29.9,1025.2
3/2/2026 13:50,32,30,541.2,50.6,30.8,763.7
3/2/2026 13:55,32,30,541.2,50.6,30.8,763.7
3/2/2026 14:00,32,30,541.2,50.6,30.8,763.7
3/2/2026 14:05,31.2,29.6,647.2,45.3,30.1,762.6
3/2/2026 14:10,31.2,29.6,647.2,45.3,30.1,762.6
3/2/2026 14:15,31.2,29.6,647.2,45.3,30.1,762.6
3/2/2026 14:20,30.2,28.3,536.9,42.6,29.3,706.9
3/2/2026 14:25,30.2,28.3,536.9,42.6,29.3,706.9
3/2/2026 14:30,30.2,28.3,536.9,42.6,29.3,706.9
3/2/2026 14:35,30.1,29.2,389.8,40.7,28.8,467.1
3/2/2026 14:40,30.1,29.2,389.8,40.7,28.8,467.1
3/2/2026 14:45,30.1,29.2,389.8,40.7,28.8,467.1
3/2/2026 14:50,31.1,28.8,550.3,44.6,30,524.6
3/2/2026 14:55,31.1,28.8,550.3,44.6,30,524.6
3/2/2026 15:00,31.1,28.8,550.3,44.6,30,524.6
3/2/2026 15:05,32.1,29.6,796.2,47.3,29.6,885.4
3/2/2026 15:10,32.1,29.6,796.2,47.3,29.6,885.4
3/2/2026 15:15,32.1,29.6,796.2,47.3,29.6,885.4
3/2/2026 15:20,31.5,29.4,483.6,43.3,29.3,841.8
3/2/2026 15:25,31.5,29.4,483.6,43.3,29.3,841.8
3/2/2026 15:30,31.5,29.4,483.6,43.3,29.3,841.8
3/2/2026 15:35,31.6,29.8,724.1,46.7,30,792.8
3/2/2026 15:40,31.6,29.8,724.1,46.7,30,792.8
3/2/2026 15:45,31.6,29.8,724.1,46.7,30,792.8
3/2/2026 15:50,32.1,30.3,622.9,45.1,29.8,735.3
3/2/2026 15:55,32.1,30.3,622.9,45.1,29.8,735.3
3/2/2026 16:00,32.1,30.3,622.9,45.1,29.8,735.3
3/2/2026 16:05,32.7,31.8,604.2,45.5,31,725.6
3/2/2026 16:10,32.7,31.8,604.2,45.5,31,725.6
3/2/2026 16:15,32.7,31.8,604.2,45.5,31,725.6
3/2/2026 16:20,31.5,31,334.7,44,30.6,574.2
3/2/2026 16:25,31.5,31,334.7,44,30.6,574.2
3/2/2026 16:30,31.5,31,334.7,44,30.6,574.2
3/2/2026 16:35,31.5,30.2,425.5,42.6,29.9,572.5
3/2/2026 16:40,31.5,30.2,425.5,42.6,29.9,572.5
3/2/2026 16:45,31.5,30.2,425.5,42.6,29.9,572.5
3/2/2026 16:50,30.3,29.8,363.8,40.5,29.6,481.6
3/2/2026 16:55,30.3,29.8,363.8,40.5,29.6,481.6
3/2/2026 17:00,30.3,29.8,363.8,40.5,29.6,481.6
3/2/2026 17:05,29.6,30,323.2,38.6,29.8,441.1
3/2/2026 17:10,29.6,30,323.2,38.6,29.8,441.1
3/2/2026 17:15,29.6,30,323.2,38.6,29.8,441.1
3/2/2026 17:20,29.3,29.6,267.5,37.9,30.1,396.9
3/2/2026 17:25,29.3,29.6,267.5,37.9,30.1,396.9
3/2/2026 17:30,29.3,29.6,267.5,37.9,30.1,396.9
3/2/2026 17:35,29.2,29.3,214.2,36,29.7,315.8
3/2/2026 17:40,29.2,29.3,214.2,36,29.7,315.8
3/2/2026 17:45,29.2,29.3,214.2,36,29.7,315.8
3/2/2026 17:50,28.4,28.4,93.7,34.3,29.1,240.7
3/2/2026 17:55,28.4,28.4,93.7,34.3,29.1,240.7
3/2/2026 18:00,28.4,28.4,93.7,34.3,29.1,240.7
3/2/2026 18:05,27.9,28.5,161.5,32.4,28,206.9
3/2/2026 18:10,27.9,28.5,161.5,32.4,28,206.9
3/2/2026 18:15,27.9,28.5,161.5,32.4,28,206.9
3/2/2026 18:20,27.4,28.1,94.9,29.8,27.8,96.7
3/2/2026 18:25,27.4,28.1,94.9,29.8,27.8,96.7
3/2/2026 18:30,27.4,28.1,94.9,29.8,27.8,96.7
3/2/2026 18:35,27,27.7,73.1,28.9,28.2,70
3/2/2026 18:40,27,27.7,73.1,28.9,28.2,70
3/2/2026 18:45,27,27.7,73.1,28.9,28.2,70
3/2/2026 18:50,26.6,27.1,37.4,27.3,27.4,36.1
3/2/2026 18:55,26.6,27.1,37.4,27.3,27.4,36.1
3/2/2026 19:00,26.6,27.1,37.4,27.3,27.4,36.1
3/2/2026 19:05,26.1,26.5,7,26.1,26.5,6.5
3/2/2026 19:10,26.1,26.5,7,26.1,26.5,6.5
3/2/2026 19:15,26.1,26.5,7,26.1,26.5,6.5
3/2/2026 19:20,25.6,25.7,0,24.5,25.8,0
3/2/2026 19:25,25.6,25.7,0,24.5,25.8,0
3/2/2026 19:30,25.6,25.7,0,24.5,25.8,0
3/2/2026 19:35,25.3,25.5,0,23.6,25.3,0
3/2/2026 19:40,25.3,25.5,0,23.6,25.3,0
3/2/2026 19:45,25.3,25.5,0,23.6,25.3,0
3/2/2026 19:50,24.9,25.1,0,23,25,0
3/2/2026 19:55,24.9,25.1,0,23,25,0
3/2/2026 20:00,24.9,25.1,0,23,25,0
3/2/2026 20:05,24.9,25.1,0,22.5,24.8,0
3/2/2026 20:10,24.9,25.1,0,22.5,24.8,0
3/2/2026 20:15,24.9,25.1,0,22.5,24.8,0
3/2/2026 20:20,24.9,25.1,0,22.3,24.6,0
3/2/2026 20:25,24.9,25.1,0,22.3,24.6,0
3/2/2026 20:30,24.9,25.1,0,22.3,24.6,0
3/2/2026 20:35,24.9,25.1,0,22.3,24.4,0
3/2/2026 20:40,--,--,--,22.3,24.4,0
3/2/2026 20:45,--,--,--,22.3,24.4,0
3/2/2026 20:50,--,--,--,22.1,24.4,0
3/2/2026 20:55,--,--,--,22.1,24.4,0
3/2/2026 21:00,--,--,--,22.1,24.4,0
3/2/2026 21:05,--,--,--,22.2,24.5,0
3/2/2026 21:10,--,--,--,22.2,24.5,0
3/2/2026 21:15,--,--,--,22.2,24.5,0
3/2/2026 21:20,--,--,--,22.3,24.3,0
3/2/2026 21:25,--,--,--,22.3,24.3,0
3/2/2026 21:30,--,--,--,22.3,24.3,0
3/2/2026 21:35,--,--,--,22.4,24.3,0
3/2/2026 21:40,--,--,--,22.4,24.3,0
3/2/2026 21:45,--,--,--,22.4,24.3,0
3/2/2026 21:50,--,--,--,22.1,24,0
3/2/2026 21:55,--,--,--,22.1,24,0
3/2/2026 22:00,--,--,--,22.1,24,0
3/2/2026 22:05,--,--,--,22,23.8,0
3/2/2026 22:10,--,--,--,22,23.8,0
3/2/2026 22:15,--,--,--,22,23.8,0
3/2/2026 22:20,--,--,--,21.7,23.7,0
3/2/2026 22:25,--,--,--,21.7,23.7,0
3/2/2026 22:30,--,--,--,21.7,23.7,0
3/2/2026 22:35,--,--,--,21.6,23.6,0
3/2/2026 22:40,--,--,--,21.6,23.6,0
3/2/2026 22:45,--,--,--,21.6,23.6,0
3/2/2026 22:50,--,--,--,21.9,23.6,0
3/2/2026 22:55,--,--,--,21.9,23.6,0
3/2/2026 23:00,--,--,--,21.9,23.6,0
3/2/2026 23:05,--,--,--,21.8,23.6,0
3/2/2026 23:10,--,--,--,21.8,23.6,0
3/2/2026 23:15,--,--,--,21.8,23.6,0
3/2/2026 23:20,--,--,--,21.8,23.5,0
3/2/2026 23:25,--,--,--,21.8,23.5,0
3/2/2026 23:30,--,--,--,21.8,23.5,0
3/2/2026 23:35,--,--,--,22,23.5,0
3/2/2026 23:40,--,--,--,22,23.5,0
3/2/2026 23:45,--,--,--,22,23.5,0
3/2/2026 23:50,--,--,--,22.3,23.6,0
3/2/2026 23:55,--,--,--,22.3,23.6,0
